Order_ID,Customer_Age,Food_Category,Order_Amount,Location,Order_Time,Delivery_Time_Min,Payment_Method,Restaurant,Discount,Rating
100001,31,Fast Food,366,Madurai,Dinner,38,UPI,Dominos,20,5
100002,56,Fast Food,406,Chennai,Evening,41,UPI,Saravana Bhavan,100,4
100003,42,Biryani,356,Coimbatore,Late Night,42,Cash on Delivery,Burger King,20,4
100004,37,South Indian,343,Bangalore,Lunch,45,UPI,KFC,30,4
100005,25,South Indian,219,Coimbatore,Dinner,31,UPI,Hotel Aryaas,0,5
100006,25,Pizza,466,Madurai,Dinner,33,Credit Card,Hotel Aryaas,50,4
100007,21,Biryani,410,Salem,Dinner,42,UPI,A2B,50,4
100008,49,Chinese,290,Chennai,Evening,34,Cash on Delivery,Local Kitchen,20,4
100009,37,Pizza,523,Madurai,Dinner,28,UPI,Chinese Wok,50,5
100010,41,Chinese,739,Chennai,Lunch,26,Debit Card,Chinese Wok,0,5
100011,19,Pizza,326,Coimbatore,Evening,41,Debit Card,Anjappar,50,4
100012,58,Chinese,330,Chennai,Dinner,31,Cash on Delivery,Hotel Aryaas,30,4
100013,46,North Indian,682,Chennai,Late Night,29,UPI,Chinese Wok,20,5
100014,27,Fast Food,423,Coimbatore,Dinner,39,UPI,A2B,50,5
100015,26,South Indian,240,Coimbatore,Evening,27,Credit Card,Local Kitchen,30,5
100016,26,Biryani,827,Trichy,Dinner,28,Debit Card,Saravana Bhavan,30,4
100017,29,Biryani,192,Madurai,Breakfast,34,UPI,Local Kitchen,0,4
100018,35,Fast Food,229,Salem,Lunch,29,UPI,Chinese Wok,75,4
100019,32,Biryani,297,Bangalore,Dinner,48,UPI,Chinese Wok,20,3
100020,29,Fast Food,573,Chennai,Lunch,39,UPI,Anjappar,20,4
100021,38,Biryani,591,Coimbatore,Late Night,35,Debit Card,A2B,0,4
100022,25,Biryani,275,Coimbatore,Evening,48,Credit Card,KFC,100,3
100023,29,North Indian,334,Coimbatore,Evening,35,Credit Card,Saravana Bhavan,30,4
100024,31,Biryani,498,Bangalore,Dinner,45,UPI,Hotel Aryaas,30,3
100025,33,Chinese,735,Bangalore,Dinner,24,Wallet,A2B,100,5
100026,44,Biryani,188,Coimbatore,Evening,28,Cash on Delivery,Anjappar,20,4
100027,26,North Indian,233,Chennai,Lunch,24,UPI,SS Hyderabad Biryani,0,4
100028,34,North Indian,371,Chennai,Dinner,39,UPI,Hotel Aryaas,0,5
100029,37,Chinese,260,Chennai,Lunch,19,Debit Card,Local Kitchen,50,5
100030,20,Chinese,667,Chennai,Lunch,37,Credit Card,Saravana Bhavan,0,4
100031,37,Biryani,434,Madurai,Dinner,29,Debit Card,Dominos,0,4
100032,25,North Indian,644,Chennai,Breakfast,35,Debit Card,Burger King,30,5
100033,21,Pizza,500,Madurai,Late Night,34,UPI,Hotel Aryaas,30,5
100034,56,North Indian,565,Coimbatore,Dinner,40,UPI,Hotel Aryaas,30,4
100035,58,Chinese,349,Chennai,Late Night,56,UPI,Hotel Aryaas,0,4
100036,45,Fast Food,222,Trichy,Lunch,54,Wallet,Chinese Wok,0,4
100037,29,North Indian,415,Bangalore,Late Night,42,Debit Card,KFC,50,4
100038,23,Fast Food,614,Chennai,Lunch,31,Cash on Delivery,A2B,30,5
100039,40,South Indian,818,Trichy,Breakfast,36,UPI,Local Kitchen,20,4
100040,32,Biryani,405,Chennai,Breakfast,30,Credit Card,SS Hyderabad Biryani,0,4
100041,24,North Indian,574,Chennai,Evening,27,Debit Card,Anjappar,75,4
100042,34,Biryani,347,Madurai,Breakfast,15,UPI,SS Hyderabad Biryani,0,4
100043,19,Fast Food,383,Madurai,Evening,32,Debit Card,Local Kitchen,30,4
100044,53,South Indian,431,Coimbatore,Lunch,37,Credit Card,A2B,30,4
100045,28,Pizza,759,Chennai,Lunch,40,Wallet,Hotel Aryaas,75,4
100046,39,South Indian,566,Trichy,Dinner,35,UPI,Burger King,0,4
100047,29,Fast Food,536,Coimbatore,Lunch,27,Credit Card,Anjappar,20,5
100048,35,Biryani,743,Chennai,Dinner,29,Wallet,Anjappar,100,5
100049,35,Chinese,333,Bangalore,Dinner,43,Debit Card,Local Kitchen,30,5
100050,26,North Indian,403,Salem,Late Night,17,UPI,Hotel Aryaas,20,5
100051,58,Pizza,538,Chennai,Evening,29,UPI,Local Kitchen,20,4
100052,44,South Indian,363,Madurai,Late Night,34,Wallet,Hotel Aryaas,0,4
100053,55,North Indian,397,Bangalore,Dinner,30,UPI,Chinese Wok,0,5
100054,51,Fast Food,483,Coimbatore,Late Night,19,Wallet,Dominos,50,5
100055,37,South Indian,437,Madurai,Breakfast,43,UPI,Hotel Aryaas,0,4
100056,54,South Indian,303,Salem,Dinner,46,Cash on Delivery,Local Kitchen,0,4
100057,22,South Indian,346,Chennai,Dinner,24,Credit Card,Anjappar,20,5
100058,26,Pizza,302,Chennai,Breakfast,15,Cash on Delivery,KFC,50,5
100059,20,South Indian,574,Salem,Dinner,54,UPI,Chinese Wok,20,4
100060,29,Fast Food,342,Bangalore,Dinner,30,Cash on Delivery,Anjappar,0,5
100061,31,Fast Food,539,Coimbatore,Dinner,24,UPI,Saravana Bhavan,30,4
100062,28,Biryani,469,Bangalore,Breakfast,33,Credit Card,Saravana Bhavan,20,4
100063,46,South Indian,441,Madurai,Dinner,37,Cash on Delivery,A2B,30,5
100064,30,Fast Food,285,Madurai,Breakfast,28,UPI,Chinese Wok,75,4
100065,28,Biryani,467,Salem,Dinner,35,Debit Card,Anjappar,0,5
100066,35,Chinese,519,Coimbatore,Breakfast,33,UPI,Dominos,20,4
100067,25,Chinese,575,Coimbatore,Lunch,27,Credit Card,Saravana Bhavan,100,4
100068,45,Chinese,301,Bangalore,Lunch,18,Credit Card,A2B,50,4
100069,21,South Indian,408,Coimbatore,Dinner,47,UPI,SS Hyderabad Biryani,20,4
100070,59,North Indian,630,Bangalore,Late Night,40,UPI,SS Hyderabad Biryani,0,5
100071,43,North Indian,604,Coimbatore,Lunch,26,UPI,KFC,100,5
100072,26,Pizza,431,Chennai,Lunch,38,UPI,Dominos,0,5
100073,18,Chinese,282,Coimbatore,Evening,25,UPI,A2B,20,3
100074,45,Fast Food,587,Madurai,Dinner,34,Credit Card,Chinese Wok,20,4
100075,41,North Indian,444,Madurai,Evening,40,Debit Card,SS Hyderabad Biryani,0,3
100076,42,Fast Food,321,Coimbatore,Lunch,39,Credit Card,Hotel Aryaas,0,4
100077,43,Biryani,413,Chennai,Dinner,30,Credit Card,Local Kitchen,20,4
100078,21,South Indian,284,Coimbatore,Lunch,42,Credit Card,Anjappar,20,4
100079,30,Biryani,585,Madurai,Evening,34,UPI,Burger King,100,4
100080,24,North Indian,242,Coimbatore,Lunch,29,Cash on Delivery,A2B,30,5
100081,49,South Indian,646,Madurai,Dinner,51,UPI,Chinese Wok,75,4
100082,38,South Indian,489,Bangalore,Late Night,23,UPI,Local Kitchen,0,3
100083,30,Chinese,286,Chennai,Dinner,38,UPI,Hotel Aryaas,0,5
100084,21,South Indian,400,Madurai,Evening,48,Debit Card,KFC,0,4
100085,29,Biryani,385,Chennai,Evening,17,UPI,Saravana Bhavan,20,5
100086,29,South Indian,328,Bangalore,Lunch,50,UPI,A2B,75,3
100087,42,Chinese,473,Chennai,Dinner,51,UPI,Dominos,20,4
100088,38,Fast Food,747,Chennai,Dinner,29,UPI,KFC,30,5
100089,51,Chinese,338,Bangalore,Late Night,37,Debit Card,Burger King,75,5
100090,33,Fast Food,457,Coimbatore,Lunch,27,Debit Card,Saravana Bhavan,30,5
100091,24,Fast Food,446,Madurai,Dinner,26,UPI,KFC,30,5
100092,41,Biryani,471,Madurai,Dinner,23,UPI,KFC,30,4
100093,43,Fast Food,196,Madurai,Lunch,51,Credit Card,Dominos,20,4
100094,36,Pizza,663,Coimbatore,Dinner,32,Wallet,Saravana Bhavan,20,4
100095,43,Pizza,987,Bangalore,Late Night,20,Credit Card,KFC,75,5
100096,34,Fast Food,443,Bangalore,Late Night,44,Debit Card,Local Kitchen,20,4
100097,35,South Indian,570,Coimbatore,Dinner,41,Credit Card,KFC,20,4
100098,32,Chinese,512,Bangalore,Breakfast,38,UPI,Chinese Wok,0,5
100099,19,Fast Food,298,Salem,Dinner,27,Wallet,A2B,30,5
100100,23,Biryani,431,Chennai,Dinner,30,UPI,KFC,0,4
100101,19,North Indian,347,Trichy,Lunch,55,Debit Card,Burger King,20,4
100102,38,South Indian,416,Chennai,Lunch,38,Wallet,Hotel Aryaas,100,3
100103,29,North Indian,451,Coimbatore,Lunch,29,UPI,Dominos,75,5
100104,34,Fast Food,463,Coimbatore,Breakfast,41,UPI,Chinese Wok,30,4
100105,52,Chinese,337,Bangalore,Dinner,42,Credit Card,A2B,50,4
100106,27,Fast Food,463,Chennai,Lunch,52,Debit Card,A2B,0,5
100107,32,Fast Food,422,Trichy,Breakfast,35,Wallet,Hotel Aryaas,0,5
100108,43,South Indian,644,Trichy,Evening,41,Debit Card,SS Hyderabad Biryani,30,5
100109,27,Fast Food,560,Bangalore,Evening,39,UPI,A2B,75,4
100110,22,Biryani,600,Coimbatore,Lunch,27,Credit Card,Hotel Aryaas,75,4
100111,29,Fast Food,616,Salem,Breakfast,20,Debit Card,KFC,30,5
100112,25,Biryani,318,Trichy,Lunch,40,Debit Card,SS Hyderabad Biryani,100,4
100113,54,Chinese,551,Coimbatore,Dinner,41,UPI,Dominos,0,5
100114,45,South Indian,313,Madurai,Breakfast,15,Credit Card,Saravana Bhavan,50,4
100115,38,Biryani,711,Bangalore,Dinner,39,Wallet,SS Hyderabad Biryani,20,5
100116,49,Biryani,547,Bangalore,Lunch,33,Debit Card,Burger King,100,4
100117,45,Biryani,306,Coimbatore,Lunch,38,UPI,SS Hyderabad Biryani,20,4
100118,26,South Indian,469,Coimbatore,Evening,29,UPI,Anjappar,20,4
100119,51,Biryani,331,Chennai,Lunch,49,UPI,Hotel Aryaas,30,5
100120,35,Chinese,376,Coimbatore,Lunch,44,Debit Card,A2B,20,4
100121,45,Biryani,496,Madurai,Lunch,20,Credit Card,Local Kitchen,20,5
100122,51,Fast Food,360,Salem,Lunch,24,UPI,Anjappar,30,4
100123,29,North Indian,404,Salem,Dinner,35,Debit Card,Dominos,75,4
100124,23,Chinese,621,Bangalore,Breakfast,28,Cash on Delivery,A2B,50,5
100125,27,Biryani,417,Bangalore,Dinner,45,UPI,Anjappar,20,3
100126,32,Pizza,319,Chennai,Dinner,24,UPI,Local Kitchen,20,5
100127,45,South Indian,233,Madurai,Dinner,45,Debit Card,A2B,0,5
100128,48,Pizza,561,Chennai,Lunch,15,Credit Card,Chinese Wok,75,4
100129,18,South Indian,558,Coimbatore,Dinner,30,Debit Card,KFC,75,4
100130,34,Chinese,470,Bangalore,Lunch,48,Credit Card,Saravana Bhavan,0,5
100131,32,North Indian,932,Coimbatore,Lunch,33,UPI,Anjappar,50,5
100132,27,Fast Food,398,Chennai,Breakfast,34,Wallet,A2B,75,5
100133,24,Chinese,647,Trichy,Late Night,42,Debit Card,Local Kitchen,50,4
100134,30,South Indian,348,Coimbatore,Lunch,39,UPI,A2B,20,4
100135,56,Biryani,573,Chennai,Late Night,33,Cash on Delivery,Chinese Wok,20,5
100136,29,Biryani,303,Chennai,Lunch,47,Wallet,KFC,20,5
100137,34,Biryani,568,Chennai,Late Night,35,UPI,Dominos,30,4
100138,41,Chinese,405,Chennai,Late Night,39,Cash on Delivery,A2B,75,4
100139,30,South Indian,526,Madurai,Late Night,43,UPI,Saravana Bhavan,50,5
100140,58,South Indian,477,Coimbatore,Evening,15,UPI,Local Kitchen,30,5
100141,57,Biryani,555,Trichy,Dinner,27,UPI,Local Kitchen,75,4
100142,28,South Indian,227,Chennai,Late Night,28,UPI,Dominos,0,5
100143,34,North Indian,421,Coimbatore,Lunch,41,Credit Card,Local Kitchen,20,5
100144,29,Fast Food,633,Madurai,Evening,51,Debit Card,A2B,20,4
100145,28,Chinese,666,Bangalore,Dinner,15,Cash on Delivery,A2B,30,5
100146,19,Pizza,518,Bangalore,Lunch,30,UPI,Burger King,100,4
100147,37,Pizza,642,Salem,Dinner,45,Credit Card,Chinese Wok,30,5
100148,34,South Indian,414,Chennai,Breakfast,17,Credit Card,KFC,20,4
100149,20,Pizza,151,Coimbatore,Evening,38,Credit Card,Saravana Bhavan,50,5
100150,28,Fast Food,353,Trichy,Lunch,39,Debit Card,A2B,100,4
100151,53,Pizza,457,Chennai,Lunch,39,Credit Card,A2B,30,5
100152,27,Fast Food,479,Chennai,Lunch,23,Credit Card,KFC,20,5
100153,25,Fast Food,507,Chennai,Dinner,34,Cash on Delivery,KFC,50,4
100154,34,Biryani,444,Bangalore,Lunch,22,Cash on Delivery,SS Hyderabad Biryani,30,5
100155,59,Pizza,447,Chennai,Dinner,45,Credit Card,SS Hyderabad Biryani,30,4
100156,27,Fast Food,581,Chennai,Dinner,23,UPI,KFC,100,5
100157,40,Fast Food,328,Coimbatore,Evening,34,Wallet,Saravana Bhavan,20,5
100158,43,Fast Food,477,Bangalore,Lunch,55,Credit Card,Chinese Wok,20,3
100159,27,North Indian,518,Chennai,Lunch,45,Debit Card,Saravana Bhavan,30,3
100160,42,Pizza,360,Coimbatore,Evening,16,UPI,Hotel Aryaas,30,5
100161,31,South Indian,402,Bangalore,Breakfast,31,Cash on Delivery,Hotel Aryaas,20,5
100162,38,South Indian,756,Salem,Dinner,35,Debit Card,Chinese Wok,20,5
100163,38,South Indian,469,Bangalore,Late Night,32,Debit Card,A2B,30,5
100164,35,Fast Food,1046,Madurai,Lunch,38,UPI,A2B,0,4
100165,22,North Indian,456,Coimbatore,Dinner,40,Debit Card,Hotel Aryaas,20,4
100166,46,Biryani,592,Chennai,Late Night,52,UPI,Chinese Wok,75,4
100167,29,Fast Food,266,Coimbatore,Dinner,29,UPI,Saravana Bhavan,75,4
100168,26,Fast Food,227,Trichy,Dinner,41,UPI,SS Hyderabad Biryani,20,4
100169,20,South Indian,314,Coimbatore,Dinner,32,UPI,SS Hyderabad Biryani,75,4
100170,37,South Indian,620,Trichy,Lunch,50,UPI,KFC,0,4
100171,40,South Indian,405,Salem,Dinner,38,Debit Card,Chinese Wok,0,4
100172,18,Biryani,262,Chennai,Late Night,34,Cash on Delivery,Burger King,30,5
100173,34,South Indian,453,Chennai,Evening,31,UPI,Saravana Bhavan,50,5
100174,27,Fast Food,597,Chennai,Evening,25,Cash on Delivery,KFC,20,5
100175,39,Biryani,326,Coimbatore,Evening,43,Credit Card,Dominos,100,3
100176,26,Biryani,611,Chennai,Lunch,26,Wallet,Hotel Aryaas,30,4
100177,40,Pizza,285,Trichy,Lunch,15,UPI,Burger King,100,5
100178,31,South Indian,592,Chennai,Dinner,24,UPI,KFC,0,4
100179,55,Chinese,652,Coimbatore,Dinner,36,Cash on Delivery,KFC,30,5
100180,25,Chinese,352,Chennai,Evening,22,UPI,Saravana Bhavan,20,5
100181,30,Chinese,687,Salem,Breakfast,26,Credit Card,Chinese Wok,75,5
100182,23,South Indian,739,Bangalore,Dinner,15,Credit Card,Burger King,0,5
100183,54,Fast Food,509,Salem,Lunch,26,Cash on Delivery,SS Hyderabad Biryani,50,4
100184,50,Fast Food,361,Salem,Lunch,51,UPI,Hotel Aryaas,0,3
100185,28,Chinese,1071,Coimbatore,Dinner,28,Credit Card,Hotel Aryaas,75,4
100186,39,South Indian,343,Chennai,Evening,33,UPI,KFC,30,3
100187,45,Pizza,778,Chennai,Breakfast,56,UPI,Local Kitchen,0,4
100188,35,Pizza,888,Chennai,Evening,37,UPI,A2B,75,3
100189,35,Biryani,516,Madurai,Dinner,37,Wallet,Burger King,30,4
100190,27,Biryani,303,Chennai,Dinner,24,UPI,Anjappar,0,5
100191,22,Chinese,501,Chennai,Evening,36,Credit Card,Burger King,0,5
100192,52,Fast Food,943,Bangalore,Lunch,51,Credit Card,Dominos,20,4
100193,52,Biryani,360,Bangalore,Dinner,22,Debit Card,KFC,50,5
100194,38,Pizza,434,Bangalore,Dinner,32,Credit Card,Burger King,20,4
100195,30,Fast Food,212,Coimbatore,Dinner,22,Credit Card,Burger King,30,3
100196,30,North Indian,435,Trichy,Dinner,50,UPI,Dominos,0,3
100197,42,Chinese,564,Bangalore,Evening,22,Debit Card,Local Kitchen,50,5
100198,52,Pizza,316,Chennai,Dinner,27,Credit Card,Saravana Bhavan,20,5
100199,51,Biryani,766,Madurai,Dinner,22,UPI,Local Kitchen,20,5
100200,44,Fast Food,273,Salem,Dinner,20,Cash on Delivery,KFC,30,4
100201,39,South Indian,362,Chennai,Late Night,35,Debit Card,Hotel Aryaas,50,5
100202,22,Biryani,710,Coimbatore,Evening,30,Credit Card,Local Kitchen,0,4
100203,25,Fast Food,423,Coimbatore,Late Night,38,Credit Card,Dominos,0,5
100204,52,Fast Food,831,Chennai,Dinner,40,UPI,A2B,0,5
100205,37,Biryani,234,Trichy,Dinner,17,Cash on Delivery,Burger King,75,4
100206,18,Biryani,393,Coimbatore,Breakfast,37,UPI,Chinese Wok,75,5
100207,23,Pizza,506,Madurai,Dinner,25,UPI,Local Kitchen,30,3
100208,39,Biryani,929,Bangalore,Dinner,35,Cash on Delivery,KFC,0,4
100209,18,Biryani,471,Bangalore,Lunch,37,Credit Card,Local Kitchen,50,4
100210,25,Chinese,547,Chennai,Dinner,31,UPI,Hotel Aryaas,75,5
100211,35,North Indian,445,Chennai,Dinner,47,Debit Card,A2B,75,4
100212,40,Fast Food,429,Chennai,Lunch,20,Wallet,Local Kitchen,75,5
100213,39,Biryani,360,Chennai,Evening,23,UPI,Anjappar,20,5
100214,27,South Indian,522,Coimbatore,Dinner,36,UPI,Anjappar,30,5
100215,41,North Indian,406,Trichy,Evening,55,Credit Card,A2B,30,4
100216,27,Pizza,559,Coimbatore,Breakfast,25,UPI,Burger King,30,4
100217,29,Chinese,468,Madurai,Breakfast,33,Debit Card,A2B,30,4
100218,43,Fast Food,391,Coimbatore,Lunch,46,Credit Card,SS Hyderabad Biryani,0,3
100219,39,South Indian,770,Madurai,Lunch,43,Credit Card,SS Hyderabad Biryani,75,5
100220,47,Biryani,348,Salem,Lunch,40,UPI,Saravana Bhavan,0,3
100221,39,Chinese,214,Chennai,Dinner,27,UPI,KFC,0,4
100222,36,Chinese,366,Trichy,Dinner,34,UPI,Saravana Bhavan,0,5
100223,22,North Indian,205,Bangalore,Dinner,34,UPI,A2B,75,4
100224,31,Fast Food,413,Trichy,Breakfast,44,Debit Card,Anjappar,100,3
100225,28,Biryani,746,Bangalore,Evening,33,UPI,Saravana Bhavan,20,5
100226,27,South Indian,754,Coimbatore,Lunch,48,UPI,Local Kitchen,0,5
100227,58,Chinese,378,Chennai,Dinner,33,UPI,Local Kitchen,0,5
100228,31,Pizza,542,Chennai,Dinner,35,Wallet,Anjappar,75,5
100229,51,Biryani,586,Bangalore,Dinner,33,UPI,Dominos,20,4
100230,38,Fast Food,267,Salem,Breakfast,32,UPI,KFC,30,5
100231,44,South Indian,676,Madurai,Dinner,33,UPI,A2B,20,5
100232,34,Fast Food,283,Coimbatore,Dinner,34,Wallet,Burger King,75,4
100233,36,Pizza,388,Trichy,Dinner,18,UPI,Burger King,75,5
100234,34,South Indian,306,Madurai,Evening,31,Credit Card,Burger King,75,5
100235,26,Pizza,504,Coimbatore,Dinner,51,UPI,Saravana Bhavan,20,4
100236,42,South Indian,335,Chennai,Breakfast,16,UPI,Local Kitchen,0,5
100237,28,Pizza,361,Chennai,Dinner,32,UPI,Dominos,30,4
100238,19,Fast Food,626,Trichy,Lunch,28,Credit Card,KFC,0,5
100239,39,Pizza,376,Trichy,Breakfast,37,Debit Card,Burger King,20,5
100240,26,Fast Food,447,Coimbatore,Breakfast,39,Debit Card,Dominos,100,5
100241,55,South Indian,281,Coimbatore,Late Night,35,Cash on Delivery,Saravana Bhavan,75,4
100242,57,Biryani,253,Madurai,Lunch,15,UPI,Local Kitchen,20,5
100243,53,South Indian,479,Salem,Dinner,15,UPI,A2B,20,5
100244,31,Fast Food,370,Madurai,Late Night,15,Debit Card,Local Kitchen,30,5
100245,18,Fast Food,820,Bangalore,Late Night,33,UPI,KFC,50,4
100246,54,North Indian,968,Chennai,Dinner,18,Wallet,Hotel Aryaas,0,5
100247,32,Biryani,290,Bangalore,Dinner,15,Wallet,Hotel Aryaas,75,4
100248,58,Pizza,256,Chennai,Lunch,25,UPI,Local Kitchen,0,5
100249,57,North Indian,828,Trichy,Lunch,27,Debit Card,Chinese Wok,30,5
100250,48,Biryani,528,Coimbatore,Dinner,33,UPI,Burger King,30,3
100251,29,Chinese,474,Trichy,Evening,34,UPI,Local Kitchen,20,4
100252,31,Fast Food,265,Coimbatore,Breakfast,35,Cash on Delivery,SS Hyderabad Biryani,30,5
100253,48,Biryani,937,Trichy,Dinner,42,Credit Card,Chinese Wok,75,4
100254,29,Fast Food,330,Coimbatore,Dinner,31,UPI,Dominos,20,5
100255,25,North Indian,594,Coimbatore,Dinner,41,UPI,Saravana Bhavan,75,3
100256,35,Biryani,583,Bangalore,Dinner,31,UPI,Anjappar,0,4
100257,55,South Indian,248,Chennai,Dinner,30,UPI,A2B,30,4
100258,41,South Indian,351,Salem,Evening,28,Debit Card,Chinese Wok,20,5
100259,36,Pizza,272,Bangalore,Evening,34,Debit Card,A2B,100,4
100260,23,Biryani,217,Bangalore,Late Night,41,Debit Card,Anjappar,0,3
100261,38,Chinese,413,Trichy,Lunch,40,UPI,Hotel Aryaas,0,4
100262,60,Chinese,283,Trichy,Evening,40,UPI,KFC,75,5
100263,25,Chinese,331,Bangalore,Dinner,37,UPI,KFC,50,4
100264,34,North Indian,262,Salem,Evening,22,Wallet,Hotel Aryaas,0,4
100265,50,Pizza,394,Chennai,Lunch,62,UPI,Saravana Bhavan,100,3
100266,42,Biryani,817,Chennai,Lunch,21,UPI,Burger King,75,5
100267,41,South Indian,500,Bangalore,Lunch,35,UPI,SS Hyderabad Biryani,0,3
100268,41,Fast Food,367,Coimbatore,Lunch,64,UPI,KFC,50,4
100269,30,Fast Food,435,Coimbatore,Dinner,43,Cash on Delivery,SS Hyderabad Biryani,20,4
100270,29,South Indian,487,Coimbatore,Evening,27,UPI,A2B,30,4
100271,45,Fast Food,490,Coimbatore,Lunch,46,Debit Card,Saravana Bhavan,50,5
100272,45,South Indian,400,Trichy,Evening,36,Wallet,Local Kitchen,30,5
100273,49,North Indian,344,Bangalore,Lunch,26,Cash on Delivery,Hotel Aryaas,0,5
100274,53,Biryani,593,Salem,Late Night,36,UPI,Dominos,30,5
100275,34,North Indian,296,Madurai,Evening,30,UPI,Burger King,0,5
100276,34,South Indian,596,Chennai,Late Night,32,Debit Card,KFC,20,5
100277,44,Chinese,379,Chennai,Lunch,34,Wallet,Hotel Aryaas,20,5
100278,39,Pizza,679,Coimbatore,Dinner,41,Debit Card,Burger King,0,4
100279,41,Fast Food,310,Trichy,Lunch,43,UPI,SS Hyderabad Biryani,0,5
100280,44,South Indian,308,Chennai,Breakfast,27,UPI,Anjappar,50,5
100281,51,Fast Food,453,Chennai,Breakfast,38,Credit Card,Chinese Wok,30,5
100282,30,Fast Food,329,Trichy,Dinner,31,UPI,KFC,100,5
100283,31,North Indian,831,Bangalore,Lunch,42,UPI,Local Kitchen,100,5
100284,22,Pizza,347,Chennai,Evening,24,Credit Card,SS Hyderabad Biryani,0,4
100285,36,Biryani,319,Chennai,Dinner,34,Credit Card,Chinese Wok,75,4
100286,19,Biryani,520,Trichy,Lunch,16,UPI,Hotel Aryaas,20,5
100287,33,South Indian,197,Trichy,Lunch,41,UPI,Local Kitchen,0,4
100288,35,Biryani,225,Chennai,Dinner,52,UPI,Chinese Wok,30,4
100289,28,South Indian,853,Coimbatore,Evening,49,UPI,Saravana Bhavan,20,5
100290,37,Biryani,557,Trichy,Dinner,42,Cash on Delivery,Saravana Bhavan,30,5
100291,19,South Indian,488,Madurai,Evening,40,Debit Card,KFC,30,5
100292,19,Biryani,336,Trichy,Evening,55,UPI,A2B,20,5
100293,45,Fast Food,422,Bangalore,Lunch,28,Debit Card,Chinese Wok,30,5
100294,30,Chinese,351,Salem,Late Night,31,UPI,SS Hyderabad Biryani,30,4
100295,24,South Indian,375,Coimbatore,Dinner,48,Debit Card,Saravana Bhavan,30,5
100296,35,North Indian,616,Chennai,Late Night,33,UPI,Burger King,100,5
100297,43,Pizza,507,Madurai,Evening,25,UPI,Local Kitchen,30,5
100298,27,Fast Food,388,Bangalore,Dinner,19,UPI,Anjappar,20,5
100299,38,Biryani,242,Trichy,Evening,26,UPI,Anjappar,0,4
100300,22,Pizza,991,Chennai,Evening,52,UPI,Saravana Bhavan,30,3
100301,20,North Indian,300,Trichy,Dinner,33,Debit Card,Anjappar,30,5
100302,35,Pizza,618,Coimbatore,Lunch,26,UPI,Dominos,30,4
100303,35,Biryani,347,Bangalore,Lunch,33,Credit Card,Local Kitchen,30,5
100304,38,North Indian,473,Chennai,Lunch,37,Debit Card,KFC,20,3
100305,42,Fast Food,320,Bangalore,Dinner,15,Debit Card,A2B,100,5
100306,58,Chinese,343,Madurai,Evening,25,UPI,Burger King,30,5
100307,34,North Indian,334,Coimbatore,Evening,19,UPI,A2B,0,5
100308,29,Fast Food,461,Chennai,Late Night,49,Cash on Delivery,Saravana Bhavan,0,4
100309,44,North Indian,336,Bangalore,Evening,33,Credit Card,Dominos,30,4
100310,28,Fast Food,454,Trichy,Lunch,32,Debit Card,Saravana Bhavan,50,5
100311,32,North Indian,713,Coimbatore,Dinner,32,UPI,Hotel Aryaas,0,5
100312,22,Fast Food,291,Chennai,Dinner,23,UPI,Hotel Aryaas,30,4
100313,19,North Indian,291,Chennai,Breakfast,39,Credit Card,KFC,100,4
100314,57,Biryani,775,Salem,Dinner,52,UPI,Anjappar,30,4
100315,46,Chinese,562,Coimbatore,Breakfast,28,Debit Card,SS Hyderabad Biryani,75,5
100316,41,South Indian,443,Chennai,Evening,43,Debit Card,Hotel Aryaas,0,5
100317,32,South Indian,260,Madurai,Lunch,33,Debit Card,Hotel Aryaas,30,4
100318,26,Fast Food,245,Madurai,Lunch,26,Credit Card,KFC,20,5
100319,25,Chinese,318,Chennai,Evening,43,Credit Card,Local Kitchen,0,4
100320,28,Biryani,466,Salem,Late Night,18,Credit Card,Chinese Wok,30,5
100321,35,South Indian,636,Bangalore,Dinner,20,Debit Card,SS Hyderabad Biryani,20,4
100322,41,Fast Food,461,Bangalore,Late Night,52,UPI,Hotel Aryaas,30,4
100323,39,North Indian,471,Coimbatore,Dinner,30,Debit Card,Chinese Wok,30,5
100324,28,Biryani,668,Trichy,Breakfast,46,Credit Card,Burger King,30,4
100325,57,Biryani,518,Chennai,Lunch,33,Credit Card,Burger King,0,3
100326,42,Fast Food,363,Coimbatore,Late Night,15,Credit Card,KFC,20,4
100327,35,Fast Food,433,Chennai,Dinner,41,UPI,Saravana Bhavan,100,3
100328,38,Fast Food,643,Madurai,Late Night,38,UPI,Hotel Aryaas,20,3
100329,32,South Indian,487,Bangalore,Lunch,27,Debit Card,Local Kitchen,20,5
100330,27,Pizza,802,Bangalore,Lunch,45,Cash on Delivery,KFC,75,4
100331,30,Chinese,339,Chennai,Evening,43,Credit Card,Burger King,30,5
100332,43,South Indian,300,Bangalore,Lunch,26,Cash on Delivery,Burger King,0,4
100333,18,Biryani,501,Madurai,Lunch,45,Credit Card,A2B,30,5
100334,24,Chinese,457,Coimbatore,Evening,36,Wallet,Local Kitchen,75,5
100335,20,Biryani,290,Trichy,Dinner,35,Credit Card,KFC,50,4
100336,20,Pizza,353,Coimbatore,Lunch,27,UPI,KFC,50,4
100337,48,Fast Food,715,Madurai,Breakfast,25,Cash on Delivery,Anjappar,0,4
100338,41,Fast Food,527,Chennai,Dinner,48,Debit Card,Dominos,0,4
100339,33,Fast Food,361,Bangalore,Evening,38,UPI,Dominos,30,4
100340,23,Pizza,314,Salem,Dinner,43,Cash on Delivery,SS Hyderabad Biryani,0,4
100341,34,Biryani,389,Salem,Evening,29,UPI,Hotel Aryaas,50,4
100342,33,South Indian,630,Coimbatore,Dinner,39,Debit Card,Local Kitchen,0,4
100343,26,Biryani,451,Coimbatore,Dinner,31,Debit Card,SS Hyderabad Biryani,20,4
100344,32,Chinese,430,Chennai,Late Night,41,UPI,Chinese Wok,0,5
100345,31,North Indian,642,Trichy,Evening,20,Debit Card,Saravana Bhavan,20,5
100346,38,South Indian,295,Bangalore,Lunch,20,UPI,Burger King,20,4
100347,38,South Indian,333,Coimbatore,Evening,23,UPI,Hotel Aryaas,0,3
100348,20,North Indian,465,Chennai,Evening,34,Credit Card,Saravana Bhavan,0,5
100349,31,South Indian,429,Salem,Evening,15,Cash on Delivery,Anjappar,20,5
100350,38,South Indian,160,Bangalore,Dinner,39,UPI,Anjappar,20,3
100351,34,South Indian,397,Coimbatore,Lunch,40,Credit Card,Hotel Aryaas,75,5
100352,48,Chinese,654,Coimbatore,Dinner,17,Debit Card,Anjappar,20,5
100353,39,Biryani,224,Chennai,Dinner,30,Debit Card,Local Kitchen,20,4
100354,25,Pizza,304,Bangalore,Dinner,53,Credit Card,A2B,20,2
100355,21,South Indian,304,Salem,Evening,30,Wallet,Saravana Bhavan,30,4
100356,39,Biryani,545,Trichy,Late Night,24,Credit Card,A2B,75,5
100357,19,Pizza,376,Coimbatore,Evening,30,Cash on Delivery,A2B,50,4
100358,37,Fast Food,944,Trichy,Lunch,46,Credit Card,SS Hyderabad Biryani,75,4
100359,55,Biryani,666,Coimbatore,Dinner,23,Debit Card,Hotel Aryaas,0,4
100360,36,Chinese,377,Chennai,Lunch,40,Credit Card,Hotel Aryaas,75,5
100361,31,Pizza,539,Salem,Dinner,38,UPI,Hotel Aryaas,50,4
100362,39,Pizza,529,Coimbatore,Lunch,34,UPI,SS Hyderabad Biryani,20,5
100363,33,North Indian,742,Coimbatore,Breakfast,30,Debit Card,Dominos,75,4
100364,35,Pizza,402,Salem,Lunch,43,UPI,Local Kitchen,50,3
100365,55,Biryani,358,Chennai,Evening,23,Credit Card,Dominos,30,5
100366,31,Fast Food,515,Madurai,Lunch,38,Debit Card,Anjappar,50,5
100367,57,Pizza,404,Salem,Lunch,18,Debit Card,SS Hyderabad Biryani,0,4
100368,52,Fast Food,563,Bangalore,Dinner,44,Credit Card,A2B,20,5
100369,26,South Indian,709,Chennai,Dinner,42,UPI,Chinese Wok,50,4
100370,21,South Indian,317,Coimbatore,Dinner,30,Debit Card,Hotel Aryaas,75,4
100371,23,Fast Food,347,Chennai,Dinner,32,UPI,Local Kitchen,75,5
100372,18,North Indian,683,Coimbatore,Evening,39,Wallet,KFC,50,5
100373,22,South Indian,442,Madurai,Dinner,20,Cash on Delivery,Anjappar,30,5
100374,40,South Indian,448,Coimbatore,Evening,31,Debit Card,A2B,0,4
100375,21,North Indian,639,Coimbatore,Evening,34,UPI,Saravana Bhavan,0,4
100376,29,South Indian,425,Bangalore,Dinner,17,UPI,Saravana Bhavan,100,5
100377,47,Biryani,594,Bangalore,Lunch,43,Cash on Delivery,SS Hyderabad Biryani,0,4
100378,19,South Indian,326,Trichy,Dinner,55,UPI,Saravana Bhavan,0,5
100379,45,Pizza,382,Coimbatore,Evening,58,Debit Card,Saravana Bhavan,50,4
100380,28,Pizza,757,Trichy,Lunch,15,UPI,KFC,50,5
100381,24,Pizza,445,Bangalore,Lunch,46,Debit Card,Anjappar,20,4
100382,41,Chinese,320,Coimbatore,Lunch,28,Credit Card,A2B,0,4
100383,38,Fast Food,316,Coimbatore,Dinner,33,Credit Card,Chinese Wok,30,4
100384,50,Pizza,429,Coimbatore,Late Night,24,Debit Card,Saravana Bhavan,75,5
100385,42,North Indian,603,Bangalore,Evening,40,Debit Card,KFC,75,4
100386,45,Biryani,188,Chennai,Lunch,15,Debit Card,Dominos,50,5
100387,28,Biryani,366,Salem,Lunch,22,Credit Card,Anjappar,50,5
100388,26,North Indian,530,Bangalore,Dinner,15,UPI,SS Hyderabad Biryani,0,5
100389,43,Pizza,481,Salem,Lunch,28,Cash on Delivery,Burger King,0,5
100390,45,North Indian,511,Chennai,Late Night,31,Credit Card,Dominos,50,5
100391,60,Pizza,337,Coimbatore,Dinner,18,Debit Card,Burger King,30,5
100392,32,South Indian,462,Chennai,Dinner,39,Wallet,SS Hyderabad Biryani,30,4
100393,31,Chinese,648,Chennai,Dinner,38,Credit Card,Chinese Wok,75,4
100394,44,South Indian,378,Trichy,Dinner,43,UPI,KFC,50,4
100395,30,Biryani,453,Chennai,Dinner,48,Cash on Delivery,Hotel Aryaas,20,4
100396,54,Chinese,238,Coimbatore,Dinner,31,UPI,SS Hyderabad Biryani,100,4
100397,48,South Indian,526,Chennai,Dinner,36,UPI,SS Hyderabad Biryani,0,4
100398,32,Chinese,341,Coimbatore,Dinner,24,UPI,A2B,20,4
100399,43,South Indian,280,Trichy,Dinner,35,UPI,Burger King,50,4
100400,43,South Indian,365,Bangalore,Late Night,35,Cash on Delivery,Saravana Bhavan,0,4
100401,23,Biryani,537,Madurai,Late Night,49,UPI,SS Hyderabad Biryani,20,4
100402,52,Fast Food,344,Coimbatore,Dinner,39,UPI,Dominos,50,4
100403,34,Biryani,298,Salem,Breakfast,40,UPI,KFC,20,4
100404,45,Biryani,570,Madurai,Lunch,31,Debit Card,Hotel Aryaas,0,5
100405,29,North Indian,317,Coimbatore,Dinner,15,UPI,Hotel Aryaas,30,5
100406,51,Biryani,922,Coimbatore,Breakfast,34,UPI,SS Hyderabad Biryani,50,5
100407,31,Fast Food,303,Salem,Lunch,29,Credit Card,Anjappar,50,5
100408,18,South Indian,638,Bangalore,Lunch,23,UPI,KFC,30,4
100409,52,South Indian,758,Madurai,Dinner,41,Credit Card,Local Kitchen,50,5
100410,22,Biryani,468,Coimbatore,Dinner,44,Wallet,Hotel Aryaas,0,4
100411,29,Pizza,340,Chennai,Lunch,24,Debit Card,Local Kitchen,50,4
100412,56,Pizza,656,Madurai,Lunch,34,UPI,Anjappar,0,3
100413,56,Fast Food,289,Bangalore,Dinner,33,Debit Card,Chinese Wok,50,4
100414,36,Fast Food,229,Bangalore,Late Night,45,Credit Card,Hotel Aryaas,0,3
100415,38,North Indian,512,Bangalore,Breakfast,38,Cash on Delivery,Hotel Aryaas,50,5
100416,33,Pizza,270,Chennai,Lunch,41,UPI,Chinese Wok,75,5
100417,29,Chinese,429,Madurai,Dinner,30,UPI,Burger King,75,4
100418,30,Biryani,419,Salem,Dinner,38,Debit Card,SS Hyderabad Biryani,20,4
100419,40,Fast Food,594,Trichy,Dinner,43,Cash on Delivery,Hotel Aryaas,100,3
100420,43,South Indian,284,Coimbatore,Dinner,57,Credit Card,SS Hyderabad Biryani,30,3
100421,44,Biryani,257,Coimbatore,Dinner,29,UPI,Dominos,20,5
100422,44,South Indian,408,Trichy,Lunch,30,Cash on Delivery,Dominos,30,5
100423,22,South Indian,177,Bangalore,Lunch,27,UPI,SS Hyderabad Biryani,20,5
100424,34,Fast Food,498,Bangalore,Dinner,30,UPI,KFC,0,5
100425,20,Pizza,481,Salem,Dinner,48,Cash on Delivery,Chinese Wok,0,4
100426,35,Pizza,484,Bangalore,Dinner,26,UPI,KFC,0,4
100427,32,Fast Food,405,Bangalore,Late Night,38,UPI,SS Hyderabad Biryani,0,4
100428,51,Pizza,838,Chennai,Dinner,44,Debit Card,Chinese Wok,75,4
100429,30,Biryani,518,Chennai,Dinner,46,Credit Card,Burger King,20,5
100430,24,Pizza,570,Chennai,Breakfast,49,Credit Card,Dominos,0,4
100431,25,Biryani,355,Salem,Lunch,39,Cash on Delivery,Dominos,20,3
100432,43,Biryani,410,Coimbatore,Dinner,38,Credit Card,Hotel Aryaas,100,5
100433,38,Chinese,322,Coimbatore,Lunch,28,UPI,Hotel Aryaas,50,5
100434,23,South Indian,462,Trichy,Breakfast,15,Wallet,SS Hyderabad Biryani,30,5
100435,22,North Indian,324,Bangalore,Late Night,28,UPI,A2B,0,5
100436,41,Fast Food,576,Bangalore,Dinner,36,Wallet,SS Hyderabad Biryani,30,4
100437,21,Fast Food,436,Coimbatore,Lunch,44,UPI,Local Kitchen,30,3
100438,45,South Indian,160,Trichy,Dinner,49,Credit Card,Saravana Bhavan,75,4
100439,41,South Indian,314,Chennai,Breakfast,34,Debit Card,Hotel Aryaas,30,5
100440,22,Fast Food,730,Chennai,Lunch,45,Cash on Delivery,Anjappar,30,4
100441,22,Chinese,750,Chennai,Dinner,36,Debit Card,Burger King,30,4
100442,59,Chinese,542,Chennai,Dinner,36,UPI,Anjappar,100,4
100443,31,Pizza,410,Coimbatore,Breakfast,31,UPI,Hotel Aryaas,20,4
100444,31,North Indian,691,Bangalore,Lunch,29,UPI,Anjappar,75,5
100445,45,Fast Food,421,Chennai,Lunch,28,UPI,Dominos,20,4
100446,56,Chinese,677,Bangalore,Late Night,28,Debit Card,A2B,50,5
100447,59,Fast Food,461,Chennai,Dinner,27,Wallet,Anjappar,30,4
100448,43,Chinese,395,Chennai,Evening,43,Credit Card,Hotel Aryaas,30,5
100449,31,South Indian,575,Bangalore,Breakfast,47,Credit Card,Saravana Bhavan,20,5
100450,22,North Indian,300,Salem,Dinner,26,Credit Card,Chinese Wok,20,4
100451,44,Chinese,324,Trichy,Dinner,25,Credit Card,Burger King,30,4
100452,36,North Indian,264,Salem,Dinner,32,Debit Card,Chinese Wok,30,4
100453,32,Pizza,520,Bangalore,Lunch,25,Debit Card,Chinese Wok,20,4
100454,52,North Indian,430,Bangalore,Late Night,24,Debit Card,Hotel Aryaas,75,5
100455,23,Pizza,1161,Bangalore,Evening,31,Debit Card,KFC,50,4
100456,34,South Indian,527,Bangalore,Lunch,36,Wallet,Dominos,30,3
100457,18,Fast Food,391,Chennai,Lunch,36,Cash on Delivery,KFC,50,4
100458,33,Fast Food,418,Bangalore,Evening,31,Cash on Delivery,A2B,0,4
100459,20,Biryani,480,Coimbatore,Late Night,29,UPI,Anjappar,30,5
100460,24,South Indian,355,Coimbatore,Dinner,40,Debit Card,Saravana Bhavan,30,5
100461,24,South Indian,191,Bangalore,Dinner,38,Credit Card,Anjappar,30,4
100462,39,South Indian,265,Chennai,Lunch,36,Credit Card,Burger King,30,4
100463,42,North Indian,372,Coimbatore,Lunch,28,Debit Card,Hotel Aryaas,75,3
100464,36,North Indian,241,Chennai,Evening,47,Debit Card,Anjappar,0,3
100465,57,Biryani,441,Salem,Dinner,21,Cash on Delivery,Chinese Wok,0,4
100466,31,Fast Food,635,Chennai,Dinner,28,Cash on Delivery,Chinese Wok,0,5
100467,28,South Indian,325,Chennai,Lunch,24,Credit Card,Hotel Aryaas,0,5
100468,49,Fast Food,376,Trichy,Lunch,34,Cash on Delivery,KFC,100,5
100469,27,Pizza,417,Coimbatore,Evening,27,Debit Card,Burger King,20,4
100470,57,South Indian,394,Chennai,Late Night,35,UPI,A2B,30,4
100471,18,South Indian,443,Coimbatore,Dinner,39,UPI,SS Hyderabad Biryani,100,4
100472,58,Pizza,211,Chennai,Lunch,47,UPI,A2B,30,4
100473,20,Pizza,661,Chennai,Lunch,36,Credit Card,A2B,0,4
100474,51,Biryani,405,Chennai,Lunch,36,Credit Card,Burger King,75,3
100475,35,Chinese,314,Coimbatore,Evening,38,Debit Card,A2B,30,4
100476,60,South Indian,490,Trichy,Dinner,15,Cash on Delivery,Burger King,100,5
100477,21,Fast Food,622,Bangalore,Late Night,35,UPI,Burger King,50,4
100478,35,Biryani,296,Bangalore,Evening,23,Cash on Delivery,Hotel Aryaas,100,5
100479,58,South Indian,498,Chennai,Lunch,28,UPI,Dominos,75,5
100480,35,Fast Food,703,Coimbatore,Dinner,33,Cash on Delivery,Burger King,0,5
100481,38,Fast Food,706,Trichy,Dinner,44,Cash on Delivery,Local Kitchen,50,4
100482,41,Chinese,581,Chennai,Breakfast,16,Debit Card,KFC,30,4
100483,33,Pizza,358,Trichy,Dinner,36,UPI,Local Kitchen,0,5
100484,38,Fast Food,302,Coimbatore,Dinner,35,UPI,Hotel Aryaas,30,4
100485,36,Biryani,324,Trichy,Evening,38,Debit Card,Burger King,0,5
100486,52,Pizza,699,Coimbatore,Dinner,56,UPI,Anjappar,50,5
100487,20,Biryani,541,Coimbatore,Dinner,50,UPI,KFC,20,4
100488,28,North Indian,588,Madurai,Dinner,37,Credit Card,Chinese Wok,75,4
100489,56,Chinese,431,Madurai,Breakfast,40,Debit Card,SS Hyderabad Biryani,50,3
100490,51,Fast Food,218,Chennai,Lunch,34,Credit Card,Anjappar,75,3
100491,33,Fast Food,495,Salem,Lunch,42,Debit Card,SS Hyderabad Biryani,0,5
100492,38,Biryani,314,Chennai,Dinner,34,Cash on Delivery,Hotel Aryaas,30,4
100493,28,Fast Food,642,Chennai,Evening,38,Debit Card,Hotel Aryaas,75,5
100494,26,Biryani,325,Bangalore,Dinner,27,UPI,Chinese Wok,0,5
100495,33,South Indian,474,Madurai,Dinner,36,Cash on Delivery,Burger King,50,3
100496,30,Biryani,548,Salem,Lunch,48,Credit Card,Local Kitchen,20,4
100497,36,South Indian,1174,Coimbatore,Dinner,40,Credit Card,Chinese Wok,75,5
100498,22,South Indian,426,Chennai,Evening,35,Credit Card,Anjappar,30,4
100499,58,Fast Food,432,Bangalore,Evening,15,Credit Card,Dominos,50,5
100500,59,Biryani,644,Coimbatore,Lunch,38,Debit Card,A2B,20,5
100501,41,Biryani,407,Coimbatore,Late Night,33,UPI,Hotel Aryaas,75,5
100502,35,Biryani,377,Coimbatore,Dinner,23,Debit Card,SS Hyderabad Biryani,0,5
100503,29,Chinese,343,Chennai,Breakfast,33,Debit Card,Burger King,0,4
100504,45,Fast Food,451,Coimbatore,Late Night,33,UPI,Hotel Aryaas,0,3
100505,40,Pizza,362,Coimbatore,Dinner,34,UPI,Anjappar,100,4
100506,25,South Indian,720,Madurai,Lunch,41,Cash on Delivery,SS Hyderabad Biryani,30,3
100507,53,South Indian,580,Bangalore,Breakfast,32,UPI,Dominos,30,5
100508,45,South Indian,465,Chennai,Lunch,32,UPI,Local Kitchen,20,5
100509,56,Chinese,449,Chennai,Dinner,30,UPI,Chinese Wok,30,5
100510,42,Fast Food,336,Chennai,Dinner,36,UPI,Anjappar,0,4
100511,38,Biryani,430,Chennai,Lunch,39,UPI,SS Hyderabad Biryani,100,5
100512,32,South Indian,414,Bangalore,Evening,47,UPI,Chinese Wok,20,5
100513,55,Fast Food,850,Salem,Lunch,39,Debit Card,Anjappar,100,4
100514,49,South Indian,405,Bangalore,Breakfast,45,Debit Card,Chinese Wok,30,5
100515,20,Chinese,526,Bangalore,Evening,42,UPI,Hotel Aryaas,20,3
100516,19,South Indian,537,Coimbatore,Lunch,36,Credit Card,Burger King,75,4
100517,31,Chinese,310,Coimbatore,Dinner,27,UPI,Hotel Aryaas,30,5
100518,45,South Indian,402,Salem,Late Night,38,Credit Card,Chinese Wok,20,4
100519,59,Chinese,574,Salem,Lunch,50,UPI,SS Hyderabad Biryani,20,4
100520,25,Chinese,298,Coimbatore,Breakfast,45,UPI,SS Hyderabad Biryani,20,3
100521,37,South Indian,933,Coimbatore,Breakfast,47,Wallet,Burger King,20,3
100522,31,Chinese,461,Madurai,Evening,16,Wallet,KFC,20,5
100523,58,Pizza,360,Chennai,Dinner,15,Credit Card,Local Kitchen,0,5
100524,47,South Indian,279,Madurai,Dinner,29,UPI,Burger King,100,5
100525,46,Fast Food,773,Trichy,Evening,39,Credit Card,KFC,30,4
100526,33,Pizza,412,Chennai,Evening,30,Cash on Delivery,Local Kitchen,0,4
100527,32,South Indian,522,Salem,Lunch,32,UPI,Chinese Wok,50,4
100528,28,Biryani,292,Salem,Evening,19,UPI,Hotel Aryaas,20,5
100529,20,North Indian,342,Salem,Dinner,28,Debit Card,Dominos,30,5
100530,49,Biryani,629,Coimbatore,Lunch,25,Debit Card,Anjappar,75,4
100531,45,Chinese,765,Chennai,Dinner,25,UPI,A2B,50,4
100532,60,Chinese,321,Bangalore,Dinner,27,Cash on Delivery,KFC,0,5
100533,60,North Indian,517,Coimbatore,Lunch,23,Debit Card,Dominos,30,5
100534,35,Biryani,514,Chennai,Evening,15,UPI,A2B,50,5
100535,43,South Indian,629,Coimbatore,Late Night,48,UPI,KFC,0,3
100536,56,South Indian,533,Bangalore,Breakfast,33,Wallet,KFC,0,4
100537,47,Fast Food,568,Chennai,Lunch,27,Debit Card,SS Hyderabad Biryani,0,4
100538,27,Biryani,215,Coimbatore,Evening,33,UPI,Chinese Wok,100,4
100539,33,South Indian,508,Chennai,Dinner,37,UPI,Local Kitchen,75,4
100540,24,South Indian,276,Madurai,Lunch,35,Credit Card,SS Hyderabad Biryani,75,5
100541,57,Biryani,491,Bangalore,Late Night,27,Debit Card,Saravana Bhavan,0,4
100542,37,South Indian,664,Chennai,Dinner,44,UPI,SS Hyderabad Biryani,30,5
100543,27,Chinese,478,Salem,Dinner,28,UPI,Chinese Wok,30,4
100544,40,Pizza,573,Chennai,Lunch,32,UPI,SS Hyderabad Biryani,75,5
100545,38,North Indian,618,Bangalore,Dinner,51,Wallet,Burger King,20,4
100546,30,Fast Food,597,Madurai,Evening,55,Cash on Delivery,Hotel Aryaas,30,4
100547,23,North Indian,491,Madurai,Lunch,45,Credit Card,Saravana Bhavan,30,3
100548,40,Pizza,506,Chennai,Late Night,27,UPI,Dominos,20,5
100549,35,Fast Food,654,Trichy,Breakfast,30,UPI,KFC,0,5
100550,43,Biryani,1000,Salem,Late Night,26,Credit Card,KFC,30,5
100551,35,South Indian,333,Bangalore,Evening,32,Debit Card,Chinese Wok,30,5
100552,48,Fast Food,375,Coimbatore,Late Night,39,Debit Card,Dominos,0,3
100553,35,South Indian,600,Chennai,Dinner,15,UPI,A2B,30,4
100554,36,South Indian,865,Bangalore,Dinner,24,Debit Card,Local Kitchen,30,5
100555,50,Chinese,260,Coimbatore,Breakfast,35,Cash on Delivery,Dominos,0,4
100556,31,South Indian,276,Madurai,Evening,33,UPI,Burger King,0,5
100557,24,Biryani,455,Coimbatore,Dinner,30,Debit Card,KFC,100,4
100558,19,Pizza,120,Madurai,Dinner,20,Cash on Delivery,A2B,0,5
100559,43,Fast Food,324,Chennai,Lunch,28,UPI,Chinese Wok,20,4
100560,38,North Indian,481,Chennai,Evening,29,Debit Card,Local Kitchen,20,3
100561,41,Biryani,598,Chennai,Evening,21,UPI,Local Kitchen,50,5
100562,27,North Indian,440,Chennai,Lunch,26,Credit Card,Dominos,30,4
100563,25,Biryani,376,Bangalore,Evening,32,Credit Card,Chinese Wok,75,5
100564,18,Fast Food,588,Madurai,Dinner,39,Cash on Delivery,SS Hyderabad Biryani,20,5
100565,30,Biryani,254,Bangalore,Lunch,43,Credit Card,Local Kitchen,50,4
100566,37,Chinese,347,Bangalore,Evening,24,UPI,Local Kitchen,20,5
100567,31,Pizza,495,Madurai,Late Night,30,Wallet,Local Kitchen,0,5
100568,32,South Indian,521,Coimbatore,Breakfast,32,Wallet,Dominos,75,4
100569,52,North Indian,562,Coimbatore,Dinner,32,UPI,A2B,30,4
100570,30,South Indian,358,Coimbatore,Dinner,31,Credit Card,KFC,20,4
100571,34,Chinese,262,Madurai,Dinner,22,UPI,KFC,75,5
100572,44,Pizza,327,Chennai,Dinner,39,UPI,KFC,100,4
100573,31,Fast Food,307,Chennai,Dinner,31,Debit Card,Anjappar,30,4
100574,38,Fast Food,306,Bangalore,Breakfast,34,UPI,Burger King,0,4
100575,49,North Indian,228,Salem,Dinner,35,UPI,Chinese Wok,0,4
100576,56,North Indian,295,Bangalore,Dinner,28,Debit Card,Chinese Wok,30,5
100577,25,North Indian,638,Madurai,Breakfast,42,Credit Card,Saravana Bhavan,75,5
100578,54,North Indian,346,Bangalore,Breakfast,29,Cash on Delivery,Anjappar,75,4
100579,34,Biryani,539,Coimbatore,Dinner,36,Credit Card,A2B,75,5
100580,28,Pizza,229,Madurai,Dinner,35,Wallet,KFC,75,5
100581,33,Fast Food,390,Trichy,Evening,37,Credit Card,Anjappar,75,4
100582,59,North Indian,388,Chennai,Late Night,45,UPI,Anjappar,75,5
100583,34,South Indian,592,Coimbatore,Dinner,27,Credit Card,Dominos,75,5
100584,30,South Indian,443,Chennai,Late Night,34,Debit Card,KFC,20,5
100585,38,South Indian,361,Coimbatore,Late Night,34,UPI,SS Hyderabad Biryani,20,4
100586,27,Fast Food,529,Trichy,Evening,31,UPI,SS Hyderabad Biryani,20,5
100587,21,Biryani,457,Coimbatore,Dinner,39,Credit Card,SS Hyderabad Biryani,0,4
100588,24,North Indian,342,Coimbatore,Dinner,22,Credit Card,Anjappar,20,4
100589,24,Pizza,528,Trichy,Dinner,48,Credit Card,Dominos,75,4
100590,25,Biryani,590,Bangalore,Dinner,48,Wallet,Local Kitchen,100,5
100591,25,Pizza,639,Bangalore,Lunch,28,UPI,Local Kitchen,0,4
100592,39,Chinese,404,Trichy,Lunch,33,Credit Card,A2B,50,5
100593,26,Fast Food,503,Coimbatore,Lunch,16,Cash on Delivery,Anjappar,100,4
100594,30,Fast Food,509,Madurai,Dinner,27,UPI,SS Hyderabad Biryani,0,5
100595,52,Pizza,252,Chennai,Dinner,57,UPI,KFC,75,4
100596,33,Chinese,570,Chennai,Evening,40,UPI,KFC,20,5
100597,40,South Indian,511,Coimbatore,Dinner,41,UPI,SS Hyderabad Biryani,20,4
100598,25,South Indian,339,Coimbatore,Dinner,29,Credit Card,Hotel Aryaas,75,4
100599,26,Biryani,512,Salem,Lunch,33,Credit Card,Burger King,0,4
100600,20,South Indian,268,Salem,Breakfast,33,Cash on Delivery,Local Kitchen,20,5
100601,25,Biryani,561,Trichy,Evening,20,UPI,Hotel Aryaas,30,5
100602,28,Biryani,462,Coimbatore,Late Night,35,UPI,Hotel Aryaas,75,4
100603,26,Chinese,359,Salem,Dinner,42,Debit Card,KFC,30,4
100604,22,North Indian,278,Madurai,Evening,52,Debit Card,A2B,100,5
100605,24,Fast Food,336,Coimbatore,Breakfast,36,UPI,SS Hyderabad Biryani,20,4
100606,33,Biryani,267,Madurai,Dinner,33,UPI,Dominos,30,5
100607,26,Chinese,544,Chennai,Dinner,33,Debit Card,Saravana Bhavan,0,5
100608,30,Pizza,529,Chennai,Dinner,38,UPI,Hotel Aryaas,100,3
100609,34,Chinese,601,Trichy,Evening,42,Credit Card,Hotel Aryaas,0,4
100610,40,Pizza,283,Bangalore,Lunch,45,UPI,Hotel Aryaas,100,4
100611,20,South Indian,275,Coimbatore,Late Night,15,UPI,Burger King,20,5
100612,44,Chinese,267,Bangalore,Lunch,45,UPI,SS Hyderabad Biryani,0,5
100613,38,Biryani,306,Trichy,Lunch,22,Debit Card,Saravana Bhavan,20,3
100614,22,Fast Food,632,Bangalore,Dinner,24,Debit Card,Anjappar,20,4
100615,50,Fast Food,658,Coimbatore,Late Night,32,UPI,Dominos,100,5
100616,54,South Indian,425,Chennai,Dinner,39,UPI,Saravana Bhavan,50,5
100617,21,North Indian,998,Coimbatore,Dinner,21,Credit Card,Chinese Wok,0,5
100618,28,Pizza,326,Salem,Lunch,28,UPI,KFC,30,4
100619,45,Biryani,392,Coimbatore,Breakfast,37,UPI,Local Kitchen,50,5
100620,43,Biryani,1169,Coimbatore,Lunch,39,UPI,A2B,30,5
100621,26,Fast Food,413,Coimbatore,Dinner,39,UPI,Saravana Bhavan,75,4
100622,26,Fast Food,625,Trichy,Lunch,43,Debit Card,Anjappar,0,4
100623,31,South Indian,562,Bangalore,Dinner,45,Cash on Delivery,A2B,0,3
100624,34,North Indian,346,Madurai,Lunch,35,UPI,Chinese Wok,30,3
100625,38,North Indian,1114,Coimbatore,Evening,33,UPI,SS Hyderabad Biryani,50,5
100626,31,Chinese,572,Chennai,Evening,26,UPI,Local Kitchen,75,5
100627,33,Pizza,465,Salem,Dinner,28,UPI,Chinese Wok,0,3
100628,43,South Indian,288,Salem,Lunch,20,Wallet,Chinese Wok,0,3
100629,19,Biryani,436,Salem,Dinner,48,UPI,Burger King,75,3
100630,28,South Indian,648,Salem,Evening,33,UPI,KFC,20,4
100631,41,South Indian,429,Trichy,Dinner,41,Credit Card,Chinese Wok,50,5
100632,51,Chinese,471,Madurai,Dinner,61,Credit Card,Hotel Aryaas,0,4
100633,34,Biryani,543,Trichy,Lunch,56,Credit Card,Anjappar,75,4
100634,35,Fast Food,261,Bangalore,Dinner,45,Wallet,Anjappar,100,4
100635,23,Fast Food,291,Chennai,Dinner,30,UPI,Chinese Wok,100,5
100636,33,North Indian,579,Coimbatore,Dinner,42,UPI,Anjappar,30,5
100637,35,South Indian,400,Salem,Dinner,34,UPI,Anjappar,0,4
100638,27,Chinese,454,Coimbatore,Lunch,25,Credit Card,SS Hyderabad Biryani,0,5
100639,28,Chinese,475,Trichy,Breakfast,25,Credit Card,SS Hyderabad Biryani,0,4
100640,31,Fast Food,409,Chennai,Lunch,43,Credit Card,Saravana Bhavan,30,4
100641,19,South Indian,905,Coimbatore,Late Night,41,UPI,Chinese Wok,20,4
100642,29,North Indian,703,Coimbatore,Breakfast,46,UPI,Burger King,30,4
100643,26,South Indian,350,Chennai,Dinner,32,Debit Card,A2B,30,4
100644,30,North Indian,395,Chennai,Dinner,30,Credit Card,KFC,50,5
100645,24,Biryani,641,Chennai,Dinner,23,Debit Card,SS Hyderabad Biryani,75,4
100646,51,Biryani,630,Trichy,Lunch,17,UPI,Dominos,0,4
100647,37,North Indian,316,Chennai,Lunch,26,Cash on Delivery,Anjappar,75,4
100648,40,Pizza,325,Coimbatore,Evening,27,UPI,Chinese Wok,20,4
100649,44,North Indian,449,Chennai,Breakfast,23,Credit Card,Chinese Wok,0,5
100650,34,Chinese,731,Madurai,Breakfast,29,Cash on Delivery,SS Hyderabad Biryani,100,5
100651,22,North Indian,349,Bangalore,Breakfast,53,Cash on Delivery,Burger King,0,4
100652,35,Pizza,597,Bangalore,Dinner,27,UPI,KFC,20,5
100653,37,Pizza,363,Coimbatore,Evening,16,Credit Card,KFC,75,5
100654,42,South Indian,463,Chennai,Lunch,36,UPI,Dominos,30,5
100655,32,Fast Food,692,Madurai,Lunch,40,Debit Card,Dominos,100,4
100656,24,North Indian,272,Trichy,Lunch,25,UPI,Hotel Aryaas,0,5
100657,28,South Indian,478,Chennai,Evening,42,UPI,A2B,20,4
100658,30,South Indian,297,Coimbatore,Lunch,52,Wallet,Saravana Bhavan,0,5
100659,39,South Indian,942,Chennai,Dinner,32,Cash on Delivery,Saravana Bhavan,30,4
100660,36,South Indian,413,Chennai,Lunch,41,UPI,Chinese Wok,0,5
100661,30,South Indian,662,Madurai,Late Night,43,UPI,KFC,20,4
100662,59,Biryani,264,Bangalore,Breakfast,38,UPI,SS Hyderabad Biryani,50,4
100663,37,Pizza,728,Chennai,Late Night,43,Debit Card,Hotel Aryaas,50,4
100664,27,South Indian,626,Coimbatore,Dinner,39,Debit Card,Burger King,20,5
100665,23,South Indian,780,Salem,Dinner,25,UPI,Saravana Bhavan,0,4
100666,25,Biryani,663,Trichy,Late Night,15,UPI,A2B,0,4
100667,27,Biryani,361,Trichy,Lunch,36,UPI,SS Hyderabad Biryani,0,5
100668,25,Fast Food,235,Coimbatore,Lunch,32,UPI,Saravana Bhavan,0,5
100669,26,Chinese,442,Bangalore,Lunch,18,Cash on Delivery,Hotel Aryaas,0,5
100670,28,Biryani,415,Coimbatore,Lunch,32,UPI,KFC,30,5
100671,26,North Indian,480,Chennai,Lunch,33,Credit Card,Chinese Wok,0,5
100672,52,Biryani,515,Coimbatore,Dinner,37,Cash on Delivery,SS Hyderabad Biryani,75,5
100673,22,Biryani,764,Bangalore,Breakfast,45,Debit Card,Dominos,0,4
100674,35,Biryani,673,Coimbatore,Evening,26,UPI,KFC,50,5
100675,32,Biryani,743,Trichy,Lunch,15,Credit Card,Hotel Aryaas,20,5
100676,59,Pizza,416,Chennai,Dinner,30,Cash on Delivery,Burger King,30,4
100677,23,Pizza,636,Coimbatore,Late Night,42,UPI,Dominos,30,4
100678,31,South Indian,624,Chennai,Evening,47,Wallet,A2B,20,4
100679,58,Biryani,752,Coimbatore,Evening,28,UPI,Local Kitchen,50,4
100680,49,Fast Food,442,Chennai,Evening,40,UPI,Burger King,0,4
100681,45,South Indian,897,Chennai,Dinner,23,Cash on Delivery,Local Kitchen,30,4
100682,28,North Indian,917,Coimbatore,Breakfast,34,Cash on Delivery,Burger King,75,4
100683,25,Fast Food,308,Coimbatore,Late Night,15,UPI,Chinese Wok,0,4
100684,40,Chinese,469,Bangalore,Evening,31,UPI,KFC,0,4
100685,54,South Indian,576,Chennai,Lunch,37,Wallet,A2B,30,4
100686,35,Fast Food,517,Bangalore,Late Night,29,UPI,Hotel Aryaas,100,4
100687,36,South Indian,302,Bangalore,Late Night,20,UPI,Burger King,20,5
100688,28,Biryani,316,Coimbatore,Dinner,35,UPI,SS Hyderabad Biryani,75,4
100689,43,Pizza,324,Trichy,Breakfast,52,Debit Card,Chinese Wok,30,3
100690,26,Fast Food,327,Bangalore,Dinner,26,Cash on Delivery,KFC,0,5
100691,29,Chinese,489,Coimbatore,Lunch,27,UPI,A2B,30,4
100692,32,Biryani,954,Salem,Evening,32,UPI,Hotel Aryaas,20,4
100693,34,North Indian,289,Trichy,Lunch,51,UPI,Burger King,20,5
100694,27,Biryani,435,Salem,Evening,21,Debit Card,SS Hyderabad Biryani,20,5
100695,23,Pizza,460,Madurai,Dinner,26,Debit Card,Local Kitchen,20,5
100696,37,Pizza,856,Coimbatore,Lunch,41,UPI,SS Hyderabad Biryani,75,5
100697,29,North Indian,611,Coimbatore,Late Night,22,UPI,A2B,20,5
100698,36,South Indian,503,Bangalore,Lunch,25,UPI,A2B,100,4
100699,25,Chinese,312,Salem,Breakfast,52,UPI,SS Hyderabad Biryani,0,4
100700,34,Fast Food,526,Bangalore,Dinner,51,UPI,Local Kitchen,0,4
100701,35,Biryani,656,Trichy,Dinner,40,Wallet,Burger King,0,5
100702,20,South Indian,286,Coimbatore,Late Night,37,UPI,Burger King,50,4
100703,30,Biryani,502,Coimbatore,Dinner,28,Cash on Delivery,Dominos,0,4
100704,24,North Indian,564,Trichy,Lunch,34,Credit Card,Anjappar,30,3
100705,21,Biryani,601,Madurai,Late Night,26,Wallet,KFC,50,5
100706,60,South Indian,571,Salem,Late Night,49,UPI,SS Hyderabad Biryani,30,4
100707,29,Chinese,707,Madurai,Lunch,35,UPI,Saravana Bhavan,0,4
100708,45,South Indian,280,Coimbatore,Dinner,32,UPI,A2B,75,4
100709,28,Chinese,734,Bangalore,Dinner,35,Debit Card,Local Kitchen,0,4
100710,40,Biryani,268,Trichy,Evening,28,UPI,KFC,0,5
100711,43,South Indian,584,Bangalore,Late Night,39,Cash on Delivery,Anjappar,50,4
100712,37,Fast Food,726,Chennai,Breakfast,32,Credit Card,SS Hyderabad Biryani,0,4
100713,33,North Indian,375,Coimbatore,Dinner,63,Credit Card,Local Kitchen,30,3
100714,32,Pizza,325,Bangalore,Lunch,30,Credit Card,KFC,20,4
100715,30,North Indian,374,Chennai,Evening,42,UPI,Chinese Wok,20,4
100716,54,Biryani,382,Madurai,Dinner,52,UPI,Chinese Wok,75,4
100717,46,Fast Food,411,Chennai,Lunch,15,UPI,Chinese Wok,0,5
100718,57,Biryani,617,Coimbatore,Evening,30,UPI,Local Kitchen,50,4
100719,24,Biryani,446,Trichy,Late Night,49,Cash on Delivery,Dominos,50,5
100720,42,Fast Food,526,Coimbatore,Dinner,15,Cash on Delivery,Chinese Wok,75,5
100721,55,Chinese,367,Trichy,Dinner,46,Credit Card,Burger King,30,4
100722,26,Fast Food,349,Coimbatore,Lunch,37,Credit Card,Local Kitchen,0,4
100723,21,South Indian,355,Salem,Evening,49,Credit Card,Hotel Aryaas,0,4
100724,42,Pizza,520,Chennai,Dinner,31,Credit Card,Saravana Bhavan,20,4
100725,36,Chinese,555,Chennai,Dinner,37,Debit Card,Chinese Wok,50,4
100726,47,Fast Food,649,Trichy,Lunch,22,UPI,Dominos,0,5
100727,25,Fast Food,570,Madurai,Dinner,32,Credit Card,A2B,0,5
100728,44,South Indian,476,Chennai,Breakfast,26,Cash on Delivery,Chinese Wok,50,4
100729,26,Biryani,419,Salem,Breakfast,28,Credit Card,Dominos,0,5
100730,25,Chinese,290,Bangalore,Dinner,35,UPI,Chinese Wok,20,4
100731,25,Fast Food,372,Salem,Lunch,26,UPI,Burger King,50,5
100732,45,Pizza,255,Bangalore,Breakfast,15,Debit Card,KFC,20,5
100733,39,Chinese,464,Coimbatore,Dinner,36,Wallet,Local Kitchen,50,5
100734,35,South Indian,344,Coimbatore,Evening,36,Cash on Delivery,A2B,20,5
100735,30,Fast Food,393,Coimbatore,Dinner,41,Cash on Delivery,KFC,100,4
100736,50,Biryani,500,Bangalore,Dinner,34,Wallet,SS Hyderabad Biryani,0,4
100737,31,Pizza,396,Coimbatore,Dinner,23,UPI,SS Hyderabad Biryani,50,5
100738,45,South Indian,346,Chennai,Lunch,49,UPI,SS Hyderabad Biryani,0,4
100739,32,Fast Food,336,Chennai,Lunch,31,UPI,KFC,75,5
100740,31,Biryani,711,Chennai,Dinner,24,Credit Card,Chinese Wok,0,4
100741,33,Biryani,475,Trichy,Lunch,49,UPI,A2B,30,4
100742,29,Pizza,549,Bangalore,Dinner,51,UPI,Local Kitchen,20,5
100743,43,Fast Food,325,Madurai,Evening,15,Credit Card,A2B,30,4
100744,34,South Indian,292,Salem,Lunch,25,UPI,Chinese Wok,0,5
100745,27,South Indian,220,Bangalore,Dinner,32,Debit Card,Local Kitchen,75,4
100746,52,South Indian,375,Salem,Late Night,37,UPI,A2B,50,5
100747,31,Pizza,841,Coimbatore,Breakfast,41,Wallet,Local Kitchen,20,5
100748,35,Pizza,534,Chennai,Lunch,59,Cash on Delivery,Chinese Wok,30,4
100749,52,South Indian,381,Coimbatore,Dinner,23,Cash on Delivery,SS Hyderabad Biryani,30,5
100750,38,Biryani,631,Coimbatore,Lunch,36,Debit Card,Hotel Aryaas,30,4
100751,24,South Indian,283,Trichy,Breakfast,19,Credit Card,Local Kitchen,30,3
100752,55,South Indian,673,Bangalore,Lunch,36,UPI,Dominos,0,5
100753,38,South Indian,730,Coimbatore,Evening,51,Debit Card,Hotel Aryaas,50,4
100754,30,Chinese,379,Madurai,Dinner,15,Debit Card,Dominos,30,5
100755,25,Biryani,399,Bangalore,Evening,20,UPI,Anjappar,75,4
100756,44,Chinese,496,Chennai,Late Night,42,Credit Card,Dominos,100,4
100757,38,Biryani,289,Bangalore,Dinner,42,Credit Card,Hotel Aryaas,0,5
100758,35,Chinese,444,Salem,Late Night,26,Credit Card,Local Kitchen,20,5
100759,51,Fast Food,951,Trichy,Evening,42,UPI,Anjappar,30,5
100760,44,Chinese,356,Bangalore,Breakfast,47,Debit Card,KFC,0,5
100761,25,Biryani,423,Coimbatore,Late Night,40,Cash on Delivery,A2B,20,5
100762,29,Fast Food,431,Chennai,Breakfast,49,Debit Card,Anjappar,0,5
100763,27,Chinese,635,Coimbatore,Dinner,37,UPI,Anjappar,50,4
100764,42,Fast Food,520,Madurai,Breakfast,31,Wallet,SS Hyderabad Biryani,30,4
100765,19,Pizza,621,Coimbatore,Dinner,37,UPI,Chinese Wok,0,4
100766,36,Chinese,374,Chennai,Late Night,42,UPI,Dominos,20,4
100767,43,South Indian,570,Salem,Evening,18,Wallet,Burger King,20,5
100768,50,Fast Food,287,Trichy,Lunch,37,Debit Card,Saravana Bhavan,20,5
100769,30,South Indian,255,Bangalore,Lunch,33,Debit Card,Local Kitchen,0,3
100770,45,South Indian,658,Chennai,Evening,29,UPI,KFC,20,5
100771,23,South Indian,323,Chennai,Lunch,23,UPI,Local Kitchen,0,5
100772,47,Chinese,231,Chennai,Dinner,15,UPI,Anjappar,0,5
100773,24,South Indian,445,Bangalore,Evening,29,Debit Card,Saravana Bhavan,20,5
100774,31,Biryani,554,Chennai,Lunch,28,UPI,Chinese Wok,20,4
100775,44,Biryani,247,Trichy,Evening,43,UPI,Hotel Aryaas,75,5
100776,25,Biryani,402,Salem,Dinner,45,UPI,Burger King,0,3
100777,27,Fast Food,541,Coimbatore,Lunch,25,Credit Card,A2B,50,5
100778,42,Chinese,531,Coimbatore,Dinner,25,UPI,Chinese Wok,20,5
100779,42,Pizza,228,Madurai,Dinner,28,Wallet,SS Hyderabad Biryani,30,5
100780,39,Biryani,483,Salem,Lunch,45,UPI,KFC,20,4
100781,41,North Indian,498,Trichy,Lunch,27,Cash on Delivery,Anjappar,30,3
100782,35,South Indian,446,Chennai,Dinner,54,Credit Card,Local Kitchen,50,4
100783,28,North Indian,677,Chennai,Lunch,35,Debit Card,Hotel Aryaas,0,5
100784,30,Chinese,414,Madurai,Breakfast,38,UPI,Anjappar,20,4
100785,26,Chinese,560,Madurai,Dinner,29,Debit Card,Chinese Wok,20,5
100786,53,Biryani,476,Chennai,Lunch,50,UPI,Local Kitchen,0,4
100787,36,Biryani,516,Bangalore,Lunch,38,Debit Card,KFC,0,5
100788,31,Biryani,462,Madurai,Late Night,29,Credit Card,Burger King,50,5
100789,33,Chinese,437,Chennai,Lunch,21,UPI,A2B,75,5
100790,56,Fast Food,721,Trichy,Late Night,41,Credit Card,Hotel Aryaas,20,5
100791,25,Pizza,360,Chennai,Lunch,28,Cash on Delivery,SS Hyderabad Biryani,50,5
100792,37,Fast Food,350,Madurai,Dinner,32,UPI,Chinese Wok,100,4
100793,34,Pizza,702,Bangalore,Evening,25,UPI,Burger King,0,4
100794,37,Biryani,363,Coimbatore,Breakfast,25,Credit Card,KFC,20,5
100795,18,Biryani,242,Madurai,Dinner,28,Credit Card,Local Kitchen,75,4
100796,49,Fast Food,440,Madurai,Dinner,33,UPI,SS Hyderabad Biryani,0,4
100797,55,Fast Food,261,Salem,Lunch,22,UPI,Local Kitchen,30,5
100798,36,Fast Food,174,Coimbatore,Dinner,31,UPI,SS Hyderabad Biryani,30,4
100799,41,Pizza,437,Madurai,Evening,27,UPI,KFC,50,5
100800,54,Biryani,541,Bangalore,Dinner,33,UPI,Burger King,30,5
100801,41,Fast Food,678,Bangalore,Dinner,43,Cash on Delivery,Dominos,30,3
100802,25,Pizza,624,Trichy,Breakfast,36,UPI,SS Hyderabad Biryani,50,4
100803,36,Biryani,280,Chennai,Lunch,28,UPI,A2B,30,4
100804,37,North Indian,394,Coimbatore,Evening,34,Wallet,Saravana Bhavan,100,4
100805,32,North Indian,572,Bangalore,Late Night,40,Cash on Delivery,A2B,50,4
100806,42,Biryani,426,Chennai,Lunch,41,UPI,Chinese Wok,75,3
100807,55,Fast Food,342,Trichy,Dinner,36,Credit Card,Dominos,20,4
100808,54,Fast Food,222,Bangalore,Breakfast,52,Credit Card,A2B,100,3
100809,33,Pizza,453,Coimbatore,Dinner,25,UPI,Anjappar,20,4
100810,23,South Indian,278,Trichy,Dinner,39,Debit Card,Saravana Bhavan,20,4
100811,59,Chinese,512,Coimbatore,Dinner,33,Wallet,Burger King,100,5
100812,47,Chinese,363,Bangalore,Late Night,44,UPI,Hotel Aryaas,20,5
100813,24,Biryani,372,Chennai,Lunch,34,UPI,Local Kitchen,20,4
100814,54,Pizza,577,Coimbatore,Lunch,55,Debit Card,Saravana Bhavan,30,3
100815,49,Chinese,356,Chennai,Late Night,35,Debit Card,A2B,75,4
100816,34,South Indian,332,Madurai,Lunch,41,Debit Card,Anjappar,20,5
100817,37,Pizza,488,Coimbatore,Dinner,32,UPI,Dominos,75,5
100818,31,Chinese,359,Coimbatore,Dinner,37,Debit Card,Hotel Aryaas,0,4
100819,20,Biryani,418,Coimbatore,Dinner,28,Cash on Delivery,Chinese Wok,0,4
100820,30,South Indian,777,Chennai,Lunch,38,UPI,Dominos,30,4
100821,45,South Indian,466,Salem,Lunch,15,UPI,Local Kitchen,20,3
100822,18,Biryani,422,Chennai,Dinner,29,Credit Card,A2B,30,5
100823,30,North Indian,628,Trichy,Lunch,27,Credit Card,A2B,0,5
100824,31,Biryani,211,Bangalore,Dinner,53,Wallet,Anjappar,20,5
100825,35,Chinese,658,Bangalore,Evening,27,UPI,Saravana Bhavan,100,5
100826,54,South Indian,208,Coimbatore,Evening,29,Credit Card,Chinese Wok,75,5
100827,30,Biryani,764,Salem,Lunch,26,Credit Card,A2B,0,5
100828,30,North Indian,268,Coimbatore,Late Night,38,Credit Card,Anjappar,75,4
100829,42,Pizza,455,Bangalore,Evening,31,Debit Card,Anjappar,20,5
100830,33,South Indian,263,Salem,Dinner,29,Credit Card,Dominos,75,4
100831,27,Fast Food,602,Trichy,Late Night,55,UPI,Saravana Bhavan,20,4
100832,33,Biryani,650,Bangalore,Dinner,36,Cash on Delivery,Saravana Bhavan,30,5
100833,25,Fast Food,634,Salem,Late Night,41,UPI,SS Hyderabad Biryani,100,5
100834,26,Fast Food,340,Madurai,Lunch,38,UPI,Saravana Bhavan,20,3
100835,34,South Indian,518,Chennai,Dinner,26,Credit Card,Burger King,75,5
100836,32,North Indian,768,Coimbatore,Lunch,28,Credit Card,A2B,75,4
100837,53,South Indian,418,Coimbatore,Dinner,23,Credit Card,Anjappar,0,4
100838,30,Pizza,422,Coimbatore,Dinner,22,Credit Card,KFC,0,4
100839,36,Chinese,540,Madurai,Lunch,34,UPI,Local Kitchen,0,4
100840,38,South Indian,339,Bangalore,Evening,35,Credit Card,Local Kitchen,20,5
100841,18,Pizza,292,Chennai,Dinner,33,UPI,Local Kitchen,30,5
100842,39,South Indian,233,Trichy,Breakfast,38,Wallet,Burger King,100,4
100843,26,Pizza,551,Coimbatore,Dinner,32,Credit Card,Hotel Aryaas,20,5
100844,57,Fast Food,377,Salem,Lunch,46,UPI,Hotel Aryaas,100,4
100845,25,Biryani,506,Salem,Late Night,29,Debit Card,Burger King,20,5
100846,32,Pizza,413,Salem,Lunch,44,Cash on Delivery,Hotel Aryaas,30,5
100847,22,South Indian,651,Trichy,Dinner,42,UPI,A2B,100,5
100848,60,Pizza,704,Chennai,Lunch,15,UPI,Dominos,30,5
100849,34,North Indian,460,Bangalore,Lunch,19,UPI,Saravana Bhavan,20,5
100850,37,Biryani,771,Chennai,Evening,17,UPI,Chinese Wok,30,5
100851,21,South Indian,338,Chennai,Evening,37,Debit Card,KFC,30,5
100852,43,Fast Food,327,Bangalore,Breakfast,23,Credit Card,Anjappar,0,4
100853,26,Chinese,472,Chennai,Dinner,44,UPI,Hotel Aryaas,20,4
100854,52,Pizza,520,Salem,Breakfast,23,Wallet,A2B,30,5
100855,26,Fast Food,698,Salem,Dinner,36,Credit Card,Anjappar,50,4
100856,26,South Indian,436,Coimbatore,Evening,24,Cash on Delivery,Saravana Bhavan,0,4
100857,19,Chinese,492,Bangalore,Evening,40,Credit Card,Dominos,75,4
100858,33,Biryani,1197,Coimbatore,Lunch,31,Credit Card,A2B,20,5
100859,36,Pizza,314,Trichy,Dinner,29,Credit Card,Local Kitchen,50,4
100860,21,South Indian,401,Madurai,Dinner,27,UPI,Burger King,50,4
100861,44,North Indian,529,Chennai,Lunch,23,UPI,Burger King,75,3
100862,33,Fast Food,850,Coimbatore,Lunch,38,Wallet,Dominos,100,4
100863,35,Biryani,377,Coimbatore,Breakfast,27,UPI,Burger King,75,5
100864,32,South Indian,257,Salem,Breakfast,58,Credit Card,Local Kitchen,30,3
100865,31,Biryani,771,Chennai,Breakfast,50,UPI,Local Kitchen,50,3
100866,36,North Indian,363,Chennai,Lunch,31,Wallet,Hotel Aryaas,50,4
100867,25,Biryani,326,Trichy,Dinner,30,Credit Card,A2B,30,4
100868,26,Chinese,383,Trichy,Lunch,32,Cash on Delivery,Saravana Bhavan,50,5
100869,49,South Indian,337,Trichy,Lunch,49,Credit Card,Dominos,30,3
100870,56,Fast Food,521,Bangalore,Lunch,55,Debit Card,Chinese Wok,75,3
100871,31,Biryani,599,Bangalore,Dinner,15,Credit Card,A2B,50,5
100872,28,Chinese,446,Bangalore,Lunch,47,UPI,Hotel Aryaas,30,4
100873,39,South Indian,413,Chennai,Dinner,31,Credit Card,Burger King,30,4
100874,32,Fast Food,642,Bangalore,Dinner,26,UPI,Burger King,30,5
100875,19,North Indian,341,Chennai,Dinner,45,UPI,Hotel Aryaas,20,3
100876,25,Fast Food,338,Coimbatore,Lunch,35,Wallet,Dominos,30,5
100877,41,South Indian,450,Salem,Evening,48,Debit Card,Burger King,75,5
100878,39,South Indian,276,Coimbatore,Lunch,44,Cash on Delivery,KFC,20,5
100879,19,Biryani,262,Salem,Late Night,37,UPI,Local Kitchen,50,4
100880,27,North Indian,372,Chennai,Dinner,50,Credit Card,A2B,0,4
100881,27,Fast Food,401,Coimbatore,Evening,32,UPI,Hotel Aryaas,0,3
100882,40,Biryani,658,Bangalore,Late Night,23,Debit Card,Anjappar,75,5
100883,19,Fast Food,423,Madurai,Dinner,53,Debit Card,Anjappar,75,4
100884,23,South Indian,375,Bangalore,Lunch,32,Debit Card,Hotel Aryaas,30,5
100885,44,South Indian,294,Trichy,Breakfast,36,UPI,Hotel Aryaas,30,4
100886,26,Chinese,619,Chennai,Dinner,28,UPI,KFC,20,4
100887,39,Biryani,361,Salem,Dinner,35,Debit Card,Hotel Aryaas,30,4
100888,27,Fast Food,328,Chennai,Dinner,37,Debit Card,A2B,75,5
100889,23,Pizza,426,Trichy,Dinner,23,UPI,Local Kitchen,0,5
100890,27,Biryani,636,Coimbatore,Evening,23,UPI,SS Hyderabad Biryani,30,4
100891,42,Pizza,510,Trichy,Dinner,25,UPI,Hotel Aryaas,75,4
100892,48,Biryani,531,Bangalore,Dinner,33,UPI,Saravana Bhavan,0,5
100893,46,Pizza,354,Chennai,Evening,38,Credit Card,Anjappar,0,5
100894,31,Fast Food,566,Salem,Evening,47,Debit Card,SS Hyderabad Biryani,30,5
100895,40,South Indian,586,Chennai,Dinner,59,UPI,SS Hyderabad Biryani,30,3
100896,26,Biryani,531,Chennai,Dinner,36,Debit Card,Burger King,50,4
100897,29,Biryani,607,Trichy,Dinner,29,UPI,SS Hyderabad Biryani,0,5
100898,52,Biryani,878,Chennai,Breakfast,15,Debit Card,Saravana Bhavan,30,4
100899,18,Biryani,703,Chennai,Lunch,37,Credit Card,KFC,20,5
100900,22,Fast Food,320,Bangalore,Dinner,32,Cash on Delivery,Anjappar,20,5
100901,26,South Indian,336,Trichy,Dinner,30,Credit Card,Burger King,0,4
100902,19,South Indian,612,Chennai,Evening,27,UPI,Anjappar,0,5
100903,26,Pizza,498,Bangalore,Dinner,28,Cash on Delivery,Hotel Aryaas,50,5
100904,36,Chinese,795,Madurai,Late Night,37,Debit Card,Chinese Wok,30,4
100905,32,South Indian,675,Trichy,Late Night,40,UPI,A2B,50,5
100906,51,Fast Food,371,Salem,Dinner,34,UPI,Local Kitchen,75,5
100907,45,South Indian,283,Madurai,Lunch,42,UPI,Local Kitchen,50,4
100908,30,Fast Food,604,Bangalore,Dinner,47,Cash on Delivery,SS Hyderabad Biryani,100,4
100909,28,Pizza,354,Coimbatore,Lunch,33,UPI,Local Kitchen,20,4
100910,31,Fast Food,398,Chennai,Dinner,46,Credit Card,Chinese Wok,0,4
100911,37,Biryani,355,Madurai,Lunch,24,Credit Card,KFC,30,5
100912,28,Chinese,444,Salem,Dinner,37,Debit Card,Local Kitchen,100,5
100913,38,Biryani,569,Madurai,Dinner,30,Cash on Delivery,Local Kitchen,0,4
100914,32,North Indian,412,Chennai,Dinner,39,Credit Card,A2B,30,4
100915,35,Pizza,467,Coimbatore,Dinner,15,UPI,Burger King,20,4
100916,32,Biryani,425,Bangalore,Breakfast,46,UPI,Local Kitchen,30,4
100917,29,Biryani,608,Madurai,Dinner,34,Credit Card,Dominos,20,3
100918,56,South Indian,663,Madurai,Evening,38,Credit Card,Saravana Bhavan,100,5
100919,43,South Indian,630,Bangalore,Lunch,26,UPI,Chinese Wok,50,5
100920,25,Fast Food,777,Chennai,Late Night,51,UPI,SS Hyderabad Biryani,50,5
100921,49,Chinese,274,Salem,Dinner,37,Debit Card,Anjappar,20,5
100922,34,South Indian,671,Madurai,Dinner,30,Credit Card,Local Kitchen,50,5
100923,51,Fast Food,380,Chennai,Evening,15,Credit Card,A2B,30,5
100924,44,Biryani,402,Coimbatore,Dinner,31,UPI,Anjappar,75,5
100925,32,Chinese,235,Salem,Dinner,15,Debit Card,Dominos,50,5
100926,19,Biryani,539,Trichy,Dinner,35,Credit Card,Dominos,50,5
100927,28,Pizza,284,Coimbatore,Late Night,40,Credit Card,A2B,0,3
100928,35,South Indian,534,Chennai,Evening,41,UPI,Anjappar,30,5
100929,38,South Indian,313,Chennai,Dinner,25,UPI,Anjappar,75,4
100930,28,Pizza,520,Coimbatore,Dinner,28,UPI,Hotel Aryaas,30,5
100931,25,Pizza,667,Bangalore,Evening,33,Cash on Delivery,Chinese Wok,75,4
100932,46,Fast Food,513,Bangalore,Evening,29,Debit Card,Anjappar,30,4
100933,59,Biryani,416,Bangalore,Late Night,17,Cash on Delivery,A2B,75,5
100934,35,Pizza,461,Madurai,Breakfast,28,Cash on Delivery,Hotel Aryaas,30,3
100935,25,South Indian,274,Chennai,Lunch,38,Credit Card,Local Kitchen,75,5
100936,28,Biryani,389,Chennai,Evening,29,Credit Card,A2B,30,5
100937,18,North Indian,495,Coimbatore,Breakfast,32,UPI,Burger King,50,4
100938,53,Biryani,261,Chennai,Dinner,29,Debit Card,Local Kitchen,0,4
100939,24,Biryani,215,Chennai,Lunch,57,UPI,Dominos,20,3
100940,36,Biryani,560,Bangalore,Lunch,35,UPI,Burger King,0,4
100941,28,Chinese,393,Trichy,Dinner,36,UPI,Chinese Wok,0,4
100942,35,Chinese,477,Madurai,Lunch,28,Debit Card,SS Hyderabad Biryani,30,5
100943,39,Fast Food,561,Trichy,Dinner,39,Credit Card,Dominos,30,4
100944,46,Fast Food,460,Bangalore,Dinner,35,UPI,Saravana Bhavan,50,4
100945,26,Fast Food,576,Madurai,Dinner,17,Cash on Delivery,A2B,30,5
100946,18,Chinese,344,Chennai,Dinner,49,Credit Card,Local Kitchen,100,5
100947,25,Biryani,482,Salem,Breakfast,33,UPI,Dominos,20,4
100948,52,North Indian,230,Chennai,Breakfast,39,UPI,Saravana Bhavan,30,5
100949,50,Fast Food,448,Chennai,Lunch,28,Debit Card,Saravana Bhavan,50,4
100950,37,North Indian,286,Coimbatore,Breakfast,38,UPI,A2B,50,3
100951,37,Biryani,864,Salem,Evening,41,Debit Card,KFC,0,5
100952,39,Pizza,398,Salem,Evening,19,Credit Card,A2B,30,3
100953,26,Fast Food,328,Madurai,Dinner,39,Debit Card,A2B,0,4
100954,53,Biryani,406,Bangalore,Lunch,33,Cash on Delivery,Anjappar,0,5
100955,32,Pizza,407,Bangalore,Evening,24,Debit Card,Saravana Bhavan,0,4
100956,31,Pizza,265,Salem,Lunch,51,UPI,Anjappar,0,4
100957,34,Fast Food,636,Madurai,Lunch,25,Credit Card,KFC,0,5
100958,20,Chinese,664,Salem,Dinner,36,UPI,SS Hyderabad Biryani,75,3
100959,25,South Indian,860,Coimbatore,Dinner,22,Credit Card,Chinese Wok,50,5
100960,42,Pizza,680,Coimbatore,Dinner,23,Wallet,SS Hyderabad Biryani,50,4
100961,22,Fast Food,630,Trichy,Dinner,45,UPI,Saravana Bhavan,75,4
100962,37,South Indian,530,Chennai,Dinner,30,Cash on Delivery,Anjappar,50,4
100963,27,South Indian,511,Salem,Dinner,48,Wallet,Dominos,30,3
100964,31,Fast Food,434,Bangalore,Breakfast,30,Wallet,KFC,50,5
100965,29,North Indian,486,Salem,Lunch,29,Debit Card,A2B,50,5
100966,30,Biryani,497,Coimbatore,Dinner,26,Credit Card,Local Kitchen,30,5
100967,41,Biryani,491,Madurai,Lunch,29,UPI,Hotel Aryaas,0,4
100968,29,South Indian,630,Coimbatore,Evening,40,Credit Card,Hotel Aryaas,0,5
100969,36,Chinese,330,Bangalore,Lunch,35,Credit Card,A2B,0,5
100970,33,Biryani,516,Bangalore,Lunch,31,UPI,KFC,30,4
100971,39,Fast Food,404,Salem,Dinner,41,Credit Card,Dominos,30,4
100972,55,North Indian,544,Madurai,Lunch,40,UPI,Burger King,30,4
100973,42,Fast Food,723,Chennai,Evening,31,Credit Card,Hotel Aryaas,20,5
100974,27,Chinese,516,Trichy,Lunch,49,Cash on Delivery,Anjappar,75,4
100975,19,Chinese,757,Coimbatore,Dinner,19,Credit Card,KFC,50,5
100976,28,South Indian,684,Coimbatore,Dinner,38,Debit Card,Saravana Bhavan,0,4
100977,37,North Indian,622,Chennai,Evening,33,Credit Card,Anjappar,0,5
100978,20,Chinese,594,Trichy,Dinner,39,UPI,Saravana Bhavan,30,4
100979,34,South Indian,330,Coimbatore,Lunch,35,UPI,KFC,0,4
100980,37,South Indian,491,Chennai,Dinner,37,Debit Card,Chinese Wok,0,5
100981,30,Chinese,694,Salem,Dinner,16,UPI,Local Kitchen,0,5
100982,43,South Indian,893,Trichy,Late Night,36,Wallet,Saravana Bhavan,100,4
100983,23,Pizza,272,Chennai,Lunch,44,Cash on Delivery,A2B,0,4
100984,21,Fast Food,250,Madurai,Breakfast,28,UPI,Hotel Aryaas,20,4
100985,42,Fast Food,313,Salem,Lunch,44,UPI,Burger King,30,4
100986,34,Biryani,447,Chennai,Lunch,30,Credit Card,Local Kitchen,0,5
100987,40,Biryani,946,Trichy,Lunch,28,Credit Card,KFC,75,5
100988,32,Biryani,451,Bangalore,Lunch,28,UPI,KFC,30,4
100989,27,Pizza,394,Bangalore,Evening,24,UPI,Chinese Wok,50,5
100990,45,Chinese,300,Coimbatore,Late Night,35,Credit Card,SS Hyderabad Biryani,0,4
100991,44,Chinese,458,Madurai,Lunch,28,Debit Card,Anjappar,50,4
100992,41,South Indian,1060,Chennai,Late Night,29,UPI,KFC,0,4
100993,28,Pizza,339,Madurai,Dinner,27,Debit Card,Dominos,20,5
100994,37,South Indian,356,Chennai,Dinner,37,Cash on Delivery,Hotel Aryaas,20,5
100995,30,Pizza,612,Coimbatore,Late Night,21,UPI,A2B,0,5
100996,22,Fast Food,716,Chennai,Dinner,40,UPI,Hotel Aryaas,30,5
100997,53,North Indian,372,Trichy,Dinner,39,Cash on Delivery,Chinese Wok,20,5
100998,25,Chinese,470,Coimbatore,Evening,39,UPI,Local Kitchen,0,4
100999,56,Fast Food,591,Coimbatore,Evening,24,UPI,Dominos,20,4
101000,33,South Indian,468,Coimbatore,Late Night,36,Debit Card,SS Hyderabad Biryani,30,5
101001,26,South Indian,571,Madurai,Evening,47,UPI,Anjappar,0,3
101002,35,Biryani,629,Coimbatore,Breakfast,22,Debit Card,A2B,30,5
101003,49,South Indian,445,Madurai,Dinner,36,UPI,KFC,50,4
101004,42,Fast Food,401,Chennai,Dinner,23,Credit Card,Hotel Aryaas,30,4
101005,45,Biryani,273,Chennai,Dinner,31,UPI,Hotel Aryaas,50,4
101006,39,North Indian,285,Bangalore,Breakfast,34,Wallet,Hotel Aryaas,50,4
101007,40,Chinese,296,Salem,Dinner,28,Credit Card,KFC,30,4
101008,47,Pizza,628,Chennai,Lunch,26,Debit Card,Dominos,30,4
101009,27,Chinese,751,Chennai,Late Night,37,UPI,Chinese Wok,20,4
101010,34,Fast Food,297,Chennai,Lunch,24,Wallet,A2B,100,5
101011,27,South Indian,585,Bangalore,Dinner,39,UPI,A2B,75,3
101012,59,Chinese,293,Coimbatore,Breakfast,51,UPI,Hotel Aryaas,75,5
101013,56,North Indian,231,Trichy,Breakfast,21,UPI,Chinese Wok,0,5
101014,20,Fast Food,872,Chennai,Lunch,21,Cash on Delivery,KFC,50,4
101015,41,Pizza,308,Chennai,Lunch,19,Debit Card,Burger King,100,4
101016,54,North Indian,447,Coimbatore,Dinner,29,Wallet,KFC,75,4
101017,26,Chinese,221,Bangalore,Lunch,43,UPI,Hotel Aryaas,75,4
101018,36,North Indian,621,Madurai,Evening,43,Debit Card,A2B,50,4
101019,53,Fast Food,414,Chennai,Lunch,38,Credit Card,Hotel Aryaas,20,3
101020,19,North Indian,472,Salem,Dinner,36,Credit Card,Local Kitchen,30,4
101021,41,Chinese,478,Coimbatore,Breakfast,47,Credit Card,Saravana Bhavan,20,4
101022,29,Biryani,310,Madurai,Evening,29,Debit Card,KFC,75,4
101023,54,North Indian,344,Bangalore,Dinner,40,Cash on Delivery,KFC,0,5
101024,58,South Indian,284,Chennai,Late Night,54,Credit Card,A2B,0,4
101025,56,South Indian,518,Trichy,Dinner,46,Cash on Delivery,Dominos,20,5
101026,33,South Indian,472,Trichy,Dinner,23,Debit Card,Dominos,30,5
101027,49,Biryani,449,Coimbatore,Breakfast,28,Cash on Delivery,Dominos,30,5
101028,47,South Indian,588,Bangalore,Dinner,54,Debit Card,Local Kitchen,30,5
101029,29,Pizza,510,Chennai,Dinner,28,Credit Card,Burger King,0,4
101030,46,Biryani,427,Madurai,Late Night,50,UPI,Hotel Aryaas,30,4
101031,19,Fast Food,594,Coimbatore,Lunch,30,Cash on Delivery,Dominos,100,4
101032,37,Biryani,357,Trichy,Late Night,32,UPI,Dominos,100,5
101033,27,Fast Food,270,Chennai,Evening,25,UPI,Burger King,30,5
101034,24,Chinese,407,Chennai,Dinner,27,Credit Card,Chinese Wok,20,5
101035,22,Pizza,353,Chennai,Evening,32,Credit Card,Chinese Wok,100,5
101036,41,North Indian,681,Chennai,Evening,36,Debit Card,Hotel Aryaas,0,5
101037,30,South Indian,582,Bangalore,Dinner,30,Debit Card,Saravana Bhavan,75,5
101038,42,Fast Food,323,Chennai,Evening,41,Debit Card,Burger King,20,3
101039,21,North Indian,305,Madurai,Dinner,30,Debit Card,Burger King,75,4
101040,29,Pizza,360,Chennai,Dinner,15,Debit Card,KFC,0,5
101041,35,South Indian,434,Madurai,Dinner,32,Cash on Delivery,KFC,20,4
101042,44,Chinese,446,Bangalore,Lunch,29,Credit Card,Dominos,30,5
101043,29,North Indian,359,Salem,Late Night,49,UPI,Saravana Bhavan,0,4
101044,38,Chinese,486,Salem,Dinner,43,Credit Card,Chinese Wok,20,3
101045,51,Fast Food,343,Trichy,Lunch,44,UPI,A2B,20,5
101046,38,Chinese,781,Madurai,Dinner,41,Cash on Delivery,Dominos,30,4
101047,27,Biryani,415,Coimbatore,Lunch,38,Debit Card,Chinese Wok,0,4
101048,19,Fast Food,599,Madurai,Breakfast,38,Debit Card,Dominos,50,4
101049,49,Fast Food,621,Salem,Evening,43,UPI,Burger King,20,5
101050,19,Biryani,439,Chennai,Dinner,40,Credit Card,Hotel Aryaas,0,4
101051,50,Biryani,371,Bangalore,Lunch,29,Credit Card,Hotel Aryaas,0,4
101052,35,Biryani,270,Chennai,Lunch,20,UPI,Hotel Aryaas,50,5
101053,55,Chinese,333,Bangalore,Late Night,15,Cash on Delivery,A2B,20,5
101054,44,Pizza,416,Coimbatore,Lunch,26,Credit Card,Dominos,50,4
101055,60,North Indian,332,Bangalore,Lunch,27,UPI,Saravana Bhavan,0,5
101056,30,Fast Food,388,Bangalore,Late Night,33,UPI,Burger King,100,4
101057,43,South Indian,832,Salem,Lunch,33,UPI,Dominos,0,5
101058,31,North Indian,404,Bangalore,Dinner,51,UPI,Chinese Wok,20,4
101059,33,Biryani,521,Trichy,Lunch,40,UPI,Burger King,50,4
101060,38,Chinese,624,Coimbatore,Dinner,27,UPI,Burger King,30,4
101061,50,Chinese,796,Coimbatore,Evening,48,Debit Card,SS Hyderabad Biryani,75,3
101062,59,Biryani,537,Coimbatore,Late Night,32,Wallet,Local Kitchen,100,5
101063,43,Pizza,175,Chennai,Evening,40,UPI,Burger King,50,5
101064,32,Pizza,488,Coimbatore,Dinner,39,UPI,Local Kitchen,30,5
101065,32,Biryani,306,Bangalore,Late Night,34,UPI,Saravana Bhavan,0,5
101066,42,Biryani,358,Bangalore,Late Night,48,UPI,Dominos,20,3
101067,27,Biryani,443,Bangalore,Lunch,28,UPI,A2B,0,3
101068,23,Fast Food,618,Coimbatore,Dinner,35,Credit Card,KFC,20,5
101069,30,South Indian,446,Coimbatore,Evening,25,UPI,Hotel Aryaas,0,4
101070,28,South Indian,320,Bangalore,Dinner,38,UPI,Burger King,50,4
101071,29,Fast Food,626,Chennai,Evening,38,Credit Card,Chinese Wok,30,4
101072,27,North Indian,324,Chennai,Evening,35,UPI,SS Hyderabad Biryani,0,5
101073,20,Fast Food,178,Chennai,Lunch,35,UPI,Burger King,30,4
101074,18,Biryani,360,Chennai,Dinner,32,Cash on Delivery,Saravana Bhavan,20,5
101075,59,Fast Food,331,Chennai,Dinner,38,Credit Card,Local Kitchen,30,4
101076,32,South Indian,469,Chennai,Lunch,40,UPI,A2B,20,4
101077,31,Fast Food,613,Chennai,Dinner,22,UPI,SS Hyderabad Biryani,50,5
101078,40,Fast Food,324,Bangalore,Late Night,31,UPI,KFC,0,4
101079,27,Biryani,460,Chennai,Dinner,30,Cash on Delivery,Chinese Wok,0,5
101080,56,Pizza,717,Coimbatore,Evening,41,Wallet,Saravana Bhavan,30,4
101081,44,North Indian,312,Salem,Late Night,46,UPI,KFC,30,5
101082,22,Fast Food,482,Madurai,Dinner,38,UPI,Chinese Wok,0,3
101083,32,Fast Food,949,Coimbatore,Lunch,35,Cash on Delivery,Chinese Wok,50,4
101084,50,South Indian,511,Salem,Dinner,26,UPI,Saravana Bhavan,0,5
101085,56,Chinese,423,Coimbatore,Lunch,53,UPI,Saravana Bhavan,0,5
101086,33,Fast Food,548,Chennai,Dinner,25,UPI,Dominos,0,5
101087,38,North Indian,613,Salem,Late Night,21,Credit Card,Anjappar,30,5
101088,25,South Indian,474,Trichy,Evening,41,UPI,Burger King,50,5
101089,60,South Indian,828,Coimbatore,Evening,29,UPI,Burger King,30,4
101090,27,Chinese,393,Bangalore,Evening,42,Debit Card,Chinese Wok,75,3
101091,56,North Indian,350,Bangalore,Lunch,48,Debit Card,Burger King,30,4
101092,39,Pizza,517,Chennai,Dinner,31,Wallet,Burger King,0,4
101093,37,Biryani,423,Chennai,Dinner,39,UPI,Saravana Bhavan,75,4
101094,34,Fast Food,690,Coimbatore,Breakfast,30,Cash on Delivery,Burger King,75,4
101095,27,South Indian,643,Salem,Dinner,35,UPI,Dominos,75,5
101096,26,Fast Food,494,Chennai,Lunch,33,UPI,Hotel Aryaas,0,4
101097,27,Chinese,553,Madurai,Late Night,44,UPI,Burger King,100,3
101098,26,Pizza,389,Chennai,Evening,29,Credit Card,Dominos,100,5
101099,44,Chinese,496,Coimbatore,Dinner,27,Cash on Delivery,Hotel Aryaas,75,5
101100,30,North Indian,214,Bangalore,Breakfast,32,UPI,A2B,30,4
101101,21,Fast Food,720,Madurai,Lunch,41,Cash on Delivery,A2B,0,4
101102,58,Pizza,521,Chennai,Dinner,26,Debit Card,Saravana Bhavan,0,4
101103,50,Pizza,545,Coimbatore,Evening,22,UPI,Anjappar,30,4
101104,54,Fast Food,443,Bangalore,Late Night,46,UPI,Chinese Wok,75,4
101105,60,Chinese,482,Chennai,Dinner,15,UPI,SS Hyderabad Biryani,20,5
101106,26,Biryani,421,Chennai,Late Night,21,Debit Card,SS Hyderabad Biryani,30,5
101107,31,Pizza,546,Bangalore,Late Night,56,Credit Card,Burger King,20,5
101108,43,South Indian,438,Bangalore,Evening,16,UPI,SS Hyderabad Biryani,50,5
101109,41,Fast Food,435,Chennai,Dinner,30,UPI,Saravana Bhavan,0,4
101110,25,Chinese,192,Bangalore,Dinner,28,UPI,Hotel Aryaas,50,5
101111,45,Chinese,504,Salem,Lunch,15,Debit Card,KFC,50,5
101112,27,Biryani,538,Chennai,Dinner,24,UPI,SS Hyderabad Biryani,50,5
101113,27,Biryani,587,Bangalore,Dinner,37,Cash on Delivery,Dominos,50,5
101114,35,South Indian,545,Chennai,Dinner,42,UPI,Dominos,20,5
101115,37,South Indian,219,Chennai,Breakfast,45,Credit Card,SS Hyderabad Biryani,30,4
101116,36,Pizza,469,Chennai,Dinner,30,UPI,Burger King,0,4
101117,22,North Indian,444,Coimbatore,Lunch,16,UPI,Chinese Wok,50,5
101118,50,South Indian,376,Trichy,Dinner,35,UPI,A2B,0,4
101119,28,Chinese,646,Coimbatore,Evening,48,Debit Card,Anjappar,30,3
101120,24,South Indian,491,Bangalore,Lunch,49,UPI,SS Hyderabad Biryani,50,3
101121,51,Chinese,650,Coimbatore,Late Night,44,Credit Card,A2B,0,4
101122,57,Biryani,250,Chennai,Dinner,20,UPI,Hotel Aryaas,20,5
101123,49,Fast Food,384,Bangalore,Late Night,32,UPI,Hotel Aryaas,20,4
101124,45,Chinese,205,Madurai,Evening,36,Wallet,Anjappar,30,4
101125,39,Biryani,742,Trichy,Dinner,38,UPI,Burger King,20,5
101126,35,Chinese,655,Trichy,Dinner,16,Wallet,Anjappar,0,5
101127,22,Pizza,794,Coimbatore,Dinner,55,Credit Card,Hotel Aryaas,0,4
101128,32,Fast Food,696,Madurai,Breakfast,47,Cash on Delivery,Burger King,20,5
101129,31,South Indian,470,Chennai,Lunch,34,UPI,KFC,20,5
101130,28,Pizza,389,Madurai,Late Night,35,UPI,Chinese Wok,0,5
101131,42,Pizza,554,Salem,Evening,29,UPI,Chinese Wok,100,5
101132,34,Fast Food,396,Chennai,Late Night,46,Credit Card,Chinese Wok,100,3
101133,22,Fast Food,559,Coimbatore,Lunch,22,Cash on Delivery,Anjappar,75,5
101134,27,Chinese,399,Bangalore,Late Night,35,UPI,Local Kitchen,75,5
101135,40,South Indian,610,Madurai,Dinner,26,Debit Card,Chinese Wok,20,4
101136,21,Biryani,326,Chennai,Dinner,34,Credit Card,KFC,20,5
101137,48,Fast Food,602,Salem,Evening,46,Debit Card,Anjappar,20,4
101138,34,North Indian,294,Bangalore,Late Night,28,UPI,KFC,0,3
101139,33,Chinese,412,Chennai,Dinner,36,UPI,A2B,0,5
101140,37,North Indian,267,Chennai,Dinner,33,UPI,Dominos,30,4
101141,45,Pizza,422,Madurai,Breakfast,27,UPI,A2B,100,4
101142,30,North Indian,269,Chennai,Dinner,28,UPI,Dominos,100,5
101143,40,Biryani,373,Chennai,Dinner,28,UPI,Saravana Bhavan,50,4
101144,36,Pizza,527,Bangalore,Lunch,16,UPI,Saravana Bhavan,30,5
101145,28,Biryani,389,Bangalore,Dinner,32,Credit Card,Saravana Bhavan,20,5
101146,50,Chinese,364,Madurai,Breakfast,35,Wallet,A2B,20,5
101147,44,South Indian,342,Coimbatore,Late Night,19,Cash on Delivery,Anjappar,100,4
101148,39,Fast Food,310,Madurai,Late Night,29,UPI,Burger King,75,4
101149,48,Pizza,303,Salem,Evening,32,UPI,Saravana Bhavan,30,4
101150,49,Pizza,589,Chennai,Lunch,42,Wallet,Anjappar,75,4
101151,41,Biryani,690,Madurai,Dinner,51,Credit Card,A2B,50,3
101152,46,South Indian,450,Salem,Breakfast,38,Wallet,Saravana Bhavan,20,4
101153,41,Fast Food,653,Madurai,Evening,20,Credit Card,SS Hyderabad Biryani,30,5
101154,40,Fast Food,814,Madurai,Lunch,25,Cash on Delivery,Anjappar,30,5
101155,38,Pizza,424,Chennai,Evening,35,UPI,Anjappar,0,4
101156,43,Fast Food,372,Bangalore,Breakfast,29,Credit Card,Hotel Aryaas,20,5
101157,25,North Indian,375,Bangalore,Breakfast,34,Credit Card,SS Hyderabad Biryani,0,5
101158,50,Biryani,532,Madurai,Breakfast,42,UPI,SS Hyderabad Biryani,75,4
101159,49,Chinese,1045,Salem,Dinner,32,Debit Card,Saravana Bhavan,30,5
101160,19,Chinese,256,Chennai,Dinner,58,UPI,Dominos,20,2
101161,45,Fast Food,955,Chennai,Lunch,18,UPI,Saravana Bhavan,0,5
101162,24,Fast Food,367,Chennai,Dinner,39,Cash on Delivery,SS Hyderabad Biryani,0,5
101163,30,Pizza,411,Madurai,Dinner,17,Credit Card,Anjappar,20,5
101164,42,Pizza,569,Chennai,Lunch,25,UPI,KFC,20,5
101165,25,Fast Food,985,Bangalore,Dinner,42,UPI,Chinese Wok,30,3
101166,45,South Indian,156,Coimbatore,Dinner,15,UPI,KFC,20,5
101167,46,Biryani,343,Coimbatore,Breakfast,37,UPI,A2B,30,5
101168,34,Biryani,849,Chennai,Evening,22,UPI,Local Kitchen,50,5
101169,18,South Indian,209,Trichy,Evening,33,Debit Card,Chinese Wok,0,4
101170,28,Biryani,295,Bangalore,Dinner,28,Debit Card,Anjappar,30,5
101171,38,Pizza,452,Salem,Lunch,34,UPI,Anjappar,20,4
101172,59,Chinese,333,Bangalore,Late Night,38,UPI,A2B,50,5
101173,38,North Indian,458,Chennai,Dinner,45,UPI,Hotel Aryaas,20,4
101174,28,Chinese,521,Chennai,Evening,35,UPI,Chinese Wok,0,4
101175,38,North Indian,438,Salem,Breakfast,40,Credit Card,SS Hyderabad Biryani,50,4
101176,35,South Indian,641,Madurai,Lunch,33,Cash on Delivery,Hotel Aryaas,50,4
101177,44,South Indian,724,Chennai,Evening,21,Cash on Delivery,Anjappar,30,4
101178,23,North Indian,719,Madurai,Evening,23,UPI,Local Kitchen,0,5
101179,43,Chinese,315,Coimbatore,Dinner,49,UPI,Dominos,30,3
101180,35,Biryani,712,Coimbatore,Dinner,22,Credit Card,Saravana Bhavan,20,5
101181,57,Chinese,983,Chennai,Lunch,36,Credit Card,Saravana Bhavan,0,5
101182,30,North Indian,530,Trichy,Dinner,36,UPI,Anjappar,20,5
101183,38,Pizza,451,Chennai,Breakfast,35,Credit Card,Burger King,75,4
101184,55,South Indian,464,Coimbatore,Evening,44,Credit Card,Saravana Bhavan,30,4
101185,23,Chinese,276,Coimbatore,Dinner,28,Credit Card,SS Hyderabad Biryani,0,5
101186,55,North Indian,557,Chennai,Evening,32,UPI,Chinese Wok,75,4
101187,40,Biryani,374,Bangalore,Dinner,31,Wallet,KFC,50,5
101188,21,Chinese,1008,Chennai,Late Night,15,Credit Card,SS Hyderabad Biryani,30,5
101189,29,Fast Food,686,Coimbatore,Dinner,26,Cash on Delivery,Local Kitchen,20,5
101190,41,Chinese,582,Salem,Lunch,45,Wallet,SS Hyderabad Biryani,0,4
101191,21,South Indian,523,Coimbatore,Evening,54,Cash on Delivery,SS Hyderabad Biryani,50,4
101192,36,Biryani,208,Coimbatore,Breakfast,44,Wallet,Chinese Wok,30,5
101193,30,Biryani,710,Coimbatore,Dinner,38,Debit Card,Burger King,75,4
101194,38,Chinese,136,Bangalore,Dinner,20,UPI,Anjappar,50,5
101195,20,Biryani,375,Trichy,Dinner,36,UPI,Hotel Aryaas,0,4
101196,49,Fast Food,438,Chennai,Dinner,35,UPI,SS Hyderabad Biryani,30,5
101197,58,Pizza,485,Trichy,Dinner,57,UPI,Burger King,20,5
101198,58,Fast Food,909,Madurai,Dinner,17,UPI,A2B,75,5
101199,43,South Indian,755,Madurai,Lunch,21,Cash on Delivery,Saravana Bhavan,20,5
101200,24,North Indian,224,Chennai,Dinner,46,UPI,Hotel Aryaas,30,5
101201,43,Fast Food,335,Chennai,Dinner,49,Debit Card,A2B,30,3
101202,19,Fast Food,805,Bangalore,Lunch,37,Cash on Delivery,SS Hyderabad Biryani,30,5
101203,19,South Indian,443,Trichy,Late Night,30,UPI,A2B,30,4
101204,29,Chinese,288,Bangalore,Late Night,40,UPI,Anjappar,30,4
101205,34,North Indian,504,Chennai,Dinner,56,Cash on Delivery,KFC,20,3
101206,43,North Indian,535,Chennai,Dinner,28,UPI,Anjappar,30,4
101207,40,Pizza,286,Madurai,Lunch,39,UPI,Chinese Wok,0,5
101208,33,Fast Food,577,Madurai,Evening,32,UPI,Saravana Bhavan,30,5
101209,28,Biryani,232,Chennai,Lunch,38,UPI,KFC,30,4
101210,60,Fast Food,788,Chennai,Evening,42,Debit Card,Saravana Bhavan,50,5
101211,32,Biryani,628,Coimbatore,Evening,28,Credit Card,Burger King,0,4
101212,33,Chinese,656,Bangalore,Lunch,44,UPI,Burger King,30,3
101213,25,Chinese,458,Madurai,Dinner,29,Credit Card,A2B,20,4
101214,44,Biryani,739,Trichy,Lunch,40,UPI,Dominos,20,5
101215,41,Pizza,530,Bangalore,Breakfast,15,UPI,SS Hyderabad Biryani,30,4
101216,27,Fast Food,741,Chennai,Evening,42,Credit Card,Chinese Wok,0,3
101217,22,South Indian,482,Madurai,Evening,25,Debit Card,Anjappar,0,4
101218,40,Chinese,759,Salem,Lunch,29,UPI,KFC,0,4
101219,39,South Indian,358,Trichy,Lunch,15,Debit Card,Dominos,100,5
101220,28,South Indian,330,Trichy,Lunch,32,Cash on Delivery,Chinese Wok,0,5
101221,56,Biryani,515,Coimbatore,Lunch,47,Cash on Delivery,Saravana Bhavan,30,5
101222,25,Fast Food,377,Madurai,Evening,18,Credit Card,SS Hyderabad Biryani,0,5
101223,32,Pizza,471,Trichy,Late Night,36,UPI,A2B,50,5
101224,56,North Indian,223,Bangalore,Lunch,15,Debit Card,Local Kitchen,75,5
101225,32,Fast Food,582,Chennai,Dinner,32,UPI,Local Kitchen,30,4
101226,39,South Indian,726,Salem,Lunch,43,UPI,Saravana Bhavan,50,4
101227,31,Chinese,373,Coimbatore,Evening,33,Cash on Delivery,Dominos,50,5
101228,28,North Indian,546,Chennai,Lunch,42,Cash on Delivery,Chinese Wok,50,4
101229,59,Fast Food,629,Chennai,Late Night,29,UPI,KFC,0,5
101230,32,South Indian,677,Bangalore,Evening,60,UPI,Anjappar,75,3
101231,51,Pizza,391,Coimbatore,Dinner,45,Credit Card,KFC,30,4
101232,27,South Indian,268,Chennai,Dinner,36,Wallet,Burger King,0,5
101233,27,Biryani,498,Madurai,Lunch,51,Credit Card,A2B,20,4
101234,19,Chinese,603,Madurai,Late Night,48,Cash on Delivery,Local Kitchen,50,5
101235,39,Biryani,316,Madurai,Lunch,29,Cash on Delivery,Chinese Wok,30,5
101236,31,South Indian,694,Chennai,Breakfast,39,Credit Card,Dominos,0,4
101237,49,South Indian,545,Madurai,Lunch,31,Debit Card,SS Hyderabad Biryani,30,5
101238,33,Pizza,362,Chennai,Lunch,43,Debit Card,A2B,30,5
101239,58,South Indian,827,Coimbatore,Breakfast,50,Debit Card,KFC,50,3
101240,26,Fast Food,388,Coimbatore,Dinner,19,Credit Card,Anjappar,50,5
101241,49,Fast Food,222,Trichy,Lunch,35,Credit Card,Anjappar,20,4
101242,44,Pizza,646,Coimbatore,Dinner,49,Credit Card,Dominos,20,4
101243,43,Biryani,334,Chennai,Breakfast,42,Credit Card,A2B,30,3
101244,47,South Indian,408,Coimbatore,Late Night,38,Credit Card,Anjappar,50,4
101245,43,Biryani,381,Coimbatore,Lunch,45,UPI,Local Kitchen,30,4
101246,38,Pizza,642,Salem,Dinner,21,Debit Card,A2B,0,5
101247,24,South Indian,512,Salem,Dinner,40,UPI,Hotel Aryaas,100,4
101248,19,Fast Food,302,Chennai,Lunch,46,UPI,Burger King,0,3
101249,54,Fast Food,298,Chennai,Lunch,40,Cash on Delivery,SS Hyderabad Biryani,75,4
101250,38,Pizza,284,Chennai,Lunch,22,UPI,SS Hyderabad Biryani,75,5
101251,44,South Indian,394,Madurai,Lunch,30,Credit Card,Chinese Wok,0,4
101252,34,Chinese,679,Chennai,Lunch,34,Debit Card,Dominos,50,5
101253,24,North Indian,429,Chennai,Dinner,26,Credit Card,SS Hyderabad Biryani,30,5
101254,24,North Indian,791,Bangalore,Evening,25,UPI,A2B,20,4
101255,40,Fast Food,456,Chennai,Dinner,39,UPI,SS Hyderabad Biryani,0,5
101256,32,North Indian,271,Chennai,Breakfast,50,UPI,SS Hyderabad Biryani,30,4
101257,26,Biryani,247,Coimbatore,Dinner,15,UPI,Saravana Bhavan,30,4
101258,34,Fast Food,682,Chennai,Lunch,29,UPI,Anjappar,30,4
101259,21,North Indian,567,Bangalore,Evening,27,Credit Card,Saravana Bhavan,0,5
101260,36,Fast Food,340,Salem,Breakfast,49,UPI,Burger King,30,3
101261,28,Fast Food,264,Chennai,Lunch,41,Wallet,Hotel Aryaas,75,4
101262,44,Fast Food,328,Coimbatore,Dinner,48,Debit Card,Burger King,75,4
101263,29,South Indian,590,Salem,Dinner,43,Credit Card,KFC,0,3
101264,33,South Indian,669,Trichy,Dinner,46,Debit Card,Saravana Bhavan,30,4
101265,18,Chinese,254,Coimbatore,Dinner,37,UPI,Burger King,30,5
101266,21,North Indian,304,Madurai,Late Night,39,Credit Card,Anjappar,30,4
101267,31,Chinese,867,Chennai,Evening,39,Cash on Delivery,Anjappar,50,5
101268,33,Biryani,595,Madurai,Evening,34,Debit Card,Saravana Bhavan,50,4
101269,37,North Indian,297,Salem,Lunch,34,Credit Card,Local Kitchen,20,5
101270,29,Fast Food,349,Bangalore,Breakfast,39,Wallet,A2B,0,5
101271,41,Biryani,771,Coimbatore,Dinner,38,Debit Card,SS Hyderabad Biryani,20,3
101272,48,Biryani,380,Chennai,Lunch,36,UPI,Anjappar,0,5
101273,44,South Indian,396,Bangalore,Evening,36,UPI,Chinese Wok,50,4
101274,20,Biryani,393,Bangalore,Lunch,41,UPI,SS Hyderabad Biryani,50,4
101275,33,Biryani,395,Bangalore,Dinner,33,Cash on Delivery,SS Hyderabad Biryani,100,4
101276,23,Fast Food,614,Chennai,Late Night,22,UPI,Anjappar,75,4
101277,27,Fast Food,506,Bangalore,Lunch,36,UPI,Anjappar,0,5
101278,59,South Indian,611,Bangalore,Dinner,25,Debit Card,KFC,30,4
101279,25,Pizza,355,Chennai,Dinner,44,UPI,KFC,50,3
101280,34,Pizza,196,Chennai,Late Night,28,UPI,Saravana Bhavan,75,5
101281,38,Fast Food,372,Chennai,Lunch,29,Cash on Delivery,A2B,20,5
101282,41,Fast Food,414,Madurai,Dinner,38,Credit Card,Hotel Aryaas,100,4
101283,36,North Indian,532,Bangalore,Lunch,34,Credit Card,Burger King,30,5
101284,18,Biryani,404,Trichy,Dinner,46,UPI,Saravana Bhavan,30,5
101285,29,Pizza,308,Coimbatore,Dinner,32,Debit Card,A2B,20,5
101286,34,Biryani,242,Salem,Dinner,31,Cash on Delivery,Burger King,0,3
101287,22,North Indian,1042,Madurai,Lunch,26,Debit Card,Local Kitchen,30,5
101288,30,Fast Food,624,Coimbatore,Dinner,22,Credit Card,Saravana Bhavan,0,5
101289,19,South Indian,501,Chennai,Evening,29,UPI,Dominos,75,4
101290,22,Chinese,468,Chennai,Lunch,38,Cash on Delivery,Chinese Wok,0,4
101291,31,South Indian,372,Salem,Dinner,47,Credit Card,Anjappar,75,3
101292,24,Fast Food,427,Coimbatore,Dinner,43,Cash on Delivery,Local Kitchen,75,3
101293,36,South Indian,316,Coimbatore,Late Night,28,UPI,SS Hyderabad Biryani,20,5
101294,40,Chinese,455,Chennai,Dinner,36,Debit Card,A2B,0,4
101295,45,Biryani,590,Trichy,Breakfast,34,Wallet,SS Hyderabad Biryani,75,4
101296,26,Biryani,417,Chennai,Lunch,46,UPI,Chinese Wok,75,4
101297,25,South Indian,218,Coimbatore,Breakfast,47,Wallet,KFC,30,5
101298,23,Biryani,543,Coimbatore,Lunch,15,UPI,A2B,0,5
101299,38,Chinese,501,Coimbatore,Evening,48,UPI,A2B,30,5
101300,41,Biryani,641,Coimbatore,Lunch,18,Debit Card,A2B,100,5
101301,19,South Indian,435,Bangalore,Lunch,37,UPI,SS Hyderabad Biryani,0,5
101302,55,Biryani,614,Trichy,Dinner,15,Debit Card,Hotel Aryaas,30,4
101303,20,South Indian,244,Trichy,Dinner,44,UPI,SS Hyderabad Biryani,75,3
101304,35,Biryani,309,Madurai,Dinner,31,Credit Card,Anjappar,50,5
101305,41,Biryani,401,Chennai,Evening,41,Debit Card,Local Kitchen,20,5
101306,49,Biryani,456,Madurai,Evening,31,UPI,SS Hyderabad Biryani,75,5
101307,41,North Indian,630,Chennai,Lunch,44,UPI,Burger King,30,4
101308,45,Biryani,501,Chennai,Evening,17,Wallet,Burger King,75,4
101309,30,Chinese,320,Salem,Dinner,40,Cash on Delivery,Hotel Aryaas,30,4
101310,45,Biryani,555,Trichy,Evening,38,Cash on Delivery,SS Hyderabad Biryani,20,3
101311,22,Biryani,349,Bangalore,Dinner,38,UPI,A2B,75,4
101312,51,South Indian,390,Trichy,Late Night,39,Debit Card,A2B,75,5
101313,35,South Indian,568,Salem,Evening,45,Wallet,Saravana Bhavan,20,4
101314,45,North Indian,339,Bangalore,Lunch,44,UPI,Saravana Bhavan,0,4
101315,33,North Indian,559,Bangalore,Late Night,20,Cash on Delivery,SS Hyderabad Biryani,100,5
101316,39,Pizza,250,Madurai,Dinner,35,UPI,Burger King,30,4
101317,35,South Indian,322,Chennai,Dinner,38,Credit Card,SS Hyderabad Biryani,100,4
101318,42,South Indian,313,Chennai,Dinner,33,UPI,Chinese Wok,20,4
101319,22,Fast Food,358,Madurai,Breakfast,36,Credit Card,Dominos,0,4
101320,21,North Indian,355,Coimbatore,Breakfast,39,UPI,SS Hyderabad Biryani,0,4
101321,27,South Indian,316,Chennai,Lunch,42,UPI,Burger King,20,4
101322,25,South Indian,411,Coimbatore,Lunch,40,UPI,Local Kitchen,30,5
101323,49,Fast Food,235,Coimbatore,Evening,43,Credit Card,A2B,0,4
101324,27,Biryani,234,Salem,Lunch,54,UPI,Saravana Bhavan,30,5
101325,58,North Indian,525,Madurai,Dinner,32,UPI,Local Kitchen,0,5
101326,30,Fast Food,285,Bangalore,Dinner,33,Wallet,Burger King,100,4
101327,26,South Indian,375,Salem,Evening,41,UPI,Hotel Aryaas,20,4
101328,44,Biryani,460,Trichy,Breakfast,34,Cash on Delivery,Dominos,100,4
101329,39,Pizza,825,Bangalore,Dinner,31,UPI,Chinese Wok,30,4
101330,34,Biryani,450,Trichy,Lunch,29,UPI,A2B,30,4
101331,35,Pizza,681,Coimbatore,Dinner,40,UPI,Burger King,0,5
101332,41,Biryani,497,Chennai,Dinner,39,Cash on Delivery,A2B,0,5
101333,27,Pizza,921,Chennai,Dinner,53,Cash on Delivery,Chinese Wok,30,4
101334,60,Chinese,651,Bangalore,Lunch,24,UPI,Hotel Aryaas,20,4
101335,58,Biryani,457,Bangalore,Dinner,24,UPI,Burger King,0,4
101336,39,South Indian,562,Bangalore,Lunch,35,Debit Card,A2B,0,4
101337,26,Fast Food,409,Madurai,Lunch,26,UPI,Hotel Aryaas,30,5
101338,40,Biryani,408,Chennai,Evening,16,Cash on Delivery,SS Hyderabad Biryani,20,4
101339,21,Pizza,901,Chennai,Late Night,30,Debit Card,KFC,75,5
101340,19,Fast Food,289,Bangalore,Lunch,56,Cash on Delivery,A2B,0,5
101341,28,Fast Food,440,Chennai,Late Night,59,UPI,Burger King,0,3
101342,33,Biryani,516,Bangalore,Breakfast,39,UPI,Saravana Bhavan,100,4
101343,49,Fast Food,379,Bangalore,Breakfast,23,Wallet,Saravana Bhavan,0,4
101344,42,Pizza,527,Bangalore,Dinner,26,UPI,Burger King,75,4
101345,42,Fast Food,408,Coimbatore,Lunch,35,UPI,Burger King,75,4
101346,32,North Indian,559,Bangalore,Lunch,29,Debit Card,Local Kitchen,100,4
101347,30,North Indian,295,Trichy,Lunch,36,UPI,Hotel Aryaas,30,4
101348,31,Biryani,346,Salem,Lunch,34,Cash on Delivery,Anjappar,30,5
101349,59,Biryani,328,Trichy,Lunch,22,Wallet,KFC,20,5
101350,20,Pizza,257,Bangalore,Dinner,34,UPI,Hotel Aryaas,100,5
101351,49,Fast Food,712,Chennai,Dinner,39,UPI,A2B,50,3
101352,36,Biryani,367,Madurai,Late Night,30,UPI,Anjappar,50,4
101353,32,Fast Food,635,Salem,Dinner,43,UPI,Hotel Aryaas,20,3
101354,42,South Indian,376,Chennai,Dinner,35,UPI,Hotel Aryaas,20,4
101355,34,Pizza,465,Chennai,Dinner,33,UPI,Anjappar,30,5
101356,50,Biryani,853,Chennai,Dinner,35,UPI,Hotel Aryaas,0,4
101357,52,Biryani,639,Madurai,Lunch,29,Credit Card,Dominos,20,5
101358,32,North Indian,641,Coimbatore,Lunch,38,Debit Card,Dominos,30,5
101359,28,Chinese,406,Chennai,Dinner,25,Wallet,KFC,50,5
101360,37,South Indian,282,Trichy,Lunch,58,UPI,Chinese Wok,30,4
101361,53,Pizza,311,Bangalore,Late Night,54,Debit Card,Burger King,20,2
101362,26,South Indian,407,Coimbatore,Dinner,33,Credit Card,SS Hyderabad Biryani,0,4
101363,38,Chinese,770,Coimbatore,Lunch,40,Credit Card,KFC,50,5
101364,38,Fast Food,525,Coimbatore,Dinner,40,Debit Card,A2B,50,4
101365,42,Fast Food,657,Coimbatore,Lunch,40,UPI,A2B,75,4
101366,24,Chinese,517,Coimbatore,Late Night,41,UPI,Hotel Aryaas,0,3
101367,41,Fast Food,366,Bangalore,Late Night,42,UPI,Dominos,30,5
101368,53,North Indian,367,Madurai,Dinner,41,UPI,KFC,30,4
101369,26,Fast Food,510,Bangalore,Lunch,26,Credit Card,Chinese Wok,50,5
101370,27,North Indian,868,Coimbatore,Lunch,38,UPI,Local Kitchen,30,4
101371,58,North Indian,409,Bangalore,Evening,27,UPI,Chinese Wok,50,4
101372,26,Fast Food,645,Trichy,Dinner,39,UPI,Local Kitchen,0,4
101373,48,Pizza,458,Chennai,Lunch,43,UPI,Local Kitchen,0,5
101374,34,South Indian,293,Chennai,Lunch,38,UPI,A2B,20,4
101375,27,North Indian,562,Bangalore,Breakfast,41,Credit Card,A2B,30,4
101376,49,South Indian,402,Bangalore,Evening,36,UPI,Chinese Wok,50,5
101377,33,Chinese,484,Chennai,Dinner,52,Wallet,KFC,20,3
101378,34,South Indian,369,Madurai,Breakfast,38,UPI,SS Hyderabad Biryani,50,4
101379,30,Fast Food,646,Bangalore,Lunch,25,UPI,Chinese Wok,75,5
101380,37,Biryani,596,Salem,Dinner,29,UPI,Hotel Aryaas,30,5
101381,25,South Indian,303,Chennai,Dinner,38,Debit Card,SS Hyderabad Biryani,100,3
101382,31,Chinese,282,Madurai,Dinner,47,Debit Card,A2B,0,4
101383,58,South Indian,427,Chennai,Dinner,38,Cash on Delivery,Chinese Wok,20,4
101384,28,Chinese,352,Bangalore,Lunch,36,UPI,A2B,100,4
101385,39,Fast Food,513,Bangalore,Evening,23,UPI,SS Hyderabad Biryani,0,5
101386,29,South Indian,572,Coimbatore,Late Night,53,Cash on Delivery,Saravana Bhavan,75,5
101387,44,Biryani,933,Trichy,Late Night,21,Debit Card,Dominos,100,5
101388,24,Pizza,421,Chennai,Dinner,19,UPI,Saravana Bhavan,30,4
101389,58,North Indian,264,Bangalore,Dinner,29,Cash on Delivery,Hotel Aryaas,0,5
101390,33,Fast Food,375,Chennai,Late Night,40,Debit Card,Saravana Bhavan,30,4
101391,27,Biryani,261,Madurai,Evening,30,UPI,Dominos,0,4
101392,21,Biryani,342,Chennai,Lunch,28,UPI,SS Hyderabad Biryani,20,4
101393,25,Chinese,486,Trichy,Dinner,26,Credit Card,Saravana Bhavan,0,4
101394,35,South Indian,437,Trichy,Late Night,52,Debit Card,A2B,0,3
101395,30,Pizza,548,Trichy,Dinner,37,UPI,Burger King,50,5
101396,46,Fast Food,376,Chennai,Dinner,43,UPI,Anjappar,100,5
101397,32,Pizza,248,Bangalore,Evening,55,UPI,Saravana Bhavan,50,4
101398,27,Chinese,827,Chennai,Breakfast,54,Cash on Delivery,KFC,20,5
101399,38,Fast Food,392,Trichy,Lunch,25,UPI,Saravana Bhavan,20,4
101400,41,South Indian,184,Madurai,Late Night,36,Credit Card,Local Kitchen,100,4
101401,25,Biryani,468,Bangalore,Evening,42,Debit Card,Dominos,0,4
101402,25,South Indian,504,Madurai,Breakfast,35,Debit Card,Hotel Aryaas,0,5
101403,19,Pizza,241,Chennai,Late Night,27,Debit Card,Hotel Aryaas,20,5
101404,42,South Indian,425,Bangalore,Evening,15,Debit Card,A2B,20,4
101405,39,Pizza,509,Coimbatore,Dinner,47,Credit Card,Hotel Aryaas,30,5
101406,33,South Indian,634,Salem,Dinner,52,UPI,KFC,50,3
101407,47,Biryani,673,Trichy,Lunch,41,UPI,Saravana Bhavan,50,3
101408,45,South Indian,540,Madurai,Dinner,34,Credit Card,Saravana Bhavan,30,4
101409,37,South Indian,622,Salem,Late Night,28,UPI,Local Kitchen,75,5
101410,49,Fast Food,632,Coimbatore,Breakfast,35,Credit Card,Hotel Aryaas,30,5
101411,26,Biryani,500,Trichy,Dinner,47,Debit Card,A2B,0,4
101412,23,Fast Food,736,Coimbatore,Lunch,40,UPI,SS Hyderabad Biryani,20,5
101413,28,Biryani,711,Madurai,Evening,15,Credit Card,KFC,50,4
101414,20,Biryani,170,Madurai,Evening,50,Cash on Delivery,Burger King,30,4
101415,35,Fast Food,240,Chennai,Dinner,41,Credit Card,Local Kitchen,30,4
101416,55,Fast Food,498,Coimbatore,Evening,23,UPI,Dominos,20,4
101417,20,North Indian,435,Chennai,Evening,40,Credit Card,Burger King,20,4
101418,24,Fast Food,318,Salem,Dinner,36,UPI,KFC,30,4
101419,33,Chinese,496,Chennai,Breakfast,36,UPI,Chinese Wok,0,4
101420,55,South Indian,709,Bangalore,Breakfast,24,Credit Card,KFC,20,5
101421,29,Chinese,376,Madurai,Breakfast,31,UPI,Chinese Wok,30,4
101422,34,Fast Food,408,Chennai,Dinner,18,Debit Card,A2B,0,5
101423,20,North Indian,503,Coimbatore,Evening,46,Credit Card,KFC,0,5
101424,25,South Indian,542,Bangalore,Dinner,25,UPI,Anjappar,0,5
101425,59,Pizza,524,Chennai,Evening,45,UPI,SS Hyderabad Biryani,20,5
101426,57,Fast Food,230,Madurai,Lunch,40,UPI,Local Kitchen,30,5
101427,18,Biryani,812,Coimbatore,Dinner,30,UPI,KFC,0,5
101428,56,Chinese,560,Chennai,Lunch,27,Debit Card,Local Kitchen,75,4
101429,39,Biryani,1064,Bangalore,Late Night,36,UPI,Saravana Bhavan,30,5
101430,49,South Indian,557,Coimbatore,Lunch,45,Credit Card,SS Hyderabad Biryani,30,4
101431,33,Biryani,354,Salem,Lunch,42,Cash on Delivery,KFC,0,3
101432,34,Chinese,458,Trichy,Evening,40,Credit Card,Chinese Wok,0,4
101433,34,North Indian,355,Coimbatore,Breakfast,32,UPI,Chinese Wok,30,4
101434,40,South Indian,639,Coimbatore,Breakfast,42,Debit Card,A2B,50,4
101435,25,Pizza,553,Coimbatore,Evening,19,UPI,Saravana Bhavan,75,5
101436,19,South Indian,562,Chennai,Lunch,36,Credit Card,Anjappar,30,4
101437,29,South Indian,263,Bangalore,Breakfast,34,Cash on Delivery,Saravana Bhavan,30,4
101438,41,North Indian,812,Trichy,Lunch,22,Credit Card,Chinese Wok,30,5
101439,26,Pizza,581,Coimbatore,Evening,31,UPI,Burger King,20,4
101440,40,Pizza,182,Chennai,Evening,51,Debit Card,Chinese Wok,100,3
101441,58,Fast Food,460,Coimbatore,Lunch,40,UPI,Anjappar,100,4
101442,22,South Indian,574,Chennai,Dinner,43,Cash on Delivery,A2B,30,4
101443,40,Fast Food,469,Madurai,Dinner,30,Cash on Delivery,Chinese Wok,20,4
101444,33,South Indian,735,Bangalore,Dinner,17,Credit Card,A2B,75,5
101445,49,South Indian,362,Coimbatore,Evening,49,UPI,Burger King,0,4
101446,26,Pizza,517,Coimbatore,Lunch,27,Credit Card,A2B,30,5
101447,41,North Indian,348,Trichy,Evening,31,UPI,Local Kitchen,50,3
101448,46,Fast Food,381,Chennai,Dinner,21,UPI,SS Hyderabad Biryani,0,4
101449,56,Biryani,194,Trichy,Evening,48,UPI,Dominos,20,4
101450,40,Pizza,460,Coimbatore,Lunch,37,UPI,Dominos,20,4
101451,34,Biryani,392,Trichy,Breakfast,33,Credit Card,Local Kitchen,50,3
101452,38,Chinese,545,Madurai,Late Night,40,Debit Card,Chinese Wok,100,5
101453,49,Biryani,606,Chennai,Dinner,30,Wallet,KFC,0,5
101454,36,Fast Food,258,Trichy,Lunch,28,UPI,SS Hyderabad Biryani,0,4
101455,19,North Indian,349,Madurai,Lunch,22,UPI,Saravana Bhavan,100,5
101456,55,Biryani,442,Chennai,Dinner,21,UPI,Burger King,30,4
101457,40,South Indian,730,Chennai,Lunch,45,Wallet,Hotel Aryaas,0,5
101458,40,Fast Food,370,Bangalore,Dinner,47,UPI,Burger King,0,4
101459,27,North Indian,160,Bangalore,Dinner,17,Cash on Delivery,Burger King,100,5
101460,39,Pizza,689,Madurai,Evening,33,Cash on Delivery,Burger King,20,4
101461,31,Fast Food,526,Madurai,Breakfast,35,UPI,Anjappar,100,4
101462,39,Biryani,538,Bangalore,Lunch,27,UPI,Chinese Wok,30,4
101463,23,Chinese,671,Madurai,Late Night,26,UPI,Burger King,50,4
101464,39,Fast Food,491,Bangalore,Evening,35,UPI,A2B,20,5
101465,60,Chinese,756,Chennai,Dinner,27,UPI,Chinese Wok,0,4
101466,20,Biryani,581,Salem,Dinner,34,Credit Card,A2B,50,4
101467,59,Biryani,554,Chennai,Late Night,23,Debit Card,Burger King,0,4
101468,32,Chinese,321,Coimbatore,Late Night,28,UPI,SS Hyderabad Biryani,50,5
101469,49,Biryani,291,Madurai,Evening,31,UPI,Saravana Bhavan,0,5
101470,44,Pizza,709,Coimbatore,Lunch,31,Credit Card,A2B,30,5
101471,36,Biryani,285,Chennai,Dinner,45,UPI,Chinese Wok,50,4
101472,42,Biryani,827,Chennai,Dinner,28,Credit Card,A2B,0,5
101473,50,North Indian,645,Bangalore,Evening,43,UPI,Local Kitchen,20,5
101474,32,South Indian,403,Salem,Dinner,15,UPI,Chinese Wok,30,5
101475,30,Chinese,378,Bangalore,Lunch,34,Debit Card,Hotel Aryaas,50,4
101476,40,Biryani,391,Bangalore,Lunch,15,Debit Card,Anjappar,20,5
101477,45,South Indian,304,Coimbatore,Dinner,46,UPI,Dominos,75,4
101478,43,Chinese,594,Chennai,Lunch,54,UPI,A2B,30,3
101479,44,Fast Food,571,Chennai,Evening,34,UPI,Chinese Wok,20,5
101480,32,Pizza,442,Chennai,Late Night,51,UPI,SS Hyderabad Biryani,20,4
101481,45,South Indian,293,Coimbatore,Dinner,26,Credit Card,Anjappar,50,4
101482,24,Fast Food,809,Chennai,Late Night,44,UPI,Anjappar,50,4
101483,35,South Indian,302,Chennai,Dinner,42,UPI,Hotel Aryaas,30,5
101484,18,South Indian,411,Madurai,Dinner,32,UPI,SS Hyderabad Biryani,20,5
101485,29,Biryani,372,Trichy,Dinner,34,Debit Card,Dominos,0,3
101486,31,Fast Food,320,Salem,Lunch,37,UPI,A2B,30,3
101487,31,Fast Food,241,Bangalore,Evening,36,Cash on Delivery,Chinese Wok,30,3
101488,41,Fast Food,265,Chennai,Lunch,37,UPI,Hotel Aryaas,0,5
101489,31,Pizza,354,Madurai,Late Night,55,UPI,SS Hyderabad Biryani,0,3
101490,33,South Indian,461,Chennai,Lunch,54,Cash on Delivery,SS Hyderabad Biryani,75,4
101491,27,North Indian,717,Bangalore,Lunch,42,Credit Card,A2B,0,5
101492,31,Fast Food,379,Madurai,Dinner,55,UPI,A2B,0,3
101493,27,Fast Food,357,Madurai,Evening,23,Credit Card,Anjappar,30,5
101494,21,Pizza,278,Salem,Breakfast,42,UPI,Anjappar,20,4
101495,37,South Indian,361,Madurai,Lunch,43,Debit Card,Hotel Aryaas,20,5
101496,40,South Indian,444,Madurai,Dinner,30,UPI,Saravana Bhavan,30,5
101497,38,Biryani,394,Chennai,Evening,56,Cash on Delivery,Anjappar,100,3
101498,33,Fast Food,375,Salem,Lunch,50,Credit Card,KFC,20,3
101499,31,Fast Food,511,Chennai,Evening,39,Debit Card,Burger King,0,4
101500,49,North Indian,585,Trichy,Lunch,27,Debit Card,A2B,0,5
101501,34,Fast Food,560,Coimbatore,Lunch,19,UPI,Chinese Wok,0,4
101502,33,Pizza,419,Chennai,Late Night,24,Cash on Delivery,Local Kitchen,50,5
101503,19,Chinese,620,Trichy,Evening,50,UPI,Hotel Aryaas,100,4
101504,30,Fast Food,420,Chennai,Breakfast,31,UPI,Anjappar,0,5
101505,31,South Indian,646,Trichy,Late Night,46,Credit Card,Dominos,20,4
101506,31,Pizza,816,Chennai,Dinner,38,Wallet,A2B,75,4
101507,36,Pizza,185,Trichy,Lunch,15,UPI,Hotel Aryaas,75,5
101508,35,Biryani,493,Madurai,Evening,31,Wallet,Local Kitchen,0,3
101509,37,Fast Food,733,Bangalore,Dinner,24,UPI,KFC,75,4
101510,43,Fast Food,500,Coimbatore,Evening,42,Cash on Delivery,Local Kitchen,30,4
101511,45,Biryani,738,Chennai,Dinner,43,Credit Card,Local Kitchen,100,5
101512,41,South Indian,594,Trichy,Dinner,32,UPI,A2B,0,5
101513,57,Pizza,384,Chennai,Evening,49,Cash on Delivery,Local Kitchen,50,3
101514,18,Fast Food,610,Coimbatore,Dinner,45,UPI,KFC,0,5
101515,26,Chinese,251,Bangalore,Evening,30,Debit Card,Local Kitchen,50,5
101516,18,Chinese,412,Coimbatore,Breakfast,39,Cash on Delivery,Anjappar,100,4
101517,39,Fast Food,463,Chennai,Dinner,26,Cash on Delivery,Saravana Bhavan,20,5
101518,52,Biryani,420,Chennai,Lunch,31,Debit Card,Saravana Bhavan,20,5
101519,27,Chinese,291,Chennai,Evening,40,UPI,Burger King,0,3
101520,54,Pizza,469,Trichy,Dinner,35,Credit Card,SS Hyderabad Biryani,20,3
101521,21,Chinese,420,Chennai,Dinner,20,Credit Card,SS Hyderabad Biryani,30,5
101522,55,Biryani,322,Salem,Evening,38,Cash on Delivery,Saravana Bhavan,30,4
101523,30,Biryani,826,Chennai,Dinner,31,UPI,Saravana Bhavan,50,5
101524,23,Biryani,356,Chennai,Lunch,26,Credit Card,A2B,30,4
101525,34,South Indian,387,Bangalore,Dinner,23,UPI,KFC,0,5
101526,28,Chinese,505,Chennai,Dinner,32,UPI,SS Hyderabad Biryani,30,5
101527,28,Biryani,399,Bangalore,Dinner,37,UPI,Chinese Wok,0,4
101528,29,Pizza,451,Trichy,Dinner,32,UPI,SS Hyderabad Biryani,30,5
101529,45,South Indian,598,Chennai,Lunch,37,Debit Card,Hotel Aryaas,30,3
101530,35,Chinese,256,Madurai,Lunch,31,Credit Card,Burger King,20,4
101531,29,North Indian,739,Coimbatore,Lunch,40,Credit Card,Hotel Aryaas,20,4
101532,37,Biryani,384,Chennai,Dinner,33,Cash on Delivery,Local Kitchen,20,4
101533,41,North Indian,275,Chennai,Lunch,18,UPI,Chinese Wok,0,5
101534,28,Biryani,406,Salem,Late Night,22,UPI,Chinese Wok,75,5
101535,32,Fast Food,435,Chennai,Dinner,29,UPI,Hotel Aryaas,30,5
101536,24,Pizza,238,Trichy,Breakfast,47,Debit Card,KFC,30,4
101537,26,North Indian,568,Bangalore,Dinner,24,Credit Card,Hotel Aryaas,0,4
101538,40,South Indian,289,Chennai,Dinner,38,Credit Card,Saravana Bhavan,30,4
101539,26,South Indian,503,Coimbatore,Lunch,38,Debit Card,Dominos,20,5
101540,35,Chinese,507,Trichy,Evening,22,Credit Card,KFC,20,4
101541,41,Pizza,414,Madurai,Evening,31,Cash on Delivery,Hotel Aryaas,20,5
101542,23,Biryani,359,Coimbatore,Lunch,36,UPI,Burger King,0,4
101543,36,Pizza,634,Trichy,Dinner,31,Cash on Delivery,SS Hyderabad Biryani,50,5
101544,28,South Indian,386,Chennai,Late Night,40,UPI,Dominos,0,5
101545,57,South Indian,436,Trichy,Evening,39,UPI,A2B,30,5
101546,34,South Indian,360,Trichy,Dinner,36,Debit Card,Chinese Wok,20,3
101547,45,South Indian,378,Madurai,Lunch,43,UPI,Hotel Aryaas,50,4
101548,35,North Indian,331,Trichy,Dinner,34,Credit Card,Local Kitchen,50,5
101549,20,South Indian,430,Bangalore,Dinner,35,Debit Card,Chinese Wok,50,5
101550,38,North Indian,444,Bangalore,Lunch,37,UPI,Local Kitchen,75,5
101551,56,Biryani,380,Bangalore,Dinner,23,UPI,Chinese Wok,50,4
101552,37,Chinese,357,Coimbatore,Lunch,40,UPI,Saravana Bhavan,20,4
101553,45,Pizza,707,Bangalore,Breakfast,28,Cash on Delivery,KFC,20,4
101554,50,Chinese,473,Chennai,Dinner,32,Credit Card,SS Hyderabad Biryani,75,4
101555,27,South Indian,655,Coimbatore,Evening,39,Credit Card,Saravana Bhavan,75,5
101556,27,South Indian,481,Coimbatore,Dinner,38,UPI,Hotel Aryaas,100,4
101557,37,Pizza,332,Chennai,Dinner,20,Credit Card,Hotel Aryaas,75,5
101558,32,Pizza,454,Coimbatore,Breakfast,20,Credit Card,Local Kitchen,0,4
101559,47,Biryani,517,Trichy,Lunch,24,UPI,KFC,20,5
101560,52,Pizza,309,Coimbatore,Evening,36,UPI,SS Hyderabad Biryani,20,3
101561,30,Fast Food,284,Madurai,Lunch,47,UPI,Hotel Aryaas,20,4
101562,27,Fast Food,424,Chennai,Breakfast,29,UPI,Burger King,20,5
101563,44,Pizza,281,Coimbatore,Breakfast,25,UPI,Dominos,50,4
101564,28,South Indian,145,Chennai,Dinner,25,Debit Card,Chinese Wok,50,5
101565,45,Pizza,483,Chennai,Late Night,38,Credit Card,SS Hyderabad Biryani,0,5
101566,32,Fast Food,273,Bangalore,Lunch,45,UPI,SS Hyderabad Biryani,0,4
101567,40,Biryani,434,Bangalore,Lunch,44,Credit Card,Local Kitchen,0,4
101568,22,South Indian,378,Chennai,Dinner,27,Cash on Delivery,SS Hyderabad Biryani,20,5
101569,38,Biryani,315,Coimbatore,Late Night,19,Cash on Delivery,Dominos,50,5
101570,33,Chinese,618,Trichy,Lunch,35,Debit Card,Chinese Wok,20,4
101571,37,Fast Food,530,Chennai,Dinner,49,UPI,SS Hyderabad Biryani,20,5
101572,25,South Indian,591,Chennai,Evening,38,UPI,Burger King,0,5
101573,42,Biryani,728,Bangalore,Late Night,20,UPI,Hotel Aryaas,30,4
101574,49,Fast Food,550,Chennai,Lunch,33,Debit Card,Hotel Aryaas,20,4
101575,27,Pizza,371,Salem,Late Night,24,UPI,Anjappar,50,5
101576,22,Biryani,330,Bangalore,Evening,37,Credit Card,Saravana Bhavan,0,4
101577,19,Chinese,341,Coimbatore,Late Night,34,Cash on Delivery,SS Hyderabad Biryani,50,5
101578,39,North Indian,694,Coimbatore,Evening,31,Cash on Delivery,A2B,50,5
101579,37,Chinese,312,Bangalore,Dinner,28,Cash on Delivery,Saravana Bhavan,30,5
101580,35,Pizza,293,Chennai,Dinner,38,UPI,Local Kitchen,20,4
101581,27,Biryani,509,Salem,Dinner,46,Cash on Delivery,KFC,0,4
101582,31,Fast Food,372,Bangalore,Dinner,50,Debit Card,Anjappar,0,4
101583,37,North Indian,334,Chennai,Evening,38,Credit Card,A2B,100,4
101584,34,Chinese,403,Bangalore,Dinner,47,UPI,A2B,75,4
101585,59,Chinese,326,Chennai,Late Night,24,Cash on Delivery,Local Kitchen,0,5
101586,25,Chinese,890,Chennai,Breakfast,31,UPI,Anjappar,20,3
101587,41,Fast Food,615,Bangalore,Dinner,24,UPI,SS Hyderabad Biryani,0,3
101588,32,Biryani,681,Bangalore,Dinner,29,UPI,Anjappar,20,5
101589,32,Pizza,600,Bangalore,Dinner,24,Debit Card,Dominos,75,5
101590,41,Chinese,447,Chennai,Dinner,50,Credit Card,Dominos,30,4
101591,41,South Indian,812,Bangalore,Dinner,30,Wallet,Dominos,75,5
101592,60,North Indian,414,Chennai,Dinner,33,UPI,A2B,100,3
101593,24,Fast Food,425,Bangalore,Dinner,19,UPI,Chinese Wok,0,5
101594,23,Fast Food,740,Bangalore,Late Night,15,Debit Card,Saravana Bhavan,30,4
101595,42,Pizza,713,Bangalore,Dinner,51,UPI,Chinese Wok,50,5
101596,36,Pizza,341,Trichy,Dinner,32,Credit Card,Dominos,30,4
101597,28,South Indian,700,Trichy,Breakfast,57,UPI,KFC,20,3
101598,22,Biryani,525,Salem,Lunch,32,Credit Card,A2B,100,4
101599,22,Biryani,320,Salem,Dinner,22,Debit Card,Saravana Bhavan,50,5
101600,51,Chinese,289,Madurai,Dinner,34,UPI,KFC,0,5
101601,26,Fast Food,307,Salem,Lunch,35,UPI,SS Hyderabad Biryani,30,5
101602,29,Pizza,601,Trichy,Breakfast,35,UPI,KFC,0,5
101603,27,North Indian,341,Madurai,Lunch,33,Credit Card,Local Kitchen,50,4
101604,30,Pizza,491,Chennai,Dinner,19,Credit Card,Chinese Wok,0,5
101605,21,Fast Food,506,Chennai,Dinner,19,Cash on Delivery,Chinese Wok,20,4
101606,34,Pizza,351,Trichy,Late Night,46,Wallet,Anjappar,20,4
101607,21,Fast Food,447,Coimbatore,Evening,54,Wallet,Dominos,75,4
101608,45,Biryani,316,Trichy,Evening,31,UPI,Burger King,75,4
101609,27,Biryani,415,Coimbatore,Evening,16,Credit Card,A2B,75,5
101610,35,Fast Food,377,Coimbatore,Evening,46,Debit Card,Dominos,50,4
101611,50,North Indian,541,Madurai,Dinner,26,Debit Card,KFC,100,5
101612,39,Fast Food,648,Salem,Evening,37,Cash on Delivery,Anjappar,0,3
101613,35,Biryani,255,Chennai,Breakfast,29,UPI,Saravana Bhavan,75,5
101614,29,North Indian,298,Trichy,Evening,29,UPI,Burger King,50,5
101615,30,Biryani,630,Madurai,Lunch,25,UPI,Hotel Aryaas,50,4
101616,40,Pizza,365,Coimbatore,Breakfast,48,UPI,Dominos,20,4
101617,60,Fast Food,778,Coimbatore,Evening,39,Debit Card,KFC,50,5
101618,39,Biryani,683,Chennai,Lunch,37,Credit Card,Hotel Aryaas,0,4
101619,36,North Indian,310,Chennai,Evening,34,Debit Card,KFC,30,4
101620,42,Biryani,507,Coimbatore,Lunch,38,UPI,Saravana Bhavan,100,3
101621,33,South Indian,425,Chennai,Dinner,22,Cash on Delivery,Chinese Wok,50,5
101622,21,Fast Food,230,Chennai,Late Night,39,Cash on Delivery,Burger King,50,4
101623,36,Biryani,316,Trichy,Dinner,46,Debit Card,SS Hyderabad Biryani,0,4
101624,57,Biryani,382,Bangalore,Dinner,36,UPI,Dominos,75,4
101625,26,Biryani,219,Bangalore,Late Night,43,UPI,Burger King,100,5
101626,40,Biryani,300,Chennai,Evening,30,Credit Card,Hotel Aryaas,0,5
101627,26,Pizza,491,Trichy,Lunch,38,Wallet,Dominos,30,4
101628,35,South Indian,322,Trichy,Lunch,30,Credit Card,A2B,50,4
101629,23,Fast Food,458,Bangalore,Evening,18,Cash on Delivery,Local Kitchen,75,4
101630,33,Fast Food,418,Salem,Dinner,32,Credit Card,Burger King,30,5
101631,43,North Indian,285,Trichy,Breakfast,45,Debit Card,KFC,20,5
101632,30,North Indian,631,Madurai,Dinner,21,Credit Card,Dominos,0,5
101633,39,Chinese,209,Madurai,Breakfast,50,Credit Card,KFC,30,4
101634,44,Pizza,630,Chennai,Late Night,28,Debit Card,Dominos,20,4
101635,54,Fast Food,345,Chennai,Late Night,40,UPI,SS Hyderabad Biryani,100,3
101636,27,Fast Food,359,Chennai,Late Night,49,Cash on Delivery,Dominos,30,4
101637,31,South Indian,446,Chennai,Dinner,52,Cash on Delivery,Anjappar,0,4
101638,25,Chinese,450,Chennai,Lunch,50,Debit Card,Burger King,100,4
101639,60,South Indian,489,Trichy,Dinner,26,Debit Card,KFC,30,5
101640,54,Fast Food,526,Chennai,Lunch,45,UPI,SS Hyderabad Biryani,50,3
101641,35,North Indian,475,Salem,Dinner,28,Cash on Delivery,KFC,100,3
101642,47,Pizza,499,Bangalore,Lunch,25,Wallet,KFC,50,5
101643,35,South Indian,748,Chennai,Lunch,28,Debit Card,Local Kitchen,100,5
101644,38,Chinese,235,Coimbatore,Late Night,47,UPI,Hotel Aryaas,20,5
101645,22,Fast Food,389,Chennai,Breakfast,29,Debit Card,Burger King,0,4
101646,43,Biryani,443,Salem,Lunch,26,Credit Card,Saravana Bhavan,100,5
101647,24,Fast Food,226,Trichy,Evening,50,Credit Card,SS Hyderabad Biryani,30,4
101648,45,Fast Food,252,Chennai,Dinner,33,Wallet,Saravana Bhavan,50,5
101649,44,Biryani,247,Salem,Dinner,41,UPI,Chinese Wok,30,4
101650,41,Pizza,305,Madurai,Dinner,25,UPI,SS Hyderabad Biryani,50,4
101651,19,Fast Food,525,Chennai,Dinner,30,UPI,SS Hyderabad Biryani,0,3
101652,29,South Indian,285,Bangalore,Lunch,32,UPI,Burger King,0,5
101653,28,Biryani,336,Bangalore,Evening,28,UPI,Burger King,75,5
101654,30,Biryani,442,Chennai,Dinner,33,Credit Card,A2B,20,5
101655,22,Pizza,389,Madurai,Dinner,25,Cash on Delivery,Dominos,20,4
101656,55,South Indian,410,Chennai,Evening,33,Debit Card,SS Hyderabad Biryani,75,4
101657,35,North Indian,607,Coimbatore,Breakfast,45,UPI,Burger King,100,4
101658,29,North Indian,525,Chennai,Breakfast,17,Credit Card,A2B,30,4
101659,31,Fast Food,712,Salem,Lunch,33,Cash on Delivery,Anjappar,30,5
101660,33,Fast Food,275,Madurai,Lunch,29,Credit Card,Anjappar,75,5
101661,37,Pizza,562,Chennai,Lunch,28,Cash on Delivery,A2B,0,4
101662,34,North Indian,250,Coimbatore,Evening,54,Cash on Delivery,Hotel Aryaas,30,5
101663,54,Chinese,223,Chennai,Lunch,48,UPI,Chinese Wok,75,4
101664,34,Pizza,528,Madurai,Dinner,29,Cash on Delivery,KFC,50,4
101665,60,Pizza,513,Chennai,Dinner,20,Credit Card,Local Kitchen,50,4
101666,48,Fast Food,316,Trichy,Evening,49,Credit Card,Dominos,75,4
101667,26,South Indian,299,Salem,Evening,38,Debit Card,Chinese Wok,0,4
101668,54,Pizza,505,Bangalore,Late Night,22,Debit Card,Anjappar,30,4
101669,24,Chinese,267,Chennai,Dinner,25,Debit Card,Dominos,0,4
101670,45,Biryani,282,Coimbatore,Late Night,35,Cash on Delivery,Dominos,0,4
101671,31,Fast Food,429,Coimbatore,Lunch,52,Wallet,Anjappar,75,3
101672,50,Biryani,722,Bangalore,Dinner,30,Cash on Delivery,SS Hyderabad Biryani,75,5
101673,49,Fast Food,442,Bangalore,Evening,39,UPI,Chinese Wok,0,5
101674,45,North Indian,338,Bangalore,Breakfast,28,Cash on Delivery,A2B,30,5
101675,44,Biryani,529,Coimbatore,Late Night,39,Debit Card,Burger King,0,5
101676,29,Biryani,783,Trichy,Late Night,18,Cash on Delivery,Burger King,20,4
101677,22,Fast Food,529,Chennai,Evening,40,Debit Card,Dominos,0,4
101678,31,South Indian,340,Coimbatore,Late Night,36,Cash on Delivery,SS Hyderabad Biryani,20,4
101679,26,South Indian,305,Madurai,Lunch,26,UPI,KFC,30,5
101680,41,Biryani,978,Chennai,Dinner,15,Wallet,SS Hyderabad Biryani,75,5
101681,30,Biryani,368,Madurai,Lunch,50,UPI,A2B,30,4
101682,58,Fast Food,477,Trichy,Lunch,17,Cash on Delivery,Dominos,100,5
101683,39,South Indian,623,Bangalore,Dinner,47,Cash on Delivery,Anjappar,0,3
101684,45,Fast Food,368,Chennai,Evening,26,UPI,Chinese Wok,30,4
101685,24,North Indian,387,Chennai,Breakfast,38,Cash on Delivery,Local Kitchen,75,4
101686,49,South Indian,808,Coimbatore,Evening,40,Cash on Delivery,Anjappar,0,4
101687,54,Biryani,442,Chennai,Lunch,51,Cash on Delivery,Chinese Wok,50,4
101688,34,Chinese,589,Salem,Dinner,23,UPI,KFC,20,4
101689,37,Fast Food,657,Bangalore,Lunch,34,Debit Card,KFC,100,4
101690,43,Chinese,538,Coimbatore,Dinner,24,Credit Card,KFC,50,5
101691,26,Fast Food,351,Salem,Lunch,24,UPI,Anjappar,50,5
101692,34,South Indian,323,Madurai,Evening,35,Debit Card,Burger King,75,4
101693,31,Pizza,758,Coimbatore,Lunch,42,Credit Card,A2B,30,3
101694,25,North Indian,401,Coimbatore,Dinner,59,Cash on Delivery,Saravana Bhavan,20,3
101695,31,Fast Food,249,Chennai,Lunch,32,Debit Card,Dominos,20,5
101696,21,Fast Food,1088,Salem,Evening,33,UPI,Burger King,30,3
101697,19,South Indian,562,Bangalore,Lunch,34,UPI,Burger King,30,4
101698,25,North Indian,349,Trichy,Dinner,36,UPI,Burger King,75,5
101699,57,North Indian,429,Coimbatore,Breakfast,37,UPI,KFC,30,4
101700,35,Biryani,294,Trichy,Dinner,22,Debit Card,Burger King,30,4
101701,58,Biryani,345,Chennai,Lunch,15,Cash on Delivery,A2B,20,4
101702,32,South Indian,263,Salem,Breakfast,31,Credit Card,Burger King,0,5
101703,29,Biryani,169,Salem,Lunch,54,Debit Card,SS Hyderabad Biryani,0,3
101704,34,Fast Food,449,Coimbatore,Lunch,35,UPI,Saravana Bhavan,50,4
101705,32,Biryani,604,Madurai,Evening,33,Credit Card,Dominos,30,4
101706,23,Chinese,782,Madurai,Late Night,34,Credit Card,Local Kitchen,30,3
101707,39,North Indian,767,Trichy,Breakfast,27,Debit Card,SS Hyderabad Biryani,100,4
101708,27,North Indian,541,Coimbatore,Evening,33,Credit Card,SS Hyderabad Biryani,50,5
101709,38,Fast Food,514,Coimbatore,Evening,34,UPI,Burger King,20,4
101710,39,South Indian,665,Trichy,Lunch,34,UPI,A2B,50,5
101711,25,Pizza,279,Madurai,Lunch,35,UPI,Saravana Bhavan,100,3
101712,21,Biryani,277,Coimbatore,Dinner,35,Wallet,Anjappar,0,4
101713,44,Chinese,369,Trichy,Breakfast,33,UPI,Local Kitchen,75,5
101714,33,Fast Food,362,Chennai,Dinner,45,Debit Card,A2B,20,4
101715,21,Biryani,357,Madurai,Lunch,53,UPI,Local Kitchen,50,5
101716,60,Fast Food,402,Chennai,Evening,17,UPI,KFC,50,5
101717,21,Biryani,440,Coimbatore,Evening,28,Debit Card,Local Kitchen,50,5
101718,41,Chinese,506,Coimbatore,Lunch,15,Credit Card,Anjappar,75,5
101719,59,Fast Food,451,Coimbatore,Breakfast,39,Cash on Delivery,SS Hyderabad Biryani,30,4
101720,27,Fast Food,355,Bangalore,Lunch,46,Cash on Delivery,Chinese Wok,0,3
101721,25,Biryani,321,Bangalore,Lunch,35,Debit Card,A2B,50,5
101722,24,Pizza,485,Coimbatore,Dinner,35,Cash on Delivery,SS Hyderabad Biryani,20,5
101723,29,South Indian,700,Chennai,Lunch,28,Cash on Delivery,Dominos,100,5
101724,23,South Indian,410,Madurai,Dinner,36,Debit Card,Anjappar,20,5
101725,40,South Indian,367,Coimbatore,Lunch,33,Credit Card,SS Hyderabad Biryani,0,4
101726,21,Fast Food,412,Bangalore,Dinner,45,UPI,Chinese Wok,0,4
101727,34,Biryani,490,Bangalore,Evening,54,Debit Card,Hotel Aryaas,75,5
101728,60,Chinese,318,Trichy,Lunch,50,UPI,Burger King,75,4
101729,45,Biryani,270,Madurai,Late Night,57,UPI,A2B,0,4
101730,38,Biryani,317,Chennai,Lunch,41,UPI,Saravana Bhavan,20,5
101731,29,Chinese,419,Trichy,Dinner,37,Credit Card,Saravana Bhavan,20,5
101732,38,Biryani,348,Salem,Dinner,34,UPI,Saravana Bhavan,75,4
101733,35,Fast Food,320,Coimbatore,Evening,38,UPI,Hotel Aryaas,20,3
101734,32,South Indian,379,Salem,Late Night,37,Debit Card,Saravana Bhavan,20,4
101735,24,South Indian,705,Bangalore,Dinner,47,Debit Card,Anjappar,20,4
101736,51,Chinese,397,Coimbatore,Dinner,32,UPI,Hotel Aryaas,20,4
101737,33,Chinese,296,Coimbatore,Late Night,24,Cash on Delivery,Anjappar,30,5
101738,26,Chinese,695,Bangalore,Evening,34,UPI,Burger King,100,5
101739,31,Chinese,596,Chennai,Breakfast,25,Wallet,Anjappar,30,5
101740,32,Fast Food,460,Chennai,Dinner,32,UPI,A2B,20,5
101741,46,Fast Food,696,Chennai,Evening,17,UPI,Anjappar,0,5
101742,42,South Indian,503,Coimbatore,Lunch,34,Cash on Delivery,Chinese Wok,0,5
101743,43,Fast Food,505,Coimbatore,Evening,25,UPI,A2B,100,5
101744,18,North Indian,424,Bangalore,Late Night,41,UPI,Local Kitchen,20,5
101745,32,Pizza,663,Coimbatore,Lunch,30,UPI,Local Kitchen,0,5
101746,34,Biryani,278,Salem,Dinner,15,UPI,Hotel Aryaas,0,5
101747,18,Biryani,600,Coimbatore,Evening,30,Cash on Delivery,A2B,30,4
101748,28,Biryani,1067,Coimbatore,Lunch,33,Cash on Delivery,SS Hyderabad Biryani,20,3
101749,43,Fast Food,662,Chennai,Dinner,37,Credit Card,Chinese Wok,30,5
101750,25,Biryani,573,Chennai,Late Night,39,Wallet,Anjappar,100,5
101751,35,South Indian,337,Chennai,Lunch,26,Cash on Delivery,Dominos,0,4
101752,27,Pizza,866,Bangalore,Lunch,26,Debit Card,Saravana Bhavan,0,5
101753,18,Chinese,327,Madurai,Evening,34,UPI,Saravana Bhavan,30,4
101754,27,Biryani,446,Chennai,Dinner,37,Credit Card,Dominos,0,4
101755,58,Fast Food,456,Coimbatore,Breakfast,39,UPI,A2B,50,4
101756,45,South Indian,192,Chennai,Lunch,44,UPI,Anjappar,75,4
101757,57,Pizza,498,Trichy,Dinner,17,Debit Card,Burger King,50,4
101758,34,Pizza,341,Madurai,Evening,44,UPI,Anjappar,20,4
101759,23,North Indian,173,Chennai,Lunch,42,UPI,A2B,75,4
101760,35,South Indian,603,Coimbatore,Dinner,43,Credit Card,SS Hyderabad Biryani,30,5
101761,33,Chinese,420,Salem,Late Night,32,UPI,Hotel Aryaas,50,5
101762,47,Biryani,268,Coimbatore,Late Night,37,Credit Card,Saravana Bhavan,100,4
101763,23,South Indian,601,Bangalore,Lunch,39,Cash on Delivery,Dominos,30,4
101764,34,Fast Food,315,Coimbatore,Late Night,32,UPI,SS Hyderabad Biryani,30,5
101765,25,South Indian,328,Bangalore,Dinner,44,UPI,Burger King,0,4
101766,29,Chinese,533,Salem,Lunch,22,Cash on Delivery,Burger King,0,5
101767,42,Fast Food,234,Salem,Dinner,41,Debit Card,Anjappar,50,4
101768,33,Biryani,445,Madurai,Breakfast,39,UPI,Anjappar,50,5
101769,31,Biryani,542,Coimbatore,Dinner,49,UPI,Local Kitchen,30,5
101770,31,Biryani,287,Coimbatore,Dinner,53,Debit Card,Anjappar,50,4
101771,33,Biryani,333,Coimbatore,Dinner,32,Debit Card,Dominos,0,5
101772,44,Biryani,487,Salem,Lunch,49,UPI,A2B,0,4
101773,51,Fast Food,627,Madurai,Dinner,37,UPI,KFC,0,3
101774,57,Fast Food,836,Coimbatore,Lunch,37,Debit Card,KFC,30,4
101775,44,North Indian,702,Chennai,Late Night,38,Credit Card,Chinese Wok,0,5
101776,29,Fast Food,646,Bangalore,Dinner,21,UPI,Dominos,75,5
101777,40,Biryani,524,Salem,Breakfast,45,Wallet,SS Hyderabad Biryani,50,3
101778,32,South Indian,328,Bangalore,Lunch,20,UPI,Anjappar,75,4
101779,28,Pizza,588,Chennai,Dinner,39,UPI,KFC,50,4
101780,47,Chinese,407,Chennai,Evening,15,UPI,KFC,0,5
101781,19,Fast Food,299,Coimbatore,Dinner,32,Cash on Delivery,Chinese Wok,20,4
101782,52,South Indian,449,Salem,Lunch,34,Wallet,Anjappar,20,5
101783,33,Chinese,710,Salem,Dinner,40,UPI,KFC,30,5
101784,38,Chinese,286,Salem,Lunch,49,UPI,Burger King,100,5
101785,39,Chinese,1114,Madurai,Dinner,33,Debit Card,SS Hyderabad Biryani,50,4
101786,51,Pizza,402,Bangalore,Late Night,22,Credit Card,Saravana Bhavan,20,4
101787,38,Pizza,311,Bangalore,Dinner,30,UPI,Anjappar,0,5
101788,38,South Indian,381,Bangalore,Breakfast,36,Cash on Delivery,SS Hyderabad Biryani,75,3
101789,21,South Indian,862,Madurai,Late Night,36,Credit Card,SS Hyderabad Biryani,30,5
101790,34,Chinese,359,Coimbatore,Lunch,17,UPI,Burger King,0,5
101791,25,Pizza,305,Bangalore,Dinner,29,Credit Card,Burger King,75,5
101792,42,Biryani,598,Chennai,Dinner,29,Credit Card,KFC,30,4
101793,34,North Indian,624,Chennai,Lunch,32,Credit Card,KFC,75,4
101794,40,Biryani,224,Trichy,Lunch,40,Credit Card,Local Kitchen,50,4
101795,20,South Indian,687,Trichy,Lunch,26,Credit Card,Burger King,30,5
101796,22,Pizza,460,Bangalore,Dinner,45,UPI,A2B,30,4
101797,41,Fast Food,415,Chennai,Dinner,41,UPI,Dominos,30,3
101798,21,South Indian,359,Salem,Evening,15,Debit Card,SS Hyderabad Biryani,0,5
101799,21,Biryani,346,Madurai,Lunch,30,Debit Card,Chinese Wok,100,5
101800,18,Fast Food,483,Coimbatore,Dinner,36,Cash on Delivery,A2B,100,3
101801,57,Biryani,326,Bangalore,Evening,49,UPI,Anjappar,20,5
101802,42,Fast Food,680,Coimbatore,Evening,22,UPI,A2B,75,4
101803,30,Fast Food,1200,Coimbatore,Evening,17,Wallet,Dominos,100,5
101804,29,North Indian,429,Trichy,Evening,36,UPI,Anjappar,0,5
101805,30,North Indian,893,Chennai,Evening,24,Debit Card,Burger King,20,4
101806,44,Biryani,488,Chennai,Dinner,33,UPI,A2B,30,5
101807,39,Chinese,434,Chennai,Evening,27,Cash on Delivery,A2B,20,5
101808,26,Biryani,534,Coimbatore,Dinner,43,Debit Card,Burger King,100,5
101809,26,Biryani,486,Chennai,Lunch,41,Debit Card,KFC,0,4
101810,23,Biryani,548,Chennai,Dinner,28,Wallet,Burger King,20,5
101811,39,North Indian,547,Chennai,Lunch,49,Wallet,SS Hyderabad Biryani,50,3
101812,43,North Indian,372,Chennai,Dinner,35,UPI,SS Hyderabad Biryani,50,5
101813,28,Biryani,472,Coimbatore,Lunch,37,UPI,SS Hyderabad Biryani,0,5
101814,19,Biryani,550,Chennai,Lunch,27,UPI,Saravana Bhavan,0,4
101815,22,Fast Food,592,Bangalore,Dinner,27,UPI,A2B,0,5
101816,58,South Indian,303,Bangalore,Lunch,49,UPI,Saravana Bhavan,30,3
101817,29,South Indian,393,Chennai,Dinner,35,Wallet,Hotel Aryaas,30,5
101818,43,Fast Food,379,Bangalore,Late Night,36,Credit Card,KFC,50,4
101819,38,Chinese,258,Salem,Evening,29,Wallet,Chinese Wok,75,5
101820,31,Fast Food,476,Salem,Lunch,37,UPI,SS Hyderabad Biryani,0,5
101821,26,North Indian,495,Chennai,Lunch,34,UPI,Saravana Bhavan,30,5
101822,24,Chinese,761,Madurai,Dinner,34,Credit Card,Anjappar,30,5
101823,38,South Indian,335,Coimbatore,Evening,51,Debit Card,Dominos,75,4
101824,44,Pizza,429,Chennai,Dinner,35,UPI,Chinese Wok,30,5
101825,39,Pizza,666,Coimbatore,Dinner,23,Credit Card,SS Hyderabad Biryani,0,4
101826,35,Fast Food,549,Coimbatore,Evening,39,Cash on Delivery,Anjappar,100,4
101827,20,Fast Food,862,Bangalore,Dinner,30,Debit Card,Hotel Aryaas,100,5
101828,58,North Indian,508,Bangalore,Lunch,24,UPI,SS Hyderabad Biryani,0,3
101829,44,Biryani,439,Madurai,Evening,27,UPI,Saravana Bhavan,75,5
101830,29,Biryani,370,Chennai,Dinner,45,UPI,Burger King,75,5
101831,59,South Indian,311,Coimbatore,Lunch,24,Debit Card,Chinese Wok,30,5
101832,37,Pizza,463,Coimbatore,Lunch,24,Wallet,Hotel Aryaas,30,5
101833,36,Pizza,388,Coimbatore,Dinner,35,UPI,SS Hyderabad Biryani,0,5
101834,43,North Indian,451,Salem,Dinner,31,Credit Card,Chinese Wok,0,5
101835,45,South Indian,773,Madurai,Evening,24,Wallet,Local Kitchen,20,3
101836,39,Biryani,508,Salem,Dinner,43,UPI,Local Kitchen,0,4
101837,24,South Indian,244,Madurai,Evening,30,Debit Card,KFC,50,5
101838,30,Pizza,303,Coimbatore,Dinner,21,UPI,Hotel Aryaas,0,4
101839,54,Biryani,430,Coimbatore,Dinner,37,Wallet,SS Hyderabad Biryani,0,4
101840,27,Biryani,384,Coimbatore,Lunch,42,UPI,KFC,0,5
101841,31,Biryani,730,Coimbatore,Evening,39,Credit Card,Chinese Wok,50,5
101842,32,South Indian,437,Trichy,Dinner,41,UPI,KFC,0,5
101843,32,Pizza,363,Coimbatore,Dinner,40,UPI,Burger King,0,4
101844,38,Chinese,668,Coimbatore,Lunch,31,Wallet,Hotel Aryaas,100,4
101845,56,North Indian,448,Madurai,Evening,29,Credit Card,Dominos,20,4
101846,27,Biryani,185,Trichy,Lunch,27,Debit Card,Chinese Wok,50,3
101847,24,North Indian,405,Coimbatore,Lunch,34,Credit Card,Saravana Bhavan,100,5
101848,26,Pizza,539,Bangalore,Dinner,18,UPI,Saravana Bhavan,0,4
101849,51,Fast Food,368,Chennai,Breakfast,22,UPI,Chinese Wok,30,4
101850,39,North Indian,553,Bangalore,Dinner,47,Credit Card,A2B,30,4
101851,28,Fast Food,634,Chennai,Late Night,43,Debit Card,SS Hyderabad Biryani,50,4
101852,45,Pizza,569,Chennai,Late Night,36,Credit Card,Local Kitchen,100,5
101853,48,Pizza,467,Bangalore,Lunch,49,Credit Card,Local Kitchen,0,3
101854,47,Chinese,466,Coimbatore,Dinner,38,Debit Card,Saravana Bhavan,20,4
101855,53,South Indian,360,Madurai,Late Night,34,UPI,Burger King,20,4
101856,28,Biryani,338,Trichy,Breakfast,20,Debit Card,Burger King,100,5
101857,43,South Indian,540,Chennai,Evening,31,UPI,Burger King,50,4
101858,33,Fast Food,380,Madurai,Late Night,44,Debit Card,Chinese Wok,100,5
101859,47,Pizza,344,Bangalore,Lunch,40,UPI,SS Hyderabad Biryani,0,4
101860,42,Chinese,416,Chennai,Late Night,54,UPI,KFC,0,4
101861,44,North Indian,426,Bangalore,Evening,34,UPI,Dominos,100,5
101862,39,Biryani,484,Bangalore,Breakfast,15,Debit Card,KFC,20,5
101863,26,Pizza,290,Bangalore,Evening,38,UPI,Hotel Aryaas,50,4
101864,35,North Indian,415,Salem,Lunch,15,UPI,A2B,0,5
101865,59,Pizza,388,Bangalore,Lunch,29,Debit Card,Chinese Wok,30,5
101866,55,Biryani,552,Salem,Dinner,43,Credit Card,Burger King,100,3
101867,20,Biryani,581,Bangalore,Evening,51,UPI,KFC,50,5
101868,25,Biryani,449,Chennai,Evening,24,UPI,Anjappar,30,4
101869,24,Chinese,502,Coimbatore,Breakfast,38,UPI,SS Hyderabad Biryani,100,4
101870,42,Chinese,429,Chennai,Dinner,50,Credit Card,Saravana Bhavan,0,4
101871,45,North Indian,662,Bangalore,Evening,35,UPI,Saravana Bhavan,30,4
101872,27,Fast Food,656,Madurai,Dinner,28,Cash on Delivery,SS Hyderabad Biryani,30,4
101873,34,Fast Food,334,Coimbatore,Dinner,52,UPI,SS Hyderabad Biryani,0,4
101874,47,Chinese,266,Chennai,Lunch,44,UPI,Hotel Aryaas,0,5
101875,42,Pizza,568,Coimbatore,Breakfast,35,Debit Card,KFC,30,4
101876,35,North Indian,287,Chennai,Late Night,19,Cash on Delivery,A2B,50,5
101877,37,Pizza,679,Madurai,Dinner,30,UPI,Burger King,100,4
101878,34,South Indian,288,Madurai,Lunch,27,Debit Card,Burger King,20,5
101879,29,Chinese,581,Salem,Dinner,17,Credit Card,Chinese Wok,20,5
101880,36,Pizza,439,Chennai,Breakfast,47,UPI,Burger King,30,4
101881,40,South Indian,871,Bangalore,Breakfast,40,Debit Card,A2B,50,3
101882,50,Biryani,685,Bangalore,Evening,27,UPI,Burger King,30,5
101883,38,Biryani,266,Salem,Breakfast,28,Debit Card,Anjappar,30,3
101884,43,Biryani,310,Bangalore,Late Night,29,Cash on Delivery,A2B,0,5
101885,25,Chinese,542,Chennai,Dinner,24,Credit Card,Local Kitchen,50,4
101886,33,Biryani,631,Coimbatore,Dinner,62,UPI,Burger King,20,3
101887,18,Fast Food,283,Bangalore,Breakfast,27,Debit Card,Dominos,30,5
101888,27,Fast Food,590,Madurai,Lunch,31,Credit Card,Anjappar,50,4
101889,42,South Indian,471,Trichy,Evening,27,UPI,Hotel Aryaas,0,4
101890,60,Fast Food,506,Chennai,Evening,16,UPI,Hotel Aryaas,30,5
101891,23,Chinese,327,Salem,Lunch,22,UPI,Dominos,100,5
101892,31,Biryani,789,Chennai,Dinner,45,Debit Card,Anjappar,0,5
101893,45,Biryani,498,Salem,Evening,31,UPI,Dominos,0,4
101894,26,South Indian,388,Trichy,Late Night,38,Credit Card,Hotel Aryaas,0,4
101895,35,Fast Food,404,Bangalore,Late Night,39,Credit Card,Dominos,0,4
101896,42,Fast Food,393,Madurai,Dinner,39,Debit Card,Local Kitchen,75,5
101897,38,Biryani,492,Chennai,Dinner,27,Debit Card,Dominos,75,5
101898,26,North Indian,453,Chennai,Lunch,51,UPI,Burger King,30,4
101899,30,Chinese,268,Chennai,Lunch,43,UPI,Dominos,50,5
101900,44,Biryani,254,Chennai,Late Night,39,UPI,Saravana Bhavan,20,4
101901,35,Biryani,584,Bangalore,Dinner,37,UPI,Anjappar,30,3
101902,18,North Indian,518,Chennai,Lunch,20,Wallet,A2B,30,5
101903,43,Chinese,769,Trichy,Dinner,42,Wallet,Chinese Wok,20,4
101904,19,Fast Food,279,Coimbatore,Late Night,33,Credit Card,Burger King,30,5
101905,42,Chinese,434,Madurai,Lunch,26,UPI,A2B,75,4
101906,26,Chinese,440,Bangalore,Lunch,24,UPI,Local Kitchen,100,5
101907,57,Pizza,190,Coimbatore,Late Night,44,Cash on Delivery,Anjappar,20,3
101908,31,South Indian,421,Chennai,Evening,20,UPI,KFC,100,4
101909,30,South Indian,544,Coimbatore,Evening,30,Credit Card,Chinese Wok,30,3
101910,25,Biryani,181,Madurai,Lunch,36,UPI,Dominos,30,5
101911,29,North Indian,655,Bangalore,Dinner,33,Cash on Delivery,Chinese Wok,0,5
101912,50,South Indian,284,Chennai,Dinner,38,Cash on Delivery,A2B,50,4
101913,60,Biryani,512,Trichy,Evening,46,Credit Card,Saravana Bhavan,20,4
101914,31,North Indian,248,Chennai,Breakfast,40,Credit Card,A2B,20,5
101915,33,North Indian,381,Madurai,Evening,35,UPI,Anjappar,0,5
101916,42,North Indian,470,Coimbatore,Lunch,30,Debit Card,SS Hyderabad Biryani,0,5
101917,51,Pizza,436,Madurai,Lunch,20,Credit Card,Local Kitchen,30,5
101918,37,North Indian,242,Salem,Evening,33,Debit Card,SS Hyderabad Biryani,30,5
101919,31,Fast Food,280,Madurai,Breakfast,30,Wallet,Burger King,30,4
101920,32,Pizza,315,Coimbatore,Late Night,39,Cash on Delivery,Hotel Aryaas,30,4
101921,41,Pizza,494,Chennai,Breakfast,33,Credit Card,KFC,75,3
101922,18,Fast Food,411,Trichy,Evening,44,Wallet,Burger King,0,3
101923,38,Biryani,356,Coimbatore,Lunch,30,Credit Card,Dominos,0,5
101924,30,North Indian,517,Chennai,Dinner,28,UPI,Dominos,20,4
101925,44,Fast Food,505,Madurai,Breakfast,38,Debit Card,Dominos,30,5
101926,22,Pizza,334,Coimbatore,Dinner,35,Cash on Delivery,Dominos,50,4
101927,37,Biryani,458,Chennai,Dinner,38,UPI,KFC,30,5
101928,34,Biryani,504,Trichy,Late Night,33,Debit Card,Anjappar,50,4
101929,39,South Indian,322,Coimbatore,Dinner,34,Cash on Delivery,Chinese Wok,20,4
101930,21,Fast Food,371,Coimbatore,Breakfast,31,UPI,SS Hyderabad Biryani,50,4
101931,36,Chinese,397,Madurai,Breakfast,35,Credit Card,Chinese Wok,0,4
101932,36,South Indian,542,Trichy,Dinner,46,UPI,Chinese Wok,30,5
101933,36,Biryani,578,Chennai,Lunch,29,Debit Card,Anjappar,0,4
101934,37,Biryani,517,Madurai,Evening,28,Credit Card,Anjappar,0,3
101935,40,Fast Food,257,Madurai,Late Night,37,UPI,Saravana Bhavan,0,5
101936,45,Biryani,316,Chennai,Dinner,32,UPI,A2B,30,5
101937,28,Pizza,537,Coimbatore,Dinner,48,Wallet,Burger King,0,4
101938,45,Fast Food,561,Chennai,Dinner,41,Credit Card,Chinese Wok,0,4
101939,34,Biryani,445,Madurai,Dinner,43,Debit Card,Anjappar,50,4
101940,22,South Indian,408,Trichy,Dinner,43,UPI,Hotel Aryaas,0,5
101941,21,Biryani,619,Chennai,Evening,27,Cash on Delivery,Chinese Wok,30,5
101942,30,Biryani,216,Trichy,Late Night,35,UPI,Local Kitchen,75,4
101943,44,Fast Food,371,Madurai,Lunch,41,UPI,A2B,50,5
101944,41,Pizza,708,Coimbatore,Dinner,34,UPI,KFC,30,5
101945,44,North Indian,702,Madurai,Lunch,25,UPI,KFC,0,4
101946,34,Pizza,276,Chennai,Lunch,43,UPI,A2B,50,4
101947,32,Fast Food,353,Salem,Dinner,32,Credit Card,Hotel Aryaas,20,5
101948,25,Fast Food,509,Bangalore,Evening,37,UPI,A2B,0,5
101949,30,South Indian,410,Bangalore,Dinner,40,UPI,Hotel Aryaas,100,5
101950,32,Chinese,484,Bangalore,Dinner,49,UPI,A2B,0,5
101951,22,North Indian,262,Bangalore,Dinner,36,Cash on Delivery,Local Kitchen,50,3
101952,27,Biryani,609,Trichy,Lunch,15,Credit Card,Local Kitchen,20,4
101953,37,Biryani,448,Bangalore,Evening,36,Wallet,SS Hyderabad Biryani,75,4
101954,42,Chinese,397,Trichy,Dinner,37,UPI,Dominos,30,5
101955,60,Pizza,565,Bangalore,Lunch,17,UPI,Local Kitchen,75,5
101956,55,Pizza,468,Chennai,Evening,49,UPI,Anjappar,30,4
101957,39,Chinese,516,Salem,Evening,15,UPI,A2B,20,5
101958,32,North Indian,440,Madurai,Dinner,40,Debit Card,Hotel Aryaas,100,4
101959,38,South Indian,369,Madurai,Dinner,19,UPI,Chinese Wok,30,4
101960,44,North Indian,539,Salem,Lunch,45,UPI,SS Hyderabad Biryani,75,4
101961,24,North Indian,647,Chennai,Dinner,40,UPI,KFC,75,4
101962,32,Pizza,692,Coimbatore,Dinner,49,Wallet,Anjappar,30,4
101963,47,Fast Food,387,Chennai,Dinner,39,Cash on Delivery,Burger King,30,5
101964,31,Biryani,289,Bangalore,Evening,38,UPI,KFC,20,5
101965,36,South Indian,536,Trichy,Dinner,31,Credit Card,A2B,30,5
101966,37,South Indian,338,Salem,Evening,17,Credit Card,Dominos,30,5
101967,26,Pizza,392,Coimbatore,Dinner,56,UPI,Burger King,0,4
101968,30,Biryani,574,Madurai,Dinner,29,Credit Card,Chinese Wok,75,5
101969,30,Fast Food,404,Salem,Dinner,37,UPI,KFC,20,5
101970,19,Chinese,272,Madurai,Evening,26,UPI,Anjappar,50,5
101971,19,Biryani,412,Chennai,Dinner,23,UPI,Chinese Wok,100,5
101972,46,Fast Food,562,Bangalore,Lunch,35,Credit Card,Chinese Wok,100,3
101973,28,Fast Food,566,Salem,Lunch,38,UPI,Hotel Aryaas,75,5
101974,34,Chinese,775,Salem,Dinner,52,Credit Card,Saravana Bhavan,75,4
101975,29,Biryani,411,Bangalore,Dinner,44,Debit Card,Local Kitchen,75,5
101976,55,Pizza,418,Trichy,Lunch,37,Credit Card,Local Kitchen,50,4
101977,28,South Indian,510,Chennai,Evening,33,Credit Card,SS Hyderabad Biryani,0,5
101978,32,North Indian,295,Chennai,Breakfast,37,UPI,Dominos,0,4
101979,49,South Indian,662,Salem,Dinner,31,UPI,A2B,30,4
101980,47,Fast Food,562,Chennai,Dinner,37,UPI,Chinese Wok,50,3
101981,26,Biryani,438,Chennai,Dinner,26,Debit Card,Chinese Wok,20,4
101982,45,Biryani,468,Coimbatore,Evening,28,Credit Card,A2B,100,4
101983,33,South Indian,587,Bangalore,Late Night,33,UPI,Local Kitchen,20,4
101984,34,Biryani,892,Bangalore,Dinner,37,Debit Card,Hotel Aryaas,20,5
101985,24,Fast Food,448,Coimbatore,Dinner,33,Credit Card,Anjappar,75,5
101986,22,South Indian,352,Salem,Dinner,36,UPI,Hotel Aryaas,30,5
101987,42,Fast Food,402,Salem,Late Night,25,Debit Card,KFC,0,4
101988,34,Biryani,616,Coimbatore,Dinner,22,Cash on Delivery,A2B,0,5
101989,32,Pizza,487,Coimbatore,Evening,34,UPI,Hotel Aryaas,30,5
101990,42,North Indian,719,Madurai,Evening,17,Credit Card,SS Hyderabad Biryani,20,5
101991,43,Biryani,257,Bangalore,Dinner,43,UPI,Anjappar,30,5
101992,25,Biryani,425,Coimbatore,Dinner,20,UPI,Anjappar,50,5
101993,37,North Indian,607,Coimbatore,Dinner,30,Cash on Delivery,SS Hyderabad Biryani,30,5
101994,25,Biryani,259,Coimbatore,Lunch,39,Cash on Delivery,A2B,30,4
101995,43,North Indian,240,Chennai,Evening,43,UPI,SS Hyderabad Biryani,0,3
101996,39,Biryani,599,Coimbatore,Dinner,40,Credit Card,Anjappar,0,5
101997,57,Pizza,379,Madurai,Dinner,39,Credit Card,SS Hyderabad Biryani,20,4
101998,21,Fast Food,539,Madurai,Dinner,60,UPI,Chinese Wok,0,4
101999,20,North Indian,292,Madurai,Lunch,23,UPI,A2B,20,4
102000,28,Fast Food,387,Coimbatore,Lunch,37,Cash on Delivery,Anjappar,30,4
102001,28,Chinese,487,Madurai,Breakfast,40,Cash on Delivery,Hotel Aryaas,0,4
102002,27,Biryani,295,Chennai,Breakfast,38,Debit Card,Hotel Aryaas,0,5
102003,52,Fast Food,283,Coimbatore,Lunch,29,UPI,A2B,75,5
102004,27,Pizza,446,Madurai,Dinner,39,Cash on Delivery,Saravana Bhavan,30,4
102005,28,South Indian,248,Bangalore,Late Night,39,Wallet,KFC,50,4
102006,43,North Indian,332,Coimbatore,Evening,46,Debit Card,Saravana Bhavan,30,4
102007,33,South Indian,585,Bangalore,Dinner,39,UPI,Saravana Bhavan,50,5
102008,44,Pizza,511,Trichy,Dinner,15,UPI,Burger King,20,5
102009,21,South Indian,573,Bangalore,Late Night,42,Cash on Delivery,Hotel Aryaas,0,4
102010,34,North Indian,502,Madurai,Late Night,30,UPI,Chinese Wok,20,5
102011,19,North Indian,166,Salem,Breakfast,32,UPI,Chinese Wok,30,5
102012,21,Fast Food,272,Madurai,Lunch,23,Cash on Delivery,Chinese Wok,20,4
102013,52,Pizza,332,Bangalore,Breakfast,35,UPI,A2B,50,3
102014,25,Pizza,727,Chennai,Dinner,54,Cash on Delivery,SS Hyderabad Biryani,0,4
102015,35,Biryani,595,Coimbatore,Dinner,45,Credit Card,Saravana Bhavan,0,5
102016,32,Chinese,686,Bangalore,Lunch,22,Credit Card,Saravana Bhavan,50,5
102017,30,Biryani,660,Madurai,Dinner,32,Debit Card,Local Kitchen,0,4
102018,52,Pizza,590,Coimbatore,Evening,44,UPI,Anjappar,30,4
102019,19,Biryani,288,Salem,Late Night,32,Debit Card,Hotel Aryaas,50,4
102020,39,Biryani,420,Chennai,Breakfast,15,Credit Card,Hotel Aryaas,0,5
102021,57,Fast Food,364,Madurai,Lunch,29,Credit Card,Hotel Aryaas,30,4
102022,36,South Indian,342,Coimbatore,Lunch,48,UPI,KFC,100,5
102023,55,Pizza,644,Coimbatore,Breakfast,49,Cash on Delivery,Chinese Wok,30,4
102024,20,North Indian,494,Trichy,Dinner,32,UPI,Chinese Wok,0,4
102025,32,South Indian,372,Coimbatore,Breakfast,31,Credit Card,Hotel Aryaas,0,4
102026,28,Biryani,665,Chennai,Dinner,15,UPI,Anjappar,75,5
102027,42,Chinese,289,Bangalore,Breakfast,33,Wallet,Hotel Aryaas,30,4
102028,59,South Indian,558,Bangalore,Lunch,28,UPI,SS Hyderabad Biryani,0,4
102029,28,South Indian,228,Madurai,Dinner,15,Debit Card,Anjappar,20,4
102030,39,Fast Food,457,Salem,Late Night,24,UPI,Local Kitchen,50,4
102031,26,South Indian,304,Chennai,Evening,21,UPI,A2B,50,3
102032,36,Fast Food,332,Bangalore,Late Night,35,UPI,Saravana Bhavan,30,5
102033,33,Chinese,576,Madurai,Dinner,50,Cash on Delivery,Chinese Wok,50,5
102034,58,South Indian,347,Salem,Evening,32,Debit Card,Anjappar,20,3
102035,37,Pizza,288,Salem,Dinner,37,Cash on Delivery,SS Hyderabad Biryani,30,4
102036,30,South Indian,518,Madurai,Lunch,59,UPI,Anjappar,20,4
102037,23,Fast Food,565,Bangalore,Lunch,15,Wallet,Burger King,20,5
102038,25,Pizza,222,Chennai,Dinner,36,UPI,KFC,50,4
102039,27,South Indian,742,Coimbatore,Evening,45,Debit Card,Saravana Bhavan,50,4
102040,28,Biryani,364,Bangalore,Lunch,37,UPI,Local Kitchen,75,5
102041,48,Chinese,353,Madurai,Breakfast,18,Cash on Delivery,KFC,20,5
102042,36,Fast Food,204,Bangalore,Dinner,53,Cash on Delivery,Dominos,30,4
102043,35,Pizza,527,Madurai,Dinner,42,Credit Card,Dominos,20,3
102044,23,South Indian,301,Coimbatore,Evening,37,UPI,Anjappar,75,4
102045,48,Chinese,378,Madurai,Dinner,20,Debit Card,Chinese Wok,20,5
102046,42,Biryani,543,Chennai,Evening,57,Cash on Delivery,Chinese Wok,50,3
102047,21,Fast Food,378,Chennai,Dinner,40,Debit Card,SS Hyderabad Biryani,75,4
102048,41,North Indian,362,Chennai,Late Night,38,Cash on Delivery,Anjappar,20,4
102049,35,Pizza,420,Trichy,Dinner,40,Credit Card,Hotel Aryaas,0,5
102050,22,Biryani,508,Chennai,Evening,44,Debit Card,Anjappar,0,4
102051,33,Fast Food,600,Trichy,Dinner,35,Credit Card,Hotel Aryaas,75,5
102052,34,Fast Food,227,Chennai,Evening,33,Credit Card,Burger King,50,5
102053,25,Chinese,589,Coimbatore,Dinner,15,Debit Card,Saravana Bhavan,75,5
102054,56,Chinese,561,Salem,Lunch,26,Credit Card,KFC,30,4
102055,47,Chinese,341,Bangalore,Evening,54,Debit Card,SS Hyderabad Biryani,0,4
102056,40,South Indian,490,Chennai,Lunch,26,Wallet,Hotel Aryaas,20,4
102057,33,Pizza,471,Coimbatore,Breakfast,31,UPI,KFC,20,3
102058,32,South Indian,522,Salem,Dinner,22,UPI,Hotel Aryaas,20,4
102059,39,Biryani,455,Coimbatore,Dinner,39,UPI,Saravana Bhavan,0,4
102060,35,South Indian,267,Bangalore,Breakfast,31,Credit Card,Hotel Aryaas,50,4
102061,21,North Indian,510,Coimbatore,Lunch,31,UPI,SS Hyderabad Biryani,20,4
102062,34,Pizza,306,Coimbatore,Evening,26,Debit Card,KFC,30,3
102063,45,South Indian,646,Chennai,Dinner,38,Debit Card,SS Hyderabad Biryani,0,5
102064,33,Chinese,903,Madurai,Lunch,49,Debit Card,A2B,50,4
102065,20,North Indian,417,Madurai,Breakfast,17,Credit Card,Saravana Bhavan,30,5
102066,44,South Indian,275,Chennai,Evening,31,Credit Card,Chinese Wok,75,5
102067,26,Fast Food,341,Madurai,Dinner,32,Credit Card,Local Kitchen,0,4
102068,28,North Indian,656,Trichy,Breakfast,26,Credit Card,Anjappar,100,5
102069,25,Pizza,584,Salem,Lunch,46,Debit Card,Dominos,75,4
102070,30,Fast Food,547,Chennai,Dinner,46,Cash on Delivery,Anjappar,20,4
102071,43,South Indian,694,Coimbatore,Lunch,36,Credit Card,SS Hyderabad Biryani,75,4
102072,35,Fast Food,334,Trichy,Lunch,27,UPI,A2B,20,5
102073,26,Biryani,426,Chennai,Dinner,45,UPI,Burger King,20,4
102074,50,North Indian,359,Chennai,Late Night,31,UPI,Dominos,75,5
102075,50,Fast Food,477,Trichy,Lunch,44,Credit Card,Local Kitchen,50,3
102076,49,Pizza,554,Coimbatore,Evening,58,UPI,Burger King,20,4
102077,27,Biryani,347,Coimbatore,Evening,34,Credit Card,A2B,0,5
102078,33,South Indian,648,Coimbatore,Dinner,36,UPI,Burger King,30,4
102079,59,Biryani,362,Trichy,Breakfast,27,UPI,SS Hyderabad Biryani,75,5
102080,43,Pizza,439,Coimbatore,Dinner,44,Debit Card,Chinese Wok,30,4
102081,19,South Indian,606,Trichy,Dinner,36,Wallet,Saravana Bhavan,0,5
102082,21,Chinese,533,Bangalore,Late Night,21,UPI,Burger King,20,4
102083,33,Biryani,401,Bangalore,Dinner,27,UPI,Local Kitchen,50,5
102084,53,Biryani,518,Coimbatore,Evening,54,UPI,Dominos,75,4
102085,35,Biryani,438,Chennai,Evening,32,UPI,Chinese Wok,100,5
102086,34,Fast Food,472,Bangalore,Evening,23,UPI,Local Kitchen,75,5
102087,23,Chinese,456,Coimbatore,Dinner,36,UPI,Saravana Bhavan,75,5
102088,39,South Indian,245,Salem,Dinner,29,Cash on Delivery,Chinese Wok,0,4
102089,45,South Indian,410,Coimbatore,Dinner,32,Credit Card,Anjappar,75,5
102090,31,South Indian,502,Bangalore,Evening,39,UPI,SS Hyderabad Biryani,100,5
102091,44,Fast Food,843,Coimbatore,Dinner,37,UPI,Anjappar,30,5
102092,57,Fast Food,418,Madurai,Late Night,34,Credit Card,Local Kitchen,30,5
102093,26,Biryani,694,Coimbatore,Late Night,28,Debit Card,SS Hyderabad Biryani,75,5
102094,35,Pizza,351,Chennai,Dinner,16,UPI,Anjappar,30,4
102095,28,South Indian,664,Trichy,Dinner,53,UPI,A2B,75,4
102096,44,Biryani,846,Bangalore,Dinner,53,UPI,Chinese Wok,30,4
102097,36,Biryani,229,Bangalore,Lunch,34,UPI,Anjappar,0,4
102098,38,Pizza,318,Bangalore,Lunch,42,UPI,Burger King,75,4
102099,44,Chinese,434,Madurai,Evening,34,Credit Card,KFC,100,4
102100,31,Chinese,216,Coimbatore,Lunch,26,Debit Card,Saravana Bhavan,100,5
102101,53,Fast Food,340,Chennai,Dinner,35,UPI,SS Hyderabad Biryani,100,4
102102,35,Fast Food,447,Trichy,Dinner,35,Wallet,SS Hyderabad Biryani,30,5
102103,25,North Indian,252,Chennai,Evening,49,Credit Card,KFC,30,4
102104,41,Pizza,245,Madurai,Breakfast,35,Cash on Delivery,Saravana Bhavan,75,4
102105,44,Fast Food,283,Chennai,Breakfast,51,Cash on Delivery,Hotel Aryaas,0,4
102106,29,Pizza,331,Coimbatore,Lunch,32,Cash on Delivery,Saravana Bhavan,0,4
102107,48,Chinese,643,Chennai,Lunch,28,UPI,SS Hyderabad Biryani,0,5
102108,52,Fast Food,377,Bangalore,Late Night,49,UPI,Anjappar,0,4
102109,28,South Indian,526,Bangalore,Lunch,48,UPI,Anjappar,20,3
102110,59,Biryani,399,Chennai,Lunch,35,Credit Card,Chinese Wok,30,4
102111,25,Biryani,375,Coimbatore,Breakfast,37,UPI,Saravana Bhavan,20,5
102112,26,Chinese,514,Salem,Dinner,37,UPI,KFC,75,4
102113,26,Fast Food,430,Coimbatore,Dinner,36,Cash on Delivery,A2B,20,4
102114,51,Pizza,508,Trichy,Lunch,30,Debit Card,Chinese Wok,50,3
102115,39,North Indian,524,Salem,Late Night,58,Wallet,Hotel Aryaas,100,5
102116,25,Biryani,318,Salem,Dinner,30,Credit Card,Hotel Aryaas,50,4
102117,32,South Indian,654,Trichy,Lunch,40,UPI,Local Kitchen,0,5
102118,38,Pizza,690,Coimbatore,Evening,36,UPI,Chinese Wok,0,5
102119,22,Pizza,225,Salem,Evening,15,UPI,Hotel Aryaas,75,5
102120,50,Chinese,569,Trichy,Lunch,35,UPI,A2B,20,4
102121,45,Fast Food,519,Trichy,Dinner,31,Wallet,Chinese Wok,20,5
102122,34,South Indian,238,Chennai,Lunch,28,UPI,Burger King,75,5
102123,58,South Indian,440,Salem,Evening,24,UPI,SS Hyderabad Biryani,50,4
102124,32,North Indian,473,Madurai,Evening,52,UPI,Anjappar,50,4
102125,59,Fast Food,300,Madurai,Evening,23,Cash on Delivery,Hotel Aryaas,50,5
102126,40,North Indian,331,Chennai,Dinner,32,Debit Card,A2B,30,5
102127,38,Fast Food,368,Chennai,Lunch,29,Debit Card,Saravana Bhavan,50,5
102128,25,North Indian,404,Salem,Lunch,23,UPI,Anjappar,50,4
102129,50,Chinese,340,Bangalore,Dinner,42,Credit Card,Dominos,0,4
102130,32,South Indian,341,Coimbatore,Lunch,38,Debit Card,A2B,0,4
102131,25,South Indian,219,Trichy,Breakfast,29,UPI,Burger King,0,5
102132,18,Fast Food,586,Chennai,Evening,25,Debit Card,SS Hyderabad Biryani,75,4
102133,36,Fast Food,367,Coimbatore,Lunch,39,Credit Card,Saravana Bhavan,30,4
102134,35,Biryani,431,Coimbatore,Evening,38,UPI,KFC,100,4
102135,42,Biryani,697,Coimbatore,Lunch,33,UPI,Local Kitchen,50,4
102136,51,Fast Food,274,Coimbatore,Breakfast,48,UPI,A2B,30,4
102137,22,Pizza,376,Chennai,Dinner,50,Credit Card,Chinese Wok,100,4
102138,42,South Indian,512,Chennai,Breakfast,29,Credit Card,Dominos,100,4
102139,26,Biryani,557,Bangalore,Late Night,55,Credit Card,A2B,30,5
102140,48,Pizza,309,Salem,Lunch,31,UPI,Chinese Wok,30,4
102141,45,South Indian,462,Bangalore,Dinner,31,UPI,Local Kitchen,30,3
102142,35,North Indian,285,Coimbatore,Dinner,41,UPI,Chinese Wok,0,5
102143,41,Chinese,300,Chennai,Lunch,37,Debit Card,Burger King,50,5
102144,29,Biryani,273,Trichy,Dinner,34,Cash on Delivery,KFC,75,5
102145,33,South Indian,641,Salem,Dinner,15,Credit Card,SS Hyderabad Biryani,30,5
102146,45,Chinese,369,Coimbatore,Lunch,18,UPI,Burger King,0,5
102147,33,Biryani,706,Coimbatore,Late Night,21,Cash on Delivery,SS Hyderabad Biryani,75,5
102148,30,Biryani,318,Bangalore,Breakfast,34,UPI,SS Hyderabad Biryani,75,5
102149,34,Biryani,519,Madurai,Lunch,29,Credit Card,Chinese Wok,75,3
102150,46,Fast Food,311,Coimbatore,Dinner,30,UPI,Anjappar,0,4
102151,30,South Indian,400,Bangalore,Lunch,31,Debit Card,Hotel Aryaas,0,5
102152,26,South Indian,206,Madurai,Dinner,44,Credit Card,Saravana Bhavan,30,4
102153,41,Biryani,528,Salem,Dinner,42,UPI,Chinese Wok,0,4
102154,45,Chinese,380,Chennai,Late Night,30,Wallet,SS Hyderabad Biryani,50,3
102155,23,South Indian,383,Salem,Evening,31,Credit Card,Local Kitchen,50,5
102156,27,Fast Food,366,Coimbatore,Late Night,25,UPI,SS Hyderabad Biryani,100,5
102157,25,Biryani,483,Madurai,Evening,31,Wallet,Dominos,20,5
102158,30,Biryani,359,Bangalore,Lunch,47,UPI,Saravana Bhavan,50,4
102159,33,Fast Food,445,Coimbatore,Evening,43,Credit Card,Hotel Aryaas,30,4
102160,43,Biryani,315,Madurai,Dinner,38,Credit Card,KFC,0,4
102161,39,Fast Food,585,Coimbatore,Evening,23,Cash on Delivery,Hotel Aryaas,75,5
102162,38,Chinese,344,Chennai,Dinner,33,Debit Card,SS Hyderabad Biryani,0,4
102163,30,South Indian,450,Coimbatore,Evening,30,Cash on Delivery,Saravana Bhavan,0,4
102164,47,Fast Food,708,Bangalore,Evening,32,Debit Card,Dominos,20,5
102165,33,Fast Food,468,Chennai,Late Night,42,UPI,Anjappar,100,5
102166,59,South Indian,538,Salem,Evening,45,Debit Card,Dominos,0,5
102167,38,Pizza,477,Chennai,Lunch,58,Credit Card,Dominos,20,4
102168,24,Chinese,451,Coimbatore,Dinner,25,UPI,SS Hyderabad Biryani,30,4
102169,40,South Indian,413,Chennai,Lunch,46,UPI,Dominos,20,5
102170,29,Fast Food,263,Bangalore,Dinner,33,Debit Card,Local Kitchen,50,5
102171,40,Fast Food,354,Coimbatore,Breakfast,27,Wallet,Hotel Aryaas,20,5
102172,21,Pizza,306,Coimbatore,Lunch,56,Debit Card,Hotel Aryaas,50,4
102173,26,Biryani,386,Chennai,Breakfast,52,Debit Card,Local Kitchen,20,4
102174,48,North Indian,268,Chennai,Breakfast,31,UPI,Saravana Bhavan,0,5
102175,27,Chinese,404,Madurai,Dinner,27,UPI,KFC,30,5
102176,46,Chinese,670,Bangalore,Evening,16,Credit Card,A2B,30,5
102177,28,Biryani,674,Coimbatore,Dinner,47,UPI,A2B,20,4
102178,39,South Indian,514,Chennai,Evening,15,Debit Card,Chinese Wok,20,5
102179,41,South Indian,353,Trichy,Lunch,33,UPI,Dominos,20,4
102180,34,Biryani,404,Chennai,Dinner,25,UPI,Chinese Wok,30,5
102181,29,Fast Food,592,Salem,Dinner,48,UPI,Saravana Bhavan,30,4
102182,27,North Indian,444,Coimbatore,Dinner,52,UPI,A2B,0,4
102183,19,South Indian,812,Coimbatore,Dinner,17,Credit Card,Saravana Bhavan,0,5
102184,29,Fast Food,521,Madurai,Lunch,35,UPI,A2B,20,5
102185,39,Biryani,511,Trichy,Dinner,37,UPI,A2B,20,5
102186,55,Chinese,492,Coimbatore,Evening,31,UPI,Burger King,20,4
102187,49,Chinese,441,Coimbatore,Evening,28,Credit Card,A2B,30,4
102188,43,South Indian,443,Coimbatore,Late Night,50,UPI,Local Kitchen,100,3
102189,44,South Indian,462,Salem,Evening,29,Credit Card,Burger King,30,5
102190,39,South Indian,465,Madurai,Dinner,54,UPI,Dominos,0,4
102191,28,South Indian,268,Chennai,Evening,27,UPI,Chinese Wok,20,3
102192,52,Fast Food,197,Chennai,Breakfast,42,Debit Card,SS Hyderabad Biryani,30,5
102193,40,North Indian,319,Chennai,Evening,42,Credit Card,Chinese Wok,20,5
102194,36,South Indian,371,Chennai,Dinner,27,UPI,Saravana Bhavan,30,4
102195,23,Fast Food,658,Chennai,Evening,16,Cash on Delivery,A2B,30,5
102196,33,South Indian,581,Bangalore,Evening,25,Cash on Delivery,Chinese Wok,50,4
102197,33,Pizza,321,Chennai,Dinner,22,UPI,Local Kitchen,0,5
102198,49,Biryani,381,Coimbatore,Breakfast,42,UPI,Chinese Wok,30,3
102199,35,Fast Food,386,Bangalore,Lunch,30,Credit Card,Local Kitchen,20,5
102200,31,Chinese,847,Coimbatore,Dinner,48,Debit Card,Anjappar,0,4
102201,58,Fast Food,466,Chennai,Late Night,40,Credit Card,KFC,30,3
102202,23,Pizza,821,Chennai,Evening,32,Debit Card,Chinese Wok,50,5
102203,32,Biryani,521,Chennai,Dinner,35,Credit Card,Hotel Aryaas,75,4
102204,20,Pizza,465,Trichy,Lunch,21,Wallet,Burger King,0,4
102205,42,Biryani,211,Bangalore,Lunch,32,Cash on Delivery,Saravana Bhavan,30,4
102206,53,Biryani,414,Chennai,Dinner,35,UPI,Local Kitchen,100,4
102207,28,North Indian,557,Coimbatore,Late Night,30,Credit Card,SS Hyderabad Biryani,50,5
102208,48,South Indian,356,Chennai,Lunch,28,Credit Card,A2B,30,4
102209,29,Fast Food,664,Bangalore,Breakfast,44,Credit Card,Chinese Wok,0,4
102210,53,Fast Food,657,Bangalore,Breakfast,25,Wallet,Dominos,0,4
102211,43,South Indian,242,Coimbatore,Lunch,40,UPI,Dominos,0,5
102212,45,South Indian,239,Coimbatore,Dinner,45,Credit Card,Burger King,50,4
102213,18,North Indian,713,Chennai,Evening,39,Cash on Delivery,KFC,30,4
102214,57,North Indian,325,Madurai,Evening,22,UPI,Anjappar,20,4
102215,42,Chinese,334,Trichy,Dinner,35,Cash on Delivery,Burger King,75,5
102216,29,South Indian,252,Salem,Dinner,43,Debit Card,KFC,75,4
102217,46,South Indian,376,Chennai,Breakfast,31,UPI,Saravana Bhavan,50,5
102218,28,Chinese,374,Madurai,Dinner,25,UPI,Burger King,50,5
102219,49,Biryani,344,Madurai,Late Night,25,UPI,Burger King,0,5
102220,23,Fast Food,729,Salem,Lunch,37,UPI,Chinese Wok,75,4
102221,41,Biryani,712,Chennai,Dinner,31,Credit Card,Saravana Bhavan,0,4
102222,35,Biryani,409,Madurai,Dinner,28,Wallet,Anjappar,75,5
102223,23,Biryani,623,Chennai,Breakfast,15,UPI,Hotel Aryaas,75,5
102224,27,South Indian,465,Bangalore,Lunch,52,UPI,Hotel Aryaas,50,4
102225,18,Pizza,630,Coimbatore,Dinner,31,UPI,Anjappar,50,5
102226,33,South Indian,760,Madurai,Evening,42,Wallet,Local Kitchen,20,4
102227,29,Fast Food,438,Trichy,Evening,47,Credit Card,Local Kitchen,20,4
102228,37,Biryani,156,Coimbatore,Lunch,68,UPI,Saravana Bhavan,30,3
102229,29,South Indian,632,Bangalore,Dinner,41,Debit Card,Anjappar,30,4
102230,29,Fast Food,344,Chennai,Lunch,37,Cash on Delivery,A2B,20,5
102231,42,South Indian,574,Coimbatore,Evening,19,UPI,SS Hyderabad Biryani,75,5
102232,20,North Indian,944,Coimbatore,Evening,15,UPI,KFC,0,4
102233,52,Biryani,437,Chennai,Dinner,15,UPI,Local Kitchen,20,5
102234,48,Biryani,730,Trichy,Breakfast,32,UPI,A2B,20,3
102235,40,South Indian,578,Chennai,Lunch,24,UPI,Burger King,100,4
102236,37,North Indian,704,Bangalore,Lunch,29,UPI,SS Hyderabad Biryani,0,5
102237,51,Pizza,544,Trichy,Lunch,48,Cash on Delivery,Dominos,30,4
102238,26,North Indian,522,Salem,Lunch,39,UPI,Local Kitchen,0,5
102239,22,Fast Food,510,Madurai,Dinner,34,UPI,Chinese Wok,50,3
102240,27,North Indian,435,Chennai,Dinner,36,UPI,Local Kitchen,50,5
102241,44,Biryani,1025,Trichy,Dinner,27,UPI,Hotel Aryaas,75,5
102242,19,Biryani,476,Chennai,Evening,29,Debit Card,Hotel Aryaas,20,5
102243,36,Pizza,606,Salem,Breakfast,20,UPI,Hotel Aryaas,30,5
102244,60,North Indian,279,Madurai,Late Night,42,Wallet,Anjappar,100,4
102245,48,Biryani,899,Madurai,Lunch,52,UPI,Chinese Wok,20,5
102246,35,Biryani,685,Chennai,Dinner,48,UPI,Hotel Aryaas,75,4
102247,21,Biryani,335,Bangalore,Late Night,34,Debit Card,Dominos,100,5
102248,46,Biryani,540,Trichy,Dinner,44,Wallet,Saravana Bhavan,20,5
102249,37,Biryani,538,Trichy,Lunch,39,Wallet,A2B,20,3
102250,23,North Indian,623,Chennai,Lunch,36,Debit Card,Saravana Bhavan,20,4
102251,22,Chinese,438,Salem,Breakfast,38,Wallet,Chinese Wok,75,4
102252,53,Pizza,308,Chennai,Dinner,21,Cash on Delivery,Local Kitchen,50,4
102253,40,Pizza,299,Bangalore,Dinner,29,UPI,Chinese Wok,0,5
102254,46,South Indian,496,Madurai,Dinner,27,Cash on Delivery,Burger King,75,4
102255,50,Pizza,322,Chennai,Breakfast,19,Credit Card,Local Kitchen,0,5
102256,36,South Indian,958,Chennai,Dinner,40,Credit Card,SS Hyderabad Biryani,30,4
102257,34,Fast Food,500,Madurai,Dinner,41,UPI,Hotel Aryaas,0,4
102258,32,South Indian,258,Coimbatore,Lunch,15,Credit Card,Saravana Bhavan,30,5
102259,29,South Indian,396,Chennai,Lunch,34,Debit Card,Dominos,50,4
102260,32,Pizza,496,Madurai,Dinner,31,Debit Card,KFC,20,4
102261,44,North Indian,1031,Trichy,Evening,28,UPI,Hotel Aryaas,0,4
102262,37,Fast Food,305,Bangalore,Lunch,18,UPI,Chinese Wok,30,5
102263,51,Pizza,279,Chennai,Breakfast,35,UPI,Saravana Bhavan,100,5
102264,33,Biryani,467,Chennai,Dinner,34,UPI,Chinese Wok,50,5
102265,37,Pizza,469,Madurai,Lunch,30,Debit Card,Hotel Aryaas,30,4
102266,38,Fast Food,513,Bangalore,Lunch,42,UPI,Local Kitchen,0,4
102267,37,Biryani,532,Bangalore,Dinner,42,UPI,Hotel Aryaas,50,3
102268,41,Fast Food,483,Trichy,Dinner,15,UPI,Hotel Aryaas,20,4
102269,27,South Indian,845,Coimbatore,Dinner,42,Credit Card,KFC,50,5
102270,34,Biryani,490,Chennai,Evening,24,UPI,Burger King,0,5
102271,23,North Indian,343,Salem,Dinner,31,UPI,Chinese Wok,30,4
102272,31,Biryani,615,Bangalore,Dinner,50,UPI,Local Kitchen,20,5
102273,34,North Indian,596,Bangalore,Late Night,34,Wallet,KFC,0,5
102274,39,Chinese,387,Salem,Lunch,44,Wallet,Local Kitchen,30,4
102275,56,Fast Food,227,Salem,Lunch,31,Debit Card,Dominos,0,4
102276,37,Fast Food,383,Bangalore,Breakfast,43,Debit Card,Burger King,0,4
102277,42,Chinese,472,Coimbatore,Dinner,33,UPI,Local Kitchen,30,5
102278,34,South Indian,213,Salem,Dinner,31,UPI,Anjappar,100,5
102279,38,Chinese,342,Madurai,Lunch,35,Credit Card,SS Hyderabad Biryani,50,4
102280,21,Fast Food,279,Coimbatore,Evening,23,Debit Card,Saravana Bhavan,75,5
102281,28,South Indian,302,Bangalore,Lunch,29,UPI,Anjappar,0,3
102282,30,North Indian,473,Coimbatore,Lunch,40,Credit Card,Anjappar,20,4
102283,33,Biryani,479,Trichy,Late Night,42,UPI,Hotel Aryaas,50,4
102284,20,Fast Food,335,Coimbatore,Dinner,25,Credit Card,Dominos,0,4
102285,25,Fast Food,585,Trichy,Breakfast,51,Debit Card,Chinese Wok,30,4
102286,28,Pizza,616,Trichy,Lunch,52,Cash on Delivery,Local Kitchen,30,5
102287,58,Pizza,263,Trichy,Breakfast,25,Debit Card,Local Kitchen,30,5
102288,30,Fast Food,720,Madurai,Dinner,29,UPI,Saravana Bhavan,100,4
102289,34,Biryani,474,Trichy,Evening,34,Cash on Delivery,Anjappar,50,4
102290,26,Biryani,585,Coimbatore,Late Night,46,UPI,Dominos,100,4
102291,37,South Indian,588,Chennai,Dinner,40,Cash on Delivery,Local Kitchen,0,4
102292,28,Fast Food,440,Trichy,Evening,31,UPI,Dominos,30,4
102293,26,North Indian,648,Coimbatore,Dinner,21,Credit Card,Chinese Wok,0,5
102294,34,South Indian,480,Chennai,Dinner,15,Credit Card,Saravana Bhavan,50,4
102295,18,Fast Food,680,Chennai,Lunch,37,UPI,Saravana Bhavan,0,3
102296,18,North Indian,256,Chennai,Dinner,52,Cash on Delivery,Chinese Wok,75,4
102297,27,South Indian,746,Madurai,Dinner,34,Credit Card,Hotel Aryaas,30,5
102298,19,South Indian,874,Madurai,Evening,38,UPI,Burger King,50,4
102299,23,Biryani,476,Chennai,Lunch,36,UPI,Local Kitchen,50,4
102300,30,Fast Food,580,Trichy,Lunch,18,Debit Card,Hotel Aryaas,50,5
102301,45,North Indian,461,Coimbatore,Lunch,50,UPI,Dominos,50,5
102302,36,South Indian,215,Madurai,Breakfast,26,UPI,Chinese Wok,100,4
102303,34,Fast Food,289,Coimbatore,Late Night,26,Credit Card,SS Hyderabad Biryani,0,5
102304,29,Chinese,507,Madurai,Dinner,39,UPI,Local Kitchen,0,4
102305,55,North Indian,324,Coimbatore,Dinner,27,UPI,Chinese Wok,30,5
102306,31,Fast Food,948,Coimbatore,Dinner,21,Credit Card,Hotel Aryaas,0,5
102307,22,South Indian,608,Trichy,Dinner,44,UPI,Dominos,30,5
102308,38,North Indian,703,Chennai,Late Night,35,UPI,Saravana Bhavan,50,4
102309,23,Biryani,288,Salem,Evening,44,UPI,Anjappar,50,4
102310,30,Chinese,417,Bangalore,Dinner,30,Credit Card,SS Hyderabad Biryani,20,4
102311,34,South Indian,285,Coimbatore,Evening,29,UPI,SS Hyderabad Biryani,50,5
102312,50,Chinese,668,Bangalore,Dinner,37,Wallet,Saravana Bhavan,20,5
102313,34,Fast Food,255,Chennai,Dinner,38,Debit Card,Local Kitchen,75,5
102314,41,Fast Food,525,Bangalore,Late Night,28,UPI,Saravana Bhavan,75,4
102315,60,Chinese,251,Salem,Breakfast,26,UPI,SS Hyderabad Biryani,50,5
102316,24,Biryani,386,Chennai,Lunch,43,Cash on Delivery,Hotel Aryaas,30,4
102317,28,Fast Food,418,Madurai,Lunch,37,UPI,A2B,20,4
102318,31,Biryani,740,Coimbatore,Evening,37,Cash on Delivery,Dominos,30,4
102319,32,Biryani,594,Bangalore,Evening,15,Debit Card,SS Hyderabad Biryani,0,5
102320,32,North Indian,489,Chennai,Lunch,37,UPI,Local Kitchen,50,4
102321,52,South Indian,310,Coimbatore,Dinner,38,Cash on Delivery,Burger King,50,5
102322,41,North Indian,315,Salem,Lunch,31,Credit Card,Chinese Wok,0,5
102323,37,Biryani,359,Chennai,Dinner,40,Debit Card,Burger King,75,3
102324,29,South Indian,422,Bangalore,Lunch,27,UPI,Anjappar,100,3
102325,45,Biryani,424,Bangalore,Evening,37,UPI,SS Hyderabad Biryani,0,4
102326,57,Pizza,617,Bangalore,Dinner,19,UPI,Local Kitchen,20,4
102327,45,Pizza,374,Bangalore,Dinner,43,UPI,Anjappar,75,4
102328,18,Biryani,597,Bangalore,Breakfast,26,UPI,KFC,20,5
102329,38,North Indian,500,Chennai,Dinner,38,UPI,SS Hyderabad Biryani,0,3
102330,20,Biryani,324,Trichy,Dinner,46,Cash on Delivery,Chinese Wok,75,4
102331,28,South Indian,531,Trichy,Dinner,44,UPI,Anjappar,30,4
102332,21,North Indian,448,Chennai,Dinner,38,Debit Card,Dominos,0,4
102333,37,Pizza,235,Coimbatore,Dinner,42,Wallet,KFC,20,4
102334,40,North Indian,274,Madurai,Late Night,49,UPI,Dominos,75,4
102335,23,Fast Food,552,Salem,Dinner,35,UPI,Saravana Bhavan,20,4
102336,31,Biryani,367,Salem,Late Night,44,Debit Card,KFC,0,5
102337,33,Biryani,478,Trichy,Dinner,22,Debit Card,Dominos,0,4
102338,31,South Indian,643,Chennai,Dinner,27,UPI,Local Kitchen,50,5
102339,24,Pizza,418,Salem,Evening,49,UPI,KFC,30,4
102340,32,Biryani,663,Trichy,Lunch,32,UPI,Burger King,20,4
102341,43,Chinese,280,Coimbatore,Late Night,29,Credit Card,Chinese Wok,75,5
102342,21,Fast Food,657,Coimbatore,Dinner,31,UPI,Hotel Aryaas,0,5
102343,22,Fast Food,325,Coimbatore,Lunch,27,Credit Card,Saravana Bhavan,0,5
102344,30,Chinese,493,Bangalore,Lunch,32,UPI,SS Hyderabad Biryani,20,5
102345,55,South Indian,585,Chennai,Dinner,24,Debit Card,Chinese Wok,0,5
102346,40,Pizza,805,Chennai,Evening,28,Debit Card,Chinese Wok,75,4
102347,40,Biryani,1001,Chennai,Breakfast,35,Debit Card,SS Hyderabad Biryani,30,5
102348,30,Pizza,287,Coimbatore,Lunch,50,UPI,Chinese Wok,30,3
102349,37,Biryani,859,Coimbatore,Dinner,34,Wallet,Dominos,0,4
102350,18,Biryani,517,Madurai,Lunch,17,Credit Card,Local Kitchen,75,5
102351,38,Chinese,357,Chennai,Evening,44,Cash on Delivery,Local Kitchen,100,3
102352,53,Pizza,716,Salem,Dinner,42,Credit Card,Burger King,75,4
102353,38,Fast Food,548,Trichy,Dinner,26,Credit Card,KFC,50,4
102354,50,Fast Food,479,Trichy,Lunch,42,Debit Card,Anjappar,50,4
102355,42,South Indian,473,Madurai,Breakfast,33,UPI,A2B,75,4
102356,24,Biryani,767,Chennai,Dinner,48,UPI,Local Kitchen,0,5
102357,52,Pizza,532,Coimbatore,Dinner,58,UPI,Anjappar,0,5
102358,21,Pizza,568,Chennai,Lunch,38,Cash on Delivery,Dominos,0,4
102359,35,Biryani,627,Salem,Evening,42,Cash on Delivery,Saravana Bhavan,75,4
102360,25,South Indian,334,Coimbatore,Dinner,50,Cash on Delivery,Chinese Wok,20,4
102361,18,Pizza,589,Bangalore,Late Night,44,Cash on Delivery,Hotel Aryaas,0,4
102362,32,Fast Food,517,Madurai,Evening,39,Wallet,Dominos,100,5
102363,29,Chinese,723,Salem,Breakfast,33,Credit Card,Saravana Bhavan,0,4
102364,34,Biryani,582,Madurai,Lunch,23,UPI,Hotel Aryaas,0,4
102365,36,South Indian,277,Bangalore,Lunch,31,Credit Card,Chinese Wok,75,4
102366,20,Biryani,362,Coimbatore,Lunch,32,UPI,Saravana Bhavan,75,4
102367,24,Pizza,603,Bangalore,Evening,34,UPI,Hotel Aryaas,30,5
102368,36,Fast Food,435,Chennai,Dinner,16,Debit Card,Burger King,20,5
102369,30,Fast Food,371,Trichy,Lunch,30,UPI,Chinese Wok,20,3
102370,42,Pizza,325,Bangalore,Dinner,31,UPI,Dominos,20,4
102371,39,Biryani,410,Chennai,Dinner,20,Debit Card,SS Hyderabad Biryani,75,5
102372,47,Fast Food,461,Salem,Dinner,38,UPI,SS Hyderabad Biryani,0,5
102373,41,Fast Food,424,Coimbatore,Late Night,43,UPI,Local Kitchen,50,5
102374,32,Fast Food,543,Trichy,Dinner,34,UPI,SS Hyderabad Biryani,100,5
102375,40,North Indian,295,Trichy,Late Night,22,Credit Card,SS Hyderabad Biryani,50,5
102376,28,Chinese,424,Trichy,Lunch,33,UPI,Local Kitchen,30,4
102377,29,Biryani,475,Chennai,Lunch,41,Debit Card,Chinese Wok,0,4
102378,44,Chinese,547,Chennai,Evening,41,Cash on Delivery,A2B,0,4
102379,33,South Indian,461,Trichy,Evening,34,Cash on Delivery,Anjappar,0,5
102380,44,North Indian,409,Trichy,Lunch,38,Cash on Delivery,Chinese Wok,30,5
102381,45,Fast Food,340,Coimbatore,Dinner,28,Wallet,Local Kitchen,30,5
102382,48,South Indian,522,Coimbatore,Breakfast,41,UPI,Local Kitchen,30,4
102383,53,South Indian,458,Chennai,Dinner,30,Debit Card,SS Hyderabad Biryani,0,5
102384,32,South Indian,422,Salem,Evening,26,Credit Card,KFC,75,5
102385,29,South Indian,431,Chennai,Dinner,44,UPI,Saravana Bhavan,50,3
102386,36,Biryani,313,Chennai,Evening,35,Debit Card,A2B,30,4
102387,31,Chinese,457,Bangalore,Late Night,35,UPI,SS Hyderabad Biryani,0,4
102388,37,South Indian,352,Chennai,Lunch,39,UPI,A2B,30,5
102389,41,North Indian,431,Salem,Late Night,33,Debit Card,Local Kitchen,20,5
102390,40,Fast Food,476,Chennai,Breakfast,25,UPI,Saravana Bhavan,100,5
102391,31,Chinese,377,Chennai,Dinner,32,UPI,Hotel Aryaas,30,4
102392,25,North Indian,233,Bangalore,Evening,19,Cash on Delivery,Chinese Wok,20,5
102393,32,Chinese,735,Coimbatore,Dinner,46,UPI,Dominos,100,4
102394,25,Pizza,324,Chennai,Dinner,23,Debit Card,Local Kitchen,0,5
102395,51,Pizza,464,Coimbatore,Dinner,53,UPI,Local Kitchen,30,4
102396,30,Fast Food,512,Coimbatore,Breakfast,26,Cash on Delivery,Saravana Bhavan,0,4
102397,25,South Indian,590,Trichy,Dinner,40,UPI,Burger King,0,4
102398,19,Biryani,237,Chennai,Lunch,53,UPI,SS Hyderabad Biryani,0,4
102399,39,South Indian,403,Salem,Breakfast,37,UPI,SS Hyderabad Biryani,0,5
102400,38,Fast Food,687,Bangalore,Lunch,31,Cash on Delivery,Burger King,50,4
102401,30,Chinese,833,Chennai,Evening,34,UPI,SS Hyderabad Biryani,20,4
102402,21,South Indian,382,Chennai,Dinner,25,Debit Card,Chinese Wok,100,5
102403,32,Fast Food,498,Bangalore,Lunch,15,UPI,Saravana Bhavan,30,5
102404,29,Fast Food,347,Chennai,Lunch,40,Cash on Delivery,Burger King,75,4
102405,40,North Indian,460,Coimbatore,Dinner,15,UPI,SS Hyderabad Biryani,20,5
102406,37,Biryani,612,Chennai,Late Night,20,UPI,SS Hyderabad Biryani,0,5
102407,30,Biryani,347,Bangalore,Dinner,35,Debit Card,SS Hyderabad Biryani,20,4
102408,27,Biryani,482,Bangalore,Dinner,27,Debit Card,Saravana Bhavan,75,5
102409,59,North Indian,573,Chennai,Dinner,39,Credit Card,Burger King,30,5
102410,33,North Indian,521,Bangalore,Dinner,50,UPI,Anjappar,30,3
102411,40,Chinese,267,Madurai,Late Night,31,Credit Card,Chinese Wok,20,5
102412,25,Pizza,511,Chennai,Dinner,28,UPI,Burger King,30,3
102413,34,Biryani,280,Trichy,Evening,52,Wallet,Hotel Aryaas,30,4
102414,19,North Indian,221,Bangalore,Dinner,41,Credit Card,SS Hyderabad Biryani,30,5
102415,34,Biryani,302,Salem,Late Night,43,UPI,Anjappar,30,4
102416,57,Biryani,330,Chennai,Lunch,42,Cash on Delivery,Local Kitchen,20,4
102417,31,Biryani,308,Salem,Dinner,32,UPI,Anjappar,50,4
102418,20,South Indian,457,Bangalore,Dinner,30,Wallet,SS Hyderabad Biryani,0,4
102419,19,Pizza,853,Bangalore,Dinner,24,Debit Card,Burger King,20,4
102420,31,Fast Food,420,Bangalore,Evening,41,Credit Card,A2B,50,4
102421,25,North Indian,498,Chennai,Dinner,38,UPI,Hotel Aryaas,20,5
102422,19,South Indian,615,Salem,Lunch,40,Credit Card,Hotel Aryaas,30,3
102423,43,Biryani,788,Bangalore,Lunch,15,UPI,KFC,20,5
102424,33,South Indian,455,Chennai,Late Night,43,Debit Card,KFC,20,4
102425,29,Chinese,306,Chennai,Dinner,29,UPI,Chinese Wok,30,5
102426,52,Pizza,725,Chennai,Dinner,15,UPI,Chinese Wok,0,5
102427,24,South Indian,385,Bangalore,Dinner,21,Credit Card,Burger King,20,4
102428,57,South Indian,693,Bangalore,Dinner,29,Debit Card,Anjappar,50,4
102429,29,Fast Food,571,Coimbatore,Dinner,27,Credit Card,Burger King,0,4
102430,51,Chinese,603,Coimbatore,Lunch,34,Debit Card,SS Hyderabad Biryani,30,4
102431,37,North Indian,652,Bangalore,Dinner,39,UPI,A2B,100,5
102432,45,Biryani,531,Bangalore,Dinner,33,UPI,Hotel Aryaas,20,3
102433,59,Pizza,383,Chennai,Dinner,29,UPI,Hotel Aryaas,30,5
102434,28,South Indian,602,Coimbatore,Lunch,35,UPI,KFC,0,4
102435,57,Fast Food,305,Chennai,Lunch,36,Cash on Delivery,KFC,50,4
102436,31,North Indian,665,Trichy,Lunch,47,UPI,Hotel Aryaas,20,5
102437,31,South Indian,879,Madurai,Dinner,28,UPI,Burger King,50,4
102438,30,Fast Food,304,Salem,Late Night,33,Cash on Delivery,Chinese Wok,0,5
102439,35,Biryani,238,Coimbatore,Late Night,50,Wallet,Anjappar,0,4
102440,25,Fast Food,587,Trichy,Lunch,22,Credit Card,Hotel Aryaas,20,5
102441,35,Pizza,476,Bangalore,Lunch,30,UPI,A2B,0,4
102442,35,South Indian,260,Coimbatore,Breakfast,25,UPI,Hotel Aryaas,75,4
102443,43,North Indian,266,Chennai,Evening,21,UPI,SS Hyderabad Biryani,50,3
102444,46,Fast Food,546,Madurai,Dinner,36,Debit Card,Chinese Wok,100,4
102445,32,Biryani,505,Trichy,Late Night,47,UPI,Hotel Aryaas,0,4
102446,29,Biryani,272,Chennai,Lunch,55,UPI,Anjappar,20,4
102447,28,South Indian,721,Chennai,Lunch,34,UPI,Anjappar,100,5
102448,26,North Indian,582,Madurai,Lunch,39,Credit Card,Local Kitchen,0,4
102449,20,Chinese,425,Salem,Evening,39,UPI,Chinese Wok,30,3
102450,30,Fast Food,380,Madurai,Dinner,32,UPI,Chinese Wok,50,4
102451,28,Pizza,391,Coimbatore,Dinner,47,Credit Card,KFC,0,3
102452,58,Pizza,330,Coimbatore,Dinner,32,UPI,Dominos,50,3
102453,36,Biryani,932,Coimbatore,Dinner,45,UPI,Hotel Aryaas,75,5
102454,30,Pizza,409,Trichy,Lunch,30,UPI,Anjappar,20,5
102455,36,Fast Food,530,Madurai,Lunch,22,Debit Card,Saravana Bhavan,50,4
102456,25,Biryani,297,Bangalore,Breakfast,23,Cash on Delivery,Chinese Wok,30,5
102457,33,Fast Food,399,Chennai,Dinner,18,Cash on Delivery,Anjappar,50,4
102458,38,South Indian,478,Salem,Dinner,47,Credit Card,A2B,20,4
102459,34,South Indian,468,Bangalore,Dinner,47,Wallet,Hotel Aryaas,0,5
102460,31,Fast Food,182,Salem,Breakfast,27,UPI,Local Kitchen,20,5
102461,60,Biryani,411,Bangalore,Dinner,23,Debit Card,A2B,20,5
102462,50,Pizza,642,Trichy,Breakfast,26,Debit Card,A2B,100,5
102463,38,North Indian,268,Trichy,Lunch,36,UPI,Saravana Bhavan,20,5
102464,36,Pizza,987,Coimbatore,Evening,25,UPI,A2B,75,5
102465,38,Fast Food,484,Salem,Evening,39,Wallet,Local Kitchen,0,4
102466,26,Fast Food,516,Chennai,Dinner,31,Debit Card,Hotel Aryaas,30,4
102467,31,Biryani,265,Madurai,Dinner,45,UPI,Local Kitchen,30,4
102468,20,Biryani,485,Salem,Lunch,41,Credit Card,Dominos,0,4
102469,33,South Indian,473,Coimbatore,Lunch,23,Credit Card,Saravana Bhavan,30,4
102470,35,South Indian,270,Bangalore,Lunch,21,Wallet,Anjappar,20,5
102471,27,Chinese,676,Bangalore,Lunch,36,Debit Card,Dominos,0,4
102472,57,Chinese,333,Madurai,Lunch,32,Credit Card,KFC,0,4
102473,53,Fast Food,425,Trichy,Dinner,47,Cash on Delivery,SS Hyderabad Biryani,50,4
102474,42,Fast Food,690,Bangalore,Lunch,38,Debit Card,Hotel Aryaas,30,4
102475,35,Chinese,286,Trichy,Dinner,29,Wallet,Dominos,30,5
102476,49,Fast Food,329,Coimbatore,Evening,51,Credit Card,Burger King,75,3
102477,24,Biryani,445,Chennai,Lunch,30,Debit Card,SS Hyderabad Biryani,0,5
102478,44,Fast Food,462,Coimbatore,Evening,21,Credit Card,Anjappar,30,5
102479,24,Fast Food,544,Bangalore,Dinner,32,Credit Card,Anjappar,100,5
102480,44,Biryani,875,Chennai,Evening,26,UPI,SS Hyderabad Biryani,30,5
102481,28,Pizza,720,Madurai,Breakfast,44,Cash on Delivery,Anjappar,30,4
102482,50,Pizza,584,Coimbatore,Late Night,23,UPI,Dominos,0,5
102483,56,Biryani,532,Madurai,Breakfast,42,UPI,SS Hyderabad Biryani,50,5
102484,25,Biryani,378,Chennai,Late Night,31,Debit Card,SS Hyderabad Biryani,50,3
102485,33,Chinese,227,Bangalore,Breakfast,18,Credit Card,SS Hyderabad Biryani,0,5
102486,59,Biryani,1200,Bangalore,Dinner,38,UPI,Saravana Bhavan,30,4
102487,34,Fast Food,373,Salem,Dinner,46,Cash on Delivery,Saravana Bhavan,20,4
102488,49,Biryani,377,Madurai,Evening,35,UPI,Hotel Aryaas,30,4
102489,37,Fast Food,284,Madurai,Breakfast,32,UPI,SS Hyderabad Biryani,50,5
102490,31,Pizza,546,Trichy,Lunch,53,UPI,Hotel Aryaas,0,4
102491,28,Pizza,386,Bangalore,Dinner,46,Cash on Delivery,Burger King,20,4
102492,26,Biryani,748,Coimbatore,Dinner,42,UPI,Dominos,75,4
102493,43,Fast Food,772,Trichy,Evening,15,UPI,Saravana Bhavan,0,4
102494,31,Biryani,398,Madurai,Evening,27,Credit Card,Anjappar,50,4
102495,34,Biryani,700,Coimbatore,Breakfast,32,Credit Card,Saravana Bhavan,75,4
102496,34,North Indian,443,Madurai,Dinner,39,Wallet,Burger King,30,5
102497,36,Chinese,325,Trichy,Lunch,43,Cash on Delivery,Anjappar,50,4
102498,49,South Indian,320,Salem,Breakfast,24,UPI,Local Kitchen,30,4
102499,59,Pizza,530,Salem,Dinner,40,Debit Card,Local Kitchen,75,5
102500,32,Pizza,381,Coimbatore,Evening,22,UPI,Hotel Aryaas,50,5
102501,46,Pizza,511,Coimbatore,Breakfast,41,UPI,SS Hyderabad Biryani,20,5
102502,43,Biryani,550,Chennai,Lunch,23,UPI,Anjappar,30,5
102503,36,Biryani,425,Chennai,Dinner,46,Credit Card,KFC,30,5
102504,57,Chinese,374,Trichy,Breakfast,37,Credit Card,SS Hyderabad Biryani,50,4
102505,26,Fast Food,396,Coimbatore,Dinner,30,Debit Card,Local Kitchen,0,4
102506,23,North Indian,684,Bangalore,Lunch,37,UPI,SS Hyderabad Biryani,100,5
102507,48,Chinese,297,Bangalore,Breakfast,27,UPI,Local Kitchen,0,4
102508,32,North Indian,297,Madurai,Dinner,34,Cash on Delivery,A2B,30,4
102509,47,Biryani,370,Chennai,Evening,24,UPI,A2B,0,4
102510,51,Pizza,692,Coimbatore,Lunch,37,Credit Card,Hotel Aryaas,20,4
102511,21,Fast Food,705,Coimbatore,Evening,31,Debit Card,Dominos,0,4
102512,50,North Indian,541,Coimbatore,Breakfast,32,UPI,A2B,0,4
102513,33,Biryani,652,Salem,Dinner,34,Cash on Delivery,SS Hyderabad Biryani,30,4
102514,34,South Indian,360,Trichy,Evening,25,Debit Card,Anjappar,30,4
102515,38,Pizza,299,Coimbatore,Dinner,55,Credit Card,Anjappar,0,4
102516,54,South Indian,482,Trichy,Dinner,32,UPI,Chinese Wok,100,4
102517,18,South Indian,561,Coimbatore,Dinner,45,Debit Card,Local Kitchen,20,4
102518,33,North Indian,749,Madurai,Dinner,22,Cash on Delivery,Chinese Wok,50,4
102519,40,South Indian,271,Chennai,Dinner,15,Debit Card,KFC,100,3
102520,42,South Indian,438,Madurai,Evening,37,Credit Card,KFC,75,5
102521,41,Biryani,332,Coimbatore,Evening,45,Debit Card,Saravana Bhavan,50,4
102522,24,Pizza,201,Chennai,Lunch,46,Wallet,Hotel Aryaas,0,4
102523,29,Chinese,453,Chennai,Dinner,43,UPI,Hotel Aryaas,30,5
102524,30,Fast Food,535,Coimbatore,Dinner,32,Debit Card,SS Hyderabad Biryani,0,5
102525,45,Biryani,403,Madurai,Lunch,40,Debit Card,A2B,20,4
102526,28,South Indian,419,Chennai,Dinner,28,Credit Card,Chinese Wok,75,5
102527,26,Biryani,417,Bangalore,Dinner,28,UPI,Local Kitchen,0,3
102528,57,Biryani,268,Madurai,Evening,36,Cash on Delivery,Burger King,50,5
102529,18,South Indian,412,Bangalore,Breakfast,36,Cash on Delivery,Saravana Bhavan,20,5
102530,60,Biryani,233,Madurai,Evening,29,Debit Card,Anjappar,0,5
102531,40,Biryani,556,Chennai,Dinner,36,Credit Card,Local Kitchen,0,3
102532,46,Chinese,335,Bangalore,Breakfast,45,UPI,Saravana Bhavan,20,4
102533,29,Biryani,694,Salem,Evening,25,UPI,SS Hyderabad Biryani,75,5
102534,18,Fast Food,186,Bangalore,Late Night,41,Debit Card,Saravana Bhavan,30,4
102535,42,Biryani,688,Bangalore,Dinner,20,Credit Card,Chinese Wok,20,5
102536,46,South Indian,325,Madurai,Dinner,17,UPI,A2B,0,5
102537,42,Chinese,778,Coimbatore,Dinner,37,UPI,SS Hyderabad Biryani,20,4
102538,25,Chinese,551,Madurai,Breakfast,33,UPI,Dominos,100,4
102539,43,Fast Food,742,Salem,Late Night,35,Debit Card,KFC,0,5
102540,43,Biryani,433,Chennai,Late Night,35,UPI,Hotel Aryaas,20,5
102541,39,Biryani,618,Trichy,Dinner,44,UPI,A2B,30,4
102542,43,South Indian,469,Chennai,Breakfast,39,UPI,KFC,30,5
102543,47,North Indian,265,Coimbatore,Lunch,39,Cash on Delivery,Local Kitchen,20,5
102544,38,Biryani,321,Trichy,Lunch,48,UPI,Local Kitchen,0,5
102545,22,Fast Food,762,Trichy,Evening,43,Credit Card,Chinese Wok,75,4
102546,34,Biryani,422,Trichy,Lunch,36,UPI,KFC,0,4
102547,22,South Indian,449,Salem,Dinner,45,Credit Card,Saravana Bhavan,50,4
102548,32,Chinese,392,Coimbatore,Dinner,31,Credit Card,Saravana Bhavan,20,4
102549,32,Chinese,343,Bangalore,Breakfast,32,Credit Card,A2B,75,4
102550,21,Pizza,371,Coimbatore,Dinner,47,UPI,Chinese Wok,30,4
102551,30,South Indian,429,Coimbatore,Lunch,32,Credit Card,Hotel Aryaas,0,3
102552,23,Biryani,390,Coimbatore,Dinner,38,UPI,A2B,30,4
102553,45,Fast Food,689,Madurai,Evening,38,UPI,Local Kitchen,75,4
102554,56,Chinese,378,Bangalore,Lunch,36,Cash on Delivery,Saravana Bhavan,0,5
102555,21,South Indian,723,Trichy,Breakfast,52,Debit Card,Chinese Wok,30,3
102556,57,South Indian,366,Madurai,Late Night,33,UPI,Dominos,50,5
102557,35,Chinese,430,Chennai,Dinner,52,Credit Card,SS Hyderabad Biryani,0,4
102558,29,Chinese,346,Bangalore,Evening,23,Wallet,A2B,0,5
102559,21,Pizza,437,Coimbatore,Breakfast,34,UPI,Local Kitchen,0,4
102560,34,South Indian,415,Coimbatore,Dinner,32,Wallet,Dominos,30,4
102561,44,Pizza,588,Trichy,Lunch,42,Debit Card,Hotel Aryaas,75,4
102562,41,Fast Food,422,Bangalore,Late Night,20,Credit Card,Dominos,20,5
102563,20,Chinese,764,Trichy,Late Night,38,Wallet,Dominos,0,4
102564,21,North Indian,342,Madurai,Dinner,43,UPI,Anjappar,30,5
102565,31,Fast Food,510,Bangalore,Late Night,31,UPI,Dominos,75,4
102566,29,Pizza,546,Madurai,Lunch,28,UPI,Dominos,30,5
102567,27,Chinese,657,Chennai,Lunch,28,Debit Card,Dominos,0,4
102568,28,Biryani,338,Chennai,Lunch,39,UPI,SS Hyderabad Biryani,0,4
102569,45,South Indian,631,Chennai,Breakfast,18,UPI,Anjappar,20,5
102570,54,Biryani,907,Coimbatore,Late Night,21,Credit Card,Dominos,0,4
102571,32,North Indian,603,Chennai,Breakfast,35,UPI,KFC,30,5
102572,52,Pizza,318,Salem,Dinner,40,UPI,Anjappar,100,4
102573,29,Biryani,396,Bangalore,Dinner,37,UPI,Saravana Bhavan,75,4
102574,33,Biryani,461,Bangalore,Evening,40,Cash on Delivery,Burger King,30,4
102575,27,South Indian,361,Chennai,Breakfast,24,Wallet,Local Kitchen,100,5
102576,39,Fast Food,695,Coimbatore,Breakfast,17,Debit Card,Local Kitchen,30,4
102577,59,Biryani,273,Coimbatore,Lunch,43,UPI,Saravana Bhavan,50,3
102578,37,South Indian,332,Madurai,Evening,21,UPI,Chinese Wok,0,5
102579,30,Fast Food,373,Coimbatore,Evening,39,UPI,Saravana Bhavan,0,4
102580,39,Biryani,612,Bangalore,Dinner,16,Cash on Delivery,A2B,75,5
102581,24,Pizza,455,Bangalore,Dinner,41,Debit Card,Hotel Aryaas,0,5
102582,51,North Indian,576,Madurai,Evening,34,UPI,Hotel Aryaas,30,4
102583,34,Chinese,453,Chennai,Lunch,44,UPI,Anjappar,0,3
102584,33,Pizza,491,Madurai,Dinner,42,Credit Card,Burger King,30,5
102585,37,Biryani,381,Bangalore,Lunch,31,Debit Card,A2B,30,4
102586,38,Fast Food,529,Bangalore,Lunch,29,Cash on Delivery,KFC,75,5
102587,21,Biryani,604,Coimbatore,Dinner,37,UPI,Burger King,50,4
102588,40,Pizza,317,Coimbatore,Late Night,29,Cash on Delivery,Chinese Wok,0,3
102589,27,North Indian,388,Chennai,Late Night,15,UPI,A2B,30,4
102590,41,Chinese,493,Salem,Lunch,31,UPI,Anjappar,100,4
102591,45,Pizza,522,Coimbatore,Evening,25,UPI,Chinese Wok,30,3
102592,45,Chinese,309,Salem,Breakfast,29,UPI,Anjappar,20,4
102593,35,Fast Food,744,Coimbatore,Late Night,37,UPI,A2B,0,4
102594,35,South Indian,430,Chennai,Lunch,46,UPI,Dominos,30,4
102595,25,Biryani,398,Bangalore,Lunch,52,Cash on Delivery,Saravana Bhavan,100,5
102596,44,Biryani,957,Chennai,Dinner,39,UPI,Dominos,75,4
102597,28,Chinese,521,Trichy,Late Night,28,Credit Card,Burger King,50,4
102598,34,South Indian,555,Trichy,Dinner,44,Credit Card,Hotel Aryaas,20,5
102599,28,South Indian,476,Madurai,Lunch,19,Wallet,Chinese Wok,50,4
102600,24,South Indian,440,Bangalore,Evening,27,UPI,Chinese Wok,30,5
102601,38,Fast Food,536,Bangalore,Dinner,32,UPI,Dominos,30,4
102602,20,South Indian,290,Salem,Dinner,15,Wallet,KFC,75,5
102603,43,South Indian,455,Chennai,Lunch,36,Credit Card,Anjappar,0,4
102604,29,Fast Food,345,Madurai,Lunch,26,UPI,Hotel Aryaas,30,5
102605,18,Pizza,354,Bangalore,Dinner,36,UPI,Local Kitchen,30,5
102606,34,South Indian,275,Salem,Evening,31,UPI,Dominos,100,5
102607,20,South Indian,351,Trichy,Dinner,26,Credit Card,Local Kitchen,0,4
102608,28,North Indian,358,Salem,Evening,24,Debit Card,A2B,30,4
102609,41,Pizza,213,Bangalore,Dinner,34,Credit Card,Dominos,20,5
102610,21,North Indian,726,Chennai,Late Night,41,Cash on Delivery,KFC,75,5
102611,47,Fast Food,570,Bangalore,Lunch,41,Credit Card,SS Hyderabad Biryani,20,5
102612,18,Biryani,300,Madurai,Dinner,37,UPI,Dominos,20,3
102613,27,Fast Food,328,Madurai,Lunch,40,UPI,KFC,50,4
102614,42,Fast Food,299,Chennai,Lunch,35,UPI,Burger King,20,4
102615,29,North Indian,383,Bangalore,Dinner,27,UPI,Local Kitchen,20,5
102616,23,Chinese,377,Chennai,Dinner,48,Wallet,Chinese Wok,0,4
102617,30,Biryani,931,Trichy,Dinner,27,UPI,Local Kitchen,20,4
102618,28,Biryani,382,Chennai,Lunch,50,Credit Card,Burger King,50,5
102619,47,Biryani,507,Bangalore,Lunch,40,UPI,Saravana Bhavan,30,5
102620,29,Chinese,331,Chennai,Late Night,31,UPI,A2B,0,5
102621,44,Chinese,590,Coimbatore,Lunch,21,Credit Card,A2B,75,4
102622,51,Pizza,378,Salem,Dinner,37,Credit Card,Chinese Wok,20,5
102623,32,North Indian,273,Chennai,Lunch,34,UPI,Chinese Wok,75,5
102624,53,Biryani,184,Chennai,Late Night,46,Cash on Delivery,KFC,75,4
102625,31,Fast Food,355,Chennai,Late Night,24,Credit Card,KFC,0,5
102626,57,Fast Food,347,Bangalore,Breakfast,45,UPI,Dominos,75,4
102627,22,Fast Food,527,Bangalore,Dinner,49,Debit Card,Saravana Bhavan,0,4
102628,40,North Indian,444,Coimbatore,Lunch,27,UPI,A2B,20,5
102629,34,South Indian,486,Madurai,Lunch,41,Credit Card,Chinese Wok,0,3
102630,31,Chinese,621,Chennai,Evening,48,Credit Card,Chinese Wok,0,3
102631,38,South Indian,245,Trichy,Dinner,48,Debit Card,KFC,0,3
102632,41,Biryani,407,Trichy,Lunch,45,UPI,KFC,0,5
102633,18,Biryani,373,Salem,Dinner,51,Cash on Delivery,A2B,50,4
102634,25,South Indian,526,Salem,Lunch,35,Debit Card,Saravana Bhavan,20,5
102635,41,Chinese,507,Coimbatore,Breakfast,34,Debit Card,Anjappar,0,3
102636,40,Biryani,237,Coimbatore,Dinner,50,Wallet,Anjappar,0,5
102637,58,Chinese,510,Madurai,Evening,15,Cash on Delivery,Burger King,0,5
102638,43,Pizza,345,Chennai,Dinner,31,UPI,Burger King,0,5
102639,56,Fast Food,680,Coimbatore,Dinner,26,Credit Card,KFC,50,4
102640,41,Chinese,422,Chennai,Dinner,34,Cash on Delivery,Dominos,0,4
102641,29,Fast Food,339,Coimbatore,Evening,38,Credit Card,KFC,75,4
102642,23,Chinese,683,Bangalore,Breakfast,40,Debit Card,Local Kitchen,0,4
102643,44,Pizza,327,Chennai,Dinner,35,UPI,Dominos,100,4
102644,39,North Indian,616,Chennai,Dinner,36,Cash on Delivery,Local Kitchen,50,3
102645,20,Fast Food,531,Madurai,Evening,44,Debit Card,Burger King,0,5
102646,30,Fast Food,692,Chennai,Dinner,28,Cash on Delivery,Local Kitchen,20,4
102647,57,Biryani,538,Salem,Lunch,31,Debit Card,Local Kitchen,20,5
102648,34,Biryani,640,Chennai,Lunch,25,Cash on Delivery,Chinese Wok,0,5
102649,32,Chinese,468,Bangalore,Dinner,34,UPI,Burger King,0,4
102650,33,North Indian,763,Coimbatore,Lunch,18,Cash on Delivery,Hotel Aryaas,30,5
102651,26,Fast Food,431,Chennai,Evening,47,Wallet,Burger King,50,4
102652,31,Biryani,275,Coimbatore,Evening,42,Cash on Delivery,Dominos,0,3
102653,31,Fast Food,279,Bangalore,Evening,24,Credit Card,SS Hyderabad Biryani,75,5
102654,20,South Indian,242,Trichy,Dinner,46,Cash on Delivery,Dominos,50,5
102655,43,Fast Food,843,Madurai,Breakfast,31,UPI,SS Hyderabad Biryani,30,4
102656,32,Fast Food,445,Chennai,Late Night,27,UPI,Anjappar,0,5
102657,45,Chinese,233,Chennai,Dinner,38,Wallet,Saravana Bhavan,20,4
102658,48,Biryani,539,Coimbatore,Evening,17,Debit Card,Dominos,20,5
102659,27,South Indian,387,Chennai,Lunch,31,UPI,A2B,75,5
102660,39,Pizza,692,Coimbatore,Breakfast,38,UPI,A2B,75,4
102661,33,Fast Food,562,Salem,Dinner,52,Debit Card,SS Hyderabad Biryani,0,4
102662,50,South Indian,531,Bangalore,Lunch,21,Debit Card,Hotel Aryaas,0,4
102663,27,Chinese,360,Madurai,Lunch,22,UPI,Chinese Wok,50,4
102664,40,Chinese,866,Madurai,Evening,32,Credit Card,Chinese Wok,0,5
102665,37,South Indian,482,Trichy,Dinner,31,Debit Card,SS Hyderabad Biryani,0,4
102666,29,Fast Food,560,Chennai,Dinner,42,Wallet,Dominos,100,4
102667,25,Pizza,334,Madurai,Dinner,49,Credit Card,A2B,20,3
102668,39,Chinese,406,Trichy,Dinner,44,Credit Card,Chinese Wok,75,3
102669,42,Fast Food,264,Chennai,Lunch,30,Credit Card,Burger King,0,4
102670,29,Biryani,404,Coimbatore,Dinner,49,Credit Card,A2B,50,4
102671,39,Biryani,517,Salem,Lunch,33,UPI,Saravana Bhavan,30,5
102672,31,Biryani,236,Madurai,Dinner,39,UPI,SS Hyderabad Biryani,50,5
102673,41,South Indian,278,Coimbatore,Dinner,38,Credit Card,Burger King,20,4
102674,26,Biryani,331,Bangalore,Lunch,38,UPI,Dominos,0,5
102675,51,Fast Food,317,Coimbatore,Evening,43,UPI,SS Hyderabad Biryani,0,4
102676,28,Chinese,297,Coimbatore,Dinner,42,Wallet,Dominos,50,2
102677,31,Fast Food,362,Coimbatore,Lunch,41,UPI,Local Kitchen,50,5
102678,21,Pizza,508,Chennai,Evening,29,UPI,SS Hyderabad Biryani,0,5
102679,23,Chinese,264,Bangalore,Late Night,25,Credit Card,Dominos,30,4
102680,34,Fast Food,286,Madurai,Evening,41,UPI,Saravana Bhavan,0,4
102681,28,Chinese,481,Trichy,Dinner,37,Debit Card,Hotel Aryaas,0,5
102682,46,Chinese,637,Chennai,Dinner,43,UPI,KFC,30,3
102683,18,Fast Food,834,Trichy,Lunch,29,Credit Card,Saravana Bhavan,0,5
102684,31,Biryani,291,Chennai,Lunch,41,Cash on Delivery,Burger King,30,5
102685,30,South Indian,324,Coimbatore,Dinner,31,Debit Card,SS Hyderabad Biryani,50,5
102686,19,North Indian,314,Trichy,Dinner,30,UPI,SS Hyderabad Biryani,100,5
102687,24,Chinese,1025,Coimbatore,Breakfast,46,Debit Card,A2B,20,4
102688,32,Biryani,381,Chennai,Lunch,45,UPI,KFC,20,5
102689,34,Chinese,951,Chennai,Evening,36,Credit Card,Hotel Aryaas,0,4
102690,32,South Indian,508,Coimbatore,Dinner,31,Credit Card,SS Hyderabad Biryani,50,4
102691,35,South Indian,633,Madurai,Evening,33,Debit Card,SS Hyderabad Biryani,75,5
102692,37,Chinese,507,Salem,Late Night,35,Credit Card,A2B,50,5
102693,18,South Indian,413,Madurai,Late Night,30,UPI,Chinese Wok,20,4
102694,33,Pizza,400,Trichy,Dinner,37,Credit Card,Local Kitchen,30,4
102695,57,Chinese,222,Madurai,Dinner,29,Credit Card,KFC,0,5
102696,34,South Indian,565,Trichy,Evening,50,Cash on Delivery,Saravana Bhavan,50,4
102697,40,Biryani,704,Chennai,Breakfast,15,UPI,Chinese Wok,50,4
102698,29,Pizza,244,Salem,Dinner,28,Cash on Delivery,A2B,100,4
102699,44,North Indian,357,Coimbatore,Evening,42,UPI,Dominos,30,3
102700,43,Biryani,298,Salem,Evening,50,Debit Card,Dominos,50,4
102701,35,South Indian,650,Chennai,Dinner,28,UPI,Local Kitchen,30,5
102702,58,Fast Food,272,Madurai,Evening,32,Debit Card,Anjappar,75,4
102703,24,Chinese,451,Madurai,Dinner,39,Debit Card,A2B,30,3
102704,18,Chinese,745,Salem,Evening,39,Credit Card,Saravana Bhavan,30,5
102705,43,Biryani,396,Madurai,Lunch,35,Credit Card,KFC,0,4
102706,45,Pizza,466,Coimbatore,Evening,42,Debit Card,KFC,75,5
102707,24,Biryani,287,Bangalore,Late Night,37,Debit Card,Burger King,75,4
102708,28,Pizza,435,Coimbatore,Dinner,37,Debit Card,Chinese Wok,20,4
102709,18,South Indian,343,Chennai,Lunch,50,Cash on Delivery,Local Kitchen,20,4
102710,29,Fast Food,425,Chennai,Evening,32,UPI,Saravana Bhavan,20,5
102711,44,Biryani,915,Chennai,Late Night,32,UPI,Hotel Aryaas,20,4
102712,34,Biryani,822,Bangalore,Lunch,31,Wallet,A2B,30,5
102713,30,Chinese,734,Trichy,Lunch,28,Cash on Delivery,A2B,30,5
102714,31,South Indian,446,Salem,Lunch,33,Credit Card,Hotel Aryaas,0,5
102715,18,Biryani,417,Chennai,Dinner,28,UPI,Saravana Bhavan,20,4
102716,29,Biryani,307,Chennai,Evening,39,Cash on Delivery,Anjappar,0,4
102717,39,Biryani,500,Chennai,Breakfast,39,Debit Card,Local Kitchen,50,3
102718,58,Chinese,253,Chennai,Dinner,36,Wallet,Chinese Wok,50,4
102719,47,Chinese,437,Chennai,Breakfast,38,UPI,Dominos,20,4
102720,19,Biryani,482,Coimbatore,Dinner,42,UPI,KFC,30,3
102721,52,South Indian,291,Bangalore,Evening,24,Credit Card,Chinese Wok,20,4
102722,44,Biryani,530,Bangalore,Evening,37,Cash on Delivery,A2B,0,5
102723,44,North Indian,452,Bangalore,Breakfast,50,Wallet,SS Hyderabad Biryani,50,5
102724,33,North Indian,419,Coimbatore,Dinner,29,UPI,Saravana Bhavan,50,4
102725,31,Chinese,519,Madurai,Evening,59,UPI,SS Hyderabad Biryani,20,4
102726,29,North Indian,386,Trichy,Evening,31,UPI,SS Hyderabad Biryani,30,4
102727,21,Pizza,395,Coimbatore,Dinner,36,Cash on Delivery,Burger King,0,4
102728,27,Pizza,401,Chennai,Dinner,37,Credit Card,Burger King,0,4
102729,27,South Indian,385,Coimbatore,Breakfast,20,Cash on Delivery,Local Kitchen,20,5
102730,34,Fast Food,189,Chennai,Lunch,26,UPI,KFC,75,5
102731,43,Biryani,433,Coimbatore,Lunch,41,UPI,Burger King,50,5
102732,33,Fast Food,572,Chennai,Dinner,32,Credit Card,SS Hyderabad Biryani,0,4
102733,21,Chinese,394,Coimbatore,Dinner,25,UPI,A2B,0,4
102734,57,Biryani,393,Chennai,Dinner,46,Credit Card,Burger King,75,3
102735,56,Fast Food,280,Madurai,Dinner,37,Wallet,Saravana Bhavan,30,4
102736,44,South Indian,301,Chennai,Dinner,33,Credit Card,Hotel Aryaas,0,5
102737,60,Fast Food,490,Bangalore,Evening,57,Debit Card,Saravana Bhavan,50,4
102738,35,South Indian,379,Chennai,Lunch,24,UPI,Hotel Aryaas,30,4
102739,57,North Indian,557,Chennai,Dinner,24,Credit Card,SS Hyderabad Biryani,0,4
102740,21,Chinese,448,Trichy,Lunch,30,Credit Card,Burger King,0,4
102741,31,Chinese,526,Bangalore,Evening,37,UPI,Burger King,75,5
102742,27,South Indian,344,Chennai,Lunch,39,UPI,Burger King,20,3
102743,26,South Indian,503,Bangalore,Late Night,27,Debit Card,Chinese Wok,30,2
102744,25,Biryani,1006,Bangalore,Evening,20,UPI,Local Kitchen,0,4
102745,38,North Indian,272,Coimbatore,Lunch,40,UPI,SS Hyderabad Biryani,50,4
102746,44,Fast Food,581,Coimbatore,Dinner,30,UPI,Saravana Bhavan,0,4
102747,36,Biryani,469,Trichy,Lunch,34,Cash on Delivery,Chinese Wok,75,5
102748,25,Chinese,1139,Chennai,Late Night,35,Debit Card,Dominos,30,5
102749,45,Biryani,461,Coimbatore,Evening,44,Debit Card,Saravana Bhavan,0,3
102750,38,Fast Food,429,Coimbatore,Dinner,29,UPI,Burger King,30,5
102751,31,Biryani,442,Madurai,Lunch,50,UPI,Local Kitchen,20,5
102752,40,Biryani,531,Salem,Dinner,33,UPI,Dominos,20,5
102753,28,Biryani,373,Trichy,Dinner,21,Credit Card,Hotel Aryaas,50,5
102754,30,Biryani,487,Madurai,Dinner,24,Debit Card,Chinese Wok,75,5
102755,53,Chinese,463,Salem,Dinner,23,UPI,Local Kitchen,0,5
102756,29,Pizza,631,Madurai,Lunch,27,Credit Card,A2B,20,5
102757,33,Fast Food,402,Madurai,Late Night,37,UPI,Saravana Bhavan,0,4
102758,51,Pizza,518,Salem,Dinner,44,UPI,Dominos,30,5
102759,41,Biryani,545,Chennai,Dinner,15,Debit Card,KFC,0,5
102760,21,Fast Food,668,Bangalore,Dinner,43,Debit Card,Anjappar,50,5
102761,25,Biryani,351,Madurai,Lunch,48,UPI,SS Hyderabad Biryani,0,4
102762,18,Chinese,525,Salem,Dinner,55,Wallet,Saravana Bhavan,0,5
102763,38,Fast Food,424,Trichy,Breakfast,38,UPI,A2B,75,3
102764,33,South Indian,272,Trichy,Dinner,16,Cash on Delivery,A2B,75,5
102765,24,Pizza,454,Salem,Evening,21,Credit Card,Chinese Wok,30,5
102766,57,South Indian,258,Bangalore,Lunch,43,Credit Card,Anjappar,50,3
102767,35,Chinese,626,Chennai,Late Night,35,Credit Card,Burger King,30,4
102768,27,North Indian,328,Chennai,Late Night,28,Cash on Delivery,Anjappar,20,4
102769,34,Fast Food,382,Bangalore,Dinner,19,UPI,Chinese Wok,0,5
102770,40,Fast Food,623,Coimbatore,Dinner,23,Credit Card,KFC,75,5
102771,21,Chinese,453,Coimbatore,Dinner,39,UPI,KFC,75,5
102772,28,South Indian,690,Coimbatore,Dinner,39,Cash on Delivery,Anjappar,75,5
102773,45,Biryani,540,Salem,Lunch,44,UPI,Anjappar,75,4
102774,33,Fast Food,574,Coimbatore,Late Night,47,Debit Card,Dominos,50,5
102775,35,South Indian,387,Trichy,Dinner,25,UPI,Dominos,75,4
102776,32,Fast Food,529,Trichy,Dinner,43,Debit Card,Saravana Bhavan,75,5
102777,20,Biryani,411,Coimbatore,Late Night,27,UPI,Anjappar,20,5
102778,25,North Indian,500,Coimbatore,Dinner,33,UPI,A2B,75,4
102779,33,Pizza,725,Madurai,Evening,27,UPI,Saravana Bhavan,30,5
102780,26,South Indian,554,Madurai,Late Night,42,Wallet,Burger King,30,4
102781,20,Chinese,529,Coimbatore,Evening,28,UPI,SS Hyderabad Biryani,0,4
102782,47,North Indian,675,Chennai,Dinner,40,Wallet,A2B,75,4
102783,59,Biryani,455,Chennai,Evening,39,UPI,Saravana Bhavan,20,4
102784,44,Fast Food,349,Chennai,Dinner,45,UPI,Chinese Wok,0,3
102785,48,South Indian,684,Coimbatore,Dinner,40,UPI,KFC,75,4
102786,27,Pizza,705,Chennai,Dinner,53,Credit Card,A2B,0,4
102787,57,Biryani,658,Bangalore,Evening,28,Credit Card,Dominos,0,5
102788,26,North Indian,244,Salem,Lunch,42,Credit Card,Burger King,30,3
102789,56,South Indian,530,Madurai,Dinner,38,UPI,Local Kitchen,75,5
102790,60,Fast Food,515,Salem,Late Night,26,UPI,Burger King,20,5
102791,41,Fast Food,412,Madurai,Breakfast,44,UPI,Chinese Wok,0,3
102792,59,Biryani,464,Madurai,Lunch,43,Debit Card,SS Hyderabad Biryani,30,5
102793,36,Pizza,556,Coimbatore,Lunch,28,UPI,Hotel Aryaas,30,5
102794,28,North Indian,541,Coimbatore,Late Night,17,Credit Card,Dominos,75,5
102795,32,Fast Food,248,Trichy,Dinner,33,UPI,SS Hyderabad Biryani,75,4
102796,37,North Indian,547,Trichy,Late Night,27,Debit Card,Saravana Bhavan,50,4
102797,21,Pizza,345,Coimbatore,Dinner,36,UPI,KFC,30,4
102798,38,South Indian,760,Chennai,Evening,34,Wallet,Local Kitchen,75,4
102799,59,Chinese,507,Madurai,Dinner,52,Credit Card,KFC,75,4
102800,26,South Indian,602,Coimbatore,Lunch,27,UPI,Anjappar,50,4
102801,44,South Indian,392,Chennai,Evening,40,Debit Card,Dominos,50,5
102802,53,Biryani,607,Trichy,Evening,20,Debit Card,Anjappar,75,5
102803,56,Chinese,352,Bangalore,Lunch,24,Debit Card,Saravana Bhavan,20,4
102804,57,Biryani,354,Madurai,Evening,30,UPI,Chinese Wok,100,5
102805,35,Pizza,394,Salem,Breakfast,26,Wallet,Hotel Aryaas,0,5
102806,59,Pizza,813,Bangalore,Lunch,38,UPI,Chinese Wok,75,4
102807,43,Fast Food,398,Bangalore,Lunch,34,UPI,SS Hyderabad Biryani,0,5
102808,25,Fast Food,442,Coimbatore,Dinner,42,UPI,Hotel Aryaas,30,4
102809,33,South Indian,230,Coimbatore,Lunch,24,UPI,Local Kitchen,30,4
102810,41,South Indian,949,Madurai,Lunch,36,UPI,Chinese Wok,100,5
102811,27,Fast Food,348,Coimbatore,Breakfast,27,Credit Card,Saravana Bhavan,20,5
102812,39,South Indian,575,Chennai,Dinner,47,UPI,Burger King,20,4
102813,40,Fast Food,580,Chennai,Dinner,24,Credit Card,Anjappar,0,5
102814,25,Biryani,437,Coimbatore,Dinner,16,UPI,Dominos,30,5
102815,36,Biryani,354,Coimbatore,Dinner,28,UPI,Burger King,20,5
102816,43,Biryani,630,Bangalore,Lunch,23,UPI,Anjappar,20,5
102817,34,Pizza,474,Coimbatore,Lunch,35,Credit Card,Anjappar,0,5
102818,18,North Indian,392,Chennai,Lunch,40,Credit Card,Burger King,75,5
102819,18,South Indian,384,Bangalore,Late Night,41,Debit Card,Dominos,20,4
102820,30,South Indian,635,Trichy,Dinner,15,Cash on Delivery,Local Kitchen,30,5
102821,54,Biryani,571,Chennai,Breakfast,41,UPI,Local Kitchen,30,4
102822,27,South Indian,438,Madurai,Lunch,36,UPI,A2B,30,5
102823,38,Biryani,636,Bangalore,Evening,41,UPI,Hotel Aryaas,0,5
102824,27,South Indian,511,Madurai,Lunch,43,Credit Card,Local Kitchen,0,4
102825,29,North Indian,544,Chennai,Dinner,28,UPI,Chinese Wok,0,5
102826,47,Biryani,489,Salem,Dinner,25,Credit Card,KFC,30,4
102827,42,Pizza,379,Bangalore,Dinner,37,Cash on Delivery,KFC,0,5
102828,22,Biryani,407,Trichy,Evening,44,Credit Card,A2B,20,3
102829,32,Fast Food,262,Chennai,Lunch,21,Cash on Delivery,A2B,75,4
102830,19,Biryani,517,Madurai,Dinner,35,Credit Card,A2B,0,5
102831,34,Fast Food,327,Madurai,Dinner,29,Cash on Delivery,Saravana Bhavan,50,4
102832,39,Biryani,552,Coimbatore,Evening,29,Wallet,Burger King,20,5
102833,24,Fast Food,388,Coimbatore,Evening,30,Credit Card,Anjappar,75,5
102834,29,Fast Food,911,Bangalore,Dinner,41,Debit Card,Chinese Wok,50,5
102835,31,Fast Food,478,Chennai,Lunch,40,Credit Card,Local Kitchen,0,3
102836,54,Chinese,268,Madurai,Dinner,25,Debit Card,Burger King,20,4
102837,60,North Indian,278,Chennai,Lunch,20,UPI,KFC,30,5
102838,20,Fast Food,373,Chennai,Dinner,45,Wallet,A2B,0,5
102839,43,Biryani,351,Bangalore,Breakfast,42,Cash on Delivery,KFC,75,3
102840,31,Fast Food,1069,Chennai,Dinner,46,Cash on Delivery,Hotel Aryaas,0,4
102841,31,Pizza,218,Salem,Lunch,39,UPI,Saravana Bhavan,75,5
102842,43,South Indian,430,Trichy,Breakfast,47,UPI,Burger King,20,4
102843,53,South Indian,753,Bangalore,Dinner,15,UPI,KFC,0,5
102844,56,Biryani,525,Trichy,Dinner,33,Cash on Delivery,KFC,100,5
102845,36,South Indian,362,Trichy,Dinner,27,Cash on Delivery,Anjappar,30,5
102846,30,Fast Food,694,Chennai,Evening,54,UPI,Local Kitchen,30,4
102847,44,North Indian,559,Trichy,Dinner,22,Credit Card,Burger King,0,5
102848,28,Pizza,261,Chennai,Dinner,21,Credit Card,A2B,20,5
102849,36,Biryani,644,Coimbatore,Lunch,28,Debit Card,KFC,0,3
102850,30,South Indian,586,Bangalore,Breakfast,29,UPI,A2B,0,3
102851,39,Fast Food,321,Madurai,Lunch,30,UPI,SS Hyderabad Biryani,20,4
102852,27,Fast Food,955,Chennai,Lunch,43,UPI,A2B,0,4
102853,26,Pizza,457,Coimbatore,Lunch,49,UPI,Saravana Bhavan,75,4
102854,53,South Indian,457,Bangalore,Late Night,44,Wallet,Anjappar,0,5
102855,23,Fast Food,617,Coimbatore,Dinner,59,Debit Card,Anjappar,75,3
102856,34,Biryani,447,Madurai,Late Night,47,Debit Card,SS Hyderabad Biryani,30,5
102857,27,Pizza,408,Bangalore,Late Night,28,Wallet,SS Hyderabad Biryani,0,5
102858,20,Chinese,446,Chennai,Evening,33,UPI,Burger King,30,5
102859,19,South Indian,501,Chennai,Lunch,42,Credit Card,KFC,75,3
102860,26,Biryani,589,Bangalore,Dinner,22,UPI,KFC,75,4
102861,49,Fast Food,365,Coimbatore,Dinner,31,UPI,Hotel Aryaas,20,4
102862,28,North Indian,618,Chennai,Evening,41,Debit Card,Local Kitchen,50,5
102863,56,South Indian,383,Coimbatore,Evening,53,Cash on Delivery,KFC,0,4
102864,36,Fast Food,447,Coimbatore,Lunch,34,Cash on Delivery,Anjappar,30,4
102865,32,South Indian,350,Chennai,Evening,36,UPI,Dominos,0,5
102866,36,Pizza,296,Bangalore,Evening,39,UPI,A2B,20,5
102867,34,Fast Food,565,Madurai,Evening,17,Credit Card,Burger King,30,5
102868,43,Biryani,619,Bangalore,Dinner,30,UPI,Burger King,75,5
102869,28,South Indian,353,Trichy,Breakfast,25,UPI,SS Hyderabad Biryani,75,4
102870,30,Chinese,724,Chennai,Late Night,42,Credit Card,A2B,20,3
102871,51,Chinese,405,Coimbatore,Breakfast,30,Credit Card,Local Kitchen,30,5
102872,56,Pizza,287,Bangalore,Late Night,46,Debit Card,SS Hyderabad Biryani,75,4
102873,51,Fast Food,294,Bangalore,Dinner,38,Wallet,Dominos,0,5
102874,32,Biryani,642,Madurai,Dinner,32,Credit Card,Local Kitchen,50,5
102875,44,North Indian,379,Madurai,Lunch,28,UPI,SS Hyderabad Biryani,0,5
102876,33,South Indian,391,Bangalore,Dinner,27,Wallet,Dominos,20,5
102877,34,Chinese,292,Chennai,Dinner,50,Credit Card,Anjappar,0,5
102878,26,Chinese,342,Madurai,Lunch,15,Credit Card,Saravana Bhavan,30,4
102879,37,South Indian,490,Madurai,Lunch,33,UPI,Hotel Aryaas,0,5
102880,26,Biryani,375,Salem,Lunch,35,Credit Card,Burger King,30,4
102881,30,Chinese,394,Madurai,Lunch,15,UPI,A2B,0,5
102882,48,Pizza,485,Madurai,Lunch,47,Wallet,Burger King,20,5
102883,26,South Indian,476,Bangalore,Dinner,36,Debit Card,SS Hyderabad Biryani,50,4
102884,21,South Indian,510,Trichy,Lunch,41,UPI,Burger King,20,3
102885,21,Biryani,546,Salem,Dinner,41,UPI,Burger King,75,4
102886,55,Biryani,831,Madurai,Dinner,43,UPI,A2B,30,4
102887,34,Fast Food,359,Bangalore,Dinner,42,Credit Card,Anjappar,75,5
102888,32,Fast Food,346,Chennai,Lunch,42,UPI,Local Kitchen,20,5
102889,45,North Indian,425,Madurai,Dinner,38,UPI,Dominos,20,5
102890,46,Pizza,441,Madurai,Evening,44,Debit Card,Hotel Aryaas,20,5
102891,30,Chinese,436,Madurai,Lunch,61,UPI,Anjappar,30,4
102892,41,South Indian,655,Chennai,Lunch,25,UPI,Local Kitchen,75,5
102893,43,Biryani,486,Bangalore,Late Night,39,Debit Card,Chinese Wok,50,5
102894,39,North Indian,448,Coimbatore,Dinner,42,Credit Card,Dominos,0,5
102895,25,Fast Food,295,Madurai,Lunch,19,Cash on Delivery,Local Kitchen,100,4
102896,50,Biryani,251,Chennai,Evening,53,UPI,Chinese Wok,20,4
102897,35,South Indian,589,Madurai,Lunch,41,Cash on Delivery,SS Hyderabad Biryani,0,3
102898,28,Pizza,670,Coimbatore,Late Night,37,Credit Card,Saravana Bhavan,100,5
102899,32,Pizza,440,Chennai,Late Night,30,UPI,Saravana Bhavan,20,5
102900,19,Biryani,748,Bangalore,Lunch,42,Credit Card,Anjappar,0,3
102901,24,Pizza,348,Chennai,Evening,23,Credit Card,Anjappar,75,5
102902,43,Fast Food,292,Bangalore,Dinner,51,Credit Card,Burger King,30,4
102903,18,Biryani,458,Salem,Evening,44,Cash on Delivery,SS Hyderabad Biryani,0,5
102904,32,Pizza,330,Salem,Lunch,33,UPI,Dominos,50,5
102905,35,Pizza,689,Chennai,Dinner,48,Credit Card,Local Kitchen,100,3
102906,20,South Indian,290,Trichy,Lunch,17,Debit Card,Chinese Wok,0,5
102907,58,South Indian,428,Coimbatore,Dinner,24,Cash on Delivery,Local Kitchen,20,4
102908,27,Pizza,398,Trichy,Evening,35,Credit Card,Saravana Bhavan,30,4
102909,29,Pizza,495,Madurai,Dinner,35,UPI,Anjappar,50,3
102910,29,North Indian,430,Chennai,Dinner,39,Cash on Delivery,KFC,0,4
102911,27,South Indian,495,Coimbatore,Evening,36,Cash on Delivery,Hotel Aryaas,0,4
102912,18,North Indian,517,Coimbatore,Dinner,47,UPI,KFC,50,3
102913,42,North Indian,396,Madurai,Evening,19,UPI,Hotel Aryaas,50,5
102914,58,Biryani,515,Coimbatore,Lunch,15,Cash on Delivery,SS Hyderabad Biryani,0,4
102915,27,Pizza,514,Madurai,Lunch,20,Credit Card,Anjappar,0,5
102916,39,South Indian,518,Bangalore,Lunch,21,UPI,Dominos,75,5
102917,42,Fast Food,267,Salem,Breakfast,34,Credit Card,Local Kitchen,50,4
102918,47,South Indian,597,Salem,Dinner,33,Credit Card,Local Kitchen,75,4
102919,32,Biryani,323,Coimbatore,Evening,37,Wallet,A2B,0,4
102920,29,South Indian,672,Madurai,Breakfast,38,UPI,Anjappar,30,4
102921,29,Pizza,485,Trichy,Dinner,37,UPI,Chinese Wok,0,3
102922,41,Biryani,508,Trichy,Dinner,19,UPI,Saravana Bhavan,50,4
102923,45,South Indian,641,Chennai,Evening,32,UPI,Saravana Bhavan,0,5
102924,26,North Indian,290,Coimbatore,Lunch,29,UPI,Burger King,20,4
102925,31,South Indian,523,Coimbatore,Lunch,47,Cash on Delivery,Local Kitchen,50,4
102926,52,Fast Food,539,Coimbatore,Evening,38,UPI,Dominos,75,4
102927,45,South Indian,698,Chennai,Dinner,53,Debit Card,SS Hyderabad Biryani,75,4
102928,59,South Indian,349,Coimbatore,Lunch,24,Credit Card,Chinese Wok,0,5
102929,43,Chinese,659,Bangalore,Dinner,31,Credit Card,KFC,75,5
102930,31,Pizza,562,Coimbatore,Late Night,43,Debit Card,KFC,100,5
102931,37,South Indian,210,Bangalore,Dinner,29,Credit Card,Dominos,0,5
102932,39,Pizza,617,Chennai,Evening,38,UPI,A2B,75,5
102933,22,South Indian,266,Trichy,Dinner,28,UPI,SS Hyderabad Biryani,100,4
102934,35,Fast Food,478,Salem,Dinner,46,Credit Card,Hotel Aryaas,0,4
102935,41,Chinese,447,Bangalore,Dinner,20,Cash on Delivery,Saravana Bhavan,20,5
102936,25,Chinese,388,Trichy,Dinner,53,UPI,KFC,20,5
102937,44,South Indian,614,Chennai,Evening,42,UPI,Dominos,100,3
102938,36,Biryani,1144,Madurai,Dinner,39,Credit Card,A2B,0,4
102939,56,Biryani,448,Chennai,Late Night,38,UPI,Dominos,30,4
102940,20,Fast Food,555,Coimbatore,Evening,27,Wallet,Anjappar,30,4
102941,28,Fast Food,577,Coimbatore,Dinner,41,UPI,Burger King,50,4
102942,37,Chinese,691,Bangalore,Dinner,29,UPI,A2B,0,4
102943,29,Biryani,356,Coimbatore,Dinner,15,UPI,A2B,30,5
102944,41,Chinese,280,Bangalore,Dinner,35,Debit Card,A2B,20,4
102945,43,Fast Food,403,Coimbatore,Breakfast,27,Credit Card,Burger King,20,4
102946,23,Fast Food,665,Trichy,Dinner,36,Debit Card,Saravana Bhavan,20,3
102947,34,South Indian,417,Bangalore,Dinner,34,Credit Card,Hotel Aryaas,100,4
102948,34,Biryani,384,Chennai,Dinner,20,UPI,Hotel Aryaas,50,5
102949,31,Pizza,263,Coimbatore,Dinner,50,UPI,Hotel Aryaas,50,4
102950,55,Biryani,431,Trichy,Breakfast,28,Debit Card,Anjappar,20,4
102951,46,South Indian,570,Coimbatore,Evening,45,UPI,Anjappar,0,5
102952,41,Pizza,483,Bangalore,Dinner,27,UPI,Dominos,100,4
102953,41,South Indian,341,Bangalore,Late Night,34,UPI,Burger King,75,5
102954,33,Fast Food,614,Coimbatore,Lunch,37,UPI,Local Kitchen,30,5
102955,54,South Indian,336,Coimbatore,Dinner,15,UPI,Hotel Aryaas,20,5
102956,41,Chinese,431,Coimbatore,Dinner,28,Debit Card,Chinese Wok,20,4
102957,42,North Indian,516,Chennai,Dinner,37,Credit Card,Saravana Bhavan,20,4
102958,49,North Indian,484,Coimbatore,Dinner,35,Wallet,Anjappar,30,3
102959,28,Fast Food,545,Chennai,Breakfast,35,Credit Card,Dominos,100,4
102960,45,North Indian,541,Coimbatore,Dinner,43,Credit Card,Dominos,0,5
102961,26,Biryani,315,Coimbatore,Dinner,26,UPI,Hotel Aryaas,50,4
102962,30,Biryani,348,Salem,Dinner,35,Credit Card,Anjappar,0,5
102963,30,Pizza,578,Bangalore,Dinner,21,Credit Card,A2B,75,5
102964,59,Biryani,558,Madurai,Evening,29,UPI,Saravana Bhavan,0,5
102965,48,Biryani,414,Chennai,Late Night,47,UPI,SS Hyderabad Biryani,30,4
102966,41,Fast Food,325,Chennai,Dinner,34,UPI,Local Kitchen,30,4
102967,42,South Indian,700,Trichy,Dinner,30,UPI,Dominos,30,5
102968,36,Chinese,375,Bangalore,Late Night,26,Credit Card,Saravana Bhavan,30,5
102969,56,Chinese,521,Chennai,Late Night,20,Credit Card,Anjappar,50,5
102970,34,Fast Food,500,Coimbatore,Dinner,44,Credit Card,Dominos,75,4
102971,31,South Indian,384,Bangalore,Dinner,55,Credit Card,SS Hyderabad Biryani,0,5
102972,25,North Indian,427,Trichy,Evening,30,Debit Card,Local Kitchen,50,4
102973,44,Pizza,484,Chennai,Lunch,16,UPI,Hotel Aryaas,0,5
102974,42,Fast Food,578,Bangalore,Lunch,50,Debit Card,Chinese Wok,50,5
102975,31,North Indian,406,Madurai,Evening,25,Credit Card,KFC,50,4
102976,19,Chinese,522,Salem,Dinner,38,UPI,A2B,0,4
102977,47,Biryani,667,Trichy,Lunch,39,Credit Card,A2B,0,3
102978,18,Biryani,434,Chennai,Late Night,45,Credit Card,Local Kitchen,0,4
102979,41,Biryani,295,Madurai,Dinner,32,Credit Card,Anjappar,0,5
102980,58,Chinese,311,Madurai,Evening,39,UPI,Anjappar,30,5
102981,32,Biryani,564,Madurai,Evening,31,Debit Card,Hotel Aryaas,20,4
102982,27,South Indian,355,Trichy,Breakfast,15,UPI,Anjappar,0,4
102983,41,Biryani,492,Trichy,Dinner,30,Credit Card,Burger King,30,4
102984,45,North Indian,438,Chennai,Lunch,38,UPI,Saravana Bhavan,30,5
102985,35,Fast Food,195,Chennai,Dinner,24,Credit Card,Local Kitchen,0,3
102986,58,North Indian,388,Madurai,Dinner,35,UPI,Burger King,20,4
102987,20,North Indian,422,Chennai,Dinner,37,UPI,Saravana Bhavan,100,4
102988,34,Biryani,397,Chennai,Evening,47,Debit Card,Hotel Aryaas,50,4
102989,41,South Indian,398,Coimbatore,Lunch,25,Wallet,Dominos,100,4
102990,49,Biryani,492,Trichy,Lunch,36,Cash on Delivery,Anjappar,30,5
102991,26,North Indian,317,Chennai,Evening,23,Wallet,Dominos,0,4
102992,45,South Indian,279,Bangalore,Dinner,15,Debit Card,Dominos,50,4
102993,35,Biryani,333,Chennai,Evening,29,Credit Card,SS Hyderabad Biryani,0,4
102994,31,Biryani,740,Chennai,Lunch,29,UPI,Burger King,100,4
102995,24,Fast Food,450,Coimbatore,Breakfast,37,UPI,A2B,20,5
102996,49,North Indian,292,Chennai,Dinner,46,UPI,Dominos,50,5
102997,25,Chinese,297,Trichy,Evening,35,UPI,Dominos,75,5
102998,29,Pizza,548,Trichy,Lunch,28,UPI,A2B,30,4
102999,29,Fast Food,726,Madurai,Dinner,26,Credit Card,A2B,20,5
103000,49,Biryani,363,Chennai,Lunch,46,Credit Card,Local Kitchen,0,4
103001,40,North Indian,374,Bangalore,Evening,41,Credit Card,Local Kitchen,50,4
103002,44,Biryani,945,Chennai,Lunch,25,UPI,Burger King,20,5
103003,28,North Indian,378,Coimbatore,Late Night,20,UPI,KFC,30,4
103004,38,Fast Food,214,Bangalore,Lunch,25,Wallet,Dominos,0,5
103005,36,Biryani,473,Madurai,Evening,44,Wallet,KFC,50,4
103006,46,Chinese,342,Chennai,Late Night,25,UPI,Chinese Wok,50,4
103007,52,North Indian,446,Coimbatore,Lunch,39,Credit Card,Dominos,0,3
103008,18,North Indian,804,Salem,Dinner,51,UPI,A2B,0,5
103009,40,Biryani,447,Coimbatore,Lunch,26,UPI,Saravana Bhavan,0,5
103010,20,Biryani,440,Salem,Lunch,30,Debit Card,Local Kitchen,0,4
103011,35,South Indian,289,Salem,Dinner,34,Debit Card,SS Hyderabad Biryani,0,5
103012,28,Chinese,453,Bangalore,Late Night,18,UPI,SS Hyderabad Biryani,20,5
103013,29,Chinese,587,Coimbatore,Evening,27,UPI,Saravana Bhavan,50,4
103014,30,Biryani,872,Madurai,Dinner,36,UPI,Local Kitchen,30,5
103015,38,North Indian,227,Chennai,Dinner,24,Credit Card,Saravana Bhavan,0,5
103016,30,Chinese,569,Chennai,Evening,55,Cash on Delivery,Local Kitchen,0,3
103017,42,Pizza,325,Madurai,Dinner,29,Debit Card,Chinese Wok,0,5
103018,32,South Indian,615,Coimbatore,Lunch,32,Debit Card,Burger King,20,5
103019,21,Fast Food,265,Chennai,Evening,28,UPI,Dominos,20,4
103020,44,North Indian,643,Bangalore,Evening,32,Debit Card,Dominos,50,4
103021,28,South Indian,618,Madurai,Dinner,27,Credit Card,Saravana Bhavan,30,5
103022,32,Pizza,542,Chennai,Lunch,15,Cash on Delivery,SS Hyderabad Biryani,75,5
103023,40,North Indian,471,Chennai,Dinner,30,UPI,Dominos,100,4
103024,30,Chinese,229,Chennai,Lunch,52,Credit Card,Local Kitchen,0,4
103025,20,South Indian,768,Coimbatore,Lunch,50,UPI,A2B,0,4
103026,31,Biryani,397,Madurai,Dinner,23,UPI,A2B,0,5
103027,56,Biryani,749,Madurai,Dinner,18,Cash on Delivery,KFC,20,4
103028,39,Biryani,439,Bangalore,Evening,15,Debit Card,Dominos,30,5
103029,40,Biryani,486,Chennai,Lunch,24,Debit Card,Saravana Bhavan,20,5
103030,38,Fast Food,474,Chennai,Late Night,28,UPI,Dominos,0,5
103031,26,Fast Food,400,Chennai,Lunch,38,Debit Card,Local Kitchen,20,5
103032,32,Fast Food,327,Chennai,Dinner,30,Credit Card,Dominos,0,4
103033,43,South Indian,576,Chennai,Dinner,43,Credit Card,KFC,100,4
103034,23,Biryani,269,Coimbatore,Dinner,40,UPI,Chinese Wok,100,4
103035,28,Biryani,485,Chennai,Late Night,37,Cash on Delivery,Local Kitchen,0,5
103036,28,Chinese,324,Madurai,Dinner,33,UPI,A2B,0,5
103037,32,South Indian,483,Madurai,Lunch,44,Cash on Delivery,SS Hyderabad Biryani,30,3
103038,59,South Indian,502,Bangalore,Evening,40,Cash on Delivery,Chinese Wok,20,3
103039,21,Chinese,578,Chennai,Evening,19,UPI,A2B,0,5
103040,34,Pizza,620,Trichy,Breakfast,39,Wallet,A2B,0,5
103041,26,South Indian,390,Salem,Late Night,28,Wallet,Burger King,50,5
103042,58,Chinese,320,Chennai,Breakfast,43,Credit Card,Local Kitchen,0,4
103043,23,North Indian,201,Madurai,Dinner,41,UPI,SS Hyderabad Biryani,30,5
103044,31,Pizza,215,Trichy,Dinner,51,UPI,KFC,20,4
103045,42,South Indian,594,Bangalore,Dinner,15,UPI,Chinese Wok,30,4
103046,41,Chinese,290,Coimbatore,Dinner,37,UPI,Chinese Wok,100,4
103047,32,Biryani,537,Coimbatore,Dinner,27,Debit Card,Local Kitchen,50,4
103048,30,South Indian,916,Bangalore,Lunch,55,Credit Card,Saravana Bhavan,20,4
103049,31,North Indian,302,Coimbatore,Dinner,15,Credit Card,Saravana Bhavan,100,5
103050,28,South Indian,454,Salem,Lunch,38,UPI,Dominos,0,4
103051,26,North Indian,395,Madurai,Late Night,40,UPI,Hotel Aryaas,0,3
103052,34,Fast Food,696,Chennai,Lunch,15,Wallet,Local Kitchen,30,5
103053,28,North Indian,340,Bangalore,Lunch,39,Credit Card,Anjappar,20,5
103054,28,South Indian,410,Madurai,Evening,15,Cash on Delivery,SS Hyderabad Biryani,50,4
103055,39,Biryani,286,Chennai,Dinner,27,UPI,A2B,0,4
103056,58,South Indian,378,Coimbatore,Dinner,38,Cash on Delivery,Anjappar,20,5
103057,37,Fast Food,294,Trichy,Lunch,24,Debit Card,SS Hyderabad Biryani,75,4
103058,22,Biryani,488,Bangalore,Lunch,35,UPI,Local Kitchen,20,5
103059,21,Pizza,763,Chennai,Lunch,34,Debit Card,Burger King,0,3
103060,56,Fast Food,463,Chennai,Evening,39,Cash on Delivery,Local Kitchen,30,4
103061,29,Pizza,599,Bangalore,Dinner,23,UPI,Local Kitchen,20,5
103062,22,Fast Food,312,Bangalore,Evening,43,Credit Card,Chinese Wok,20,4
103063,37,Biryani,290,Coimbatore,Dinner,15,Wallet,Hotel Aryaas,75,5
103064,38,North Indian,521,Bangalore,Evening,49,Cash on Delivery,A2B,75,2
103065,39,Fast Food,651,Chennai,Late Night,31,Credit Card,KFC,20,4
103066,28,South Indian,363,Chennai,Lunch,32,UPI,KFC,30,4
103067,18,South Indian,398,Bangalore,Dinner,37,UPI,Anjappar,50,5
103068,57,South Indian,229,Chennai,Dinner,36,Debit Card,A2B,50,5
103069,28,North Indian,639,Trichy,Lunch,34,UPI,Hotel Aryaas,20,5
103070,40,Chinese,372,Chennai,Evening,46,Wallet,Dominos,50,3
103071,41,Fast Food,477,Bangalore,Evening,19,Debit Card,A2B,75,5
103072,37,Pizza,413,Coimbatore,Lunch,24,UPI,Dominos,0,4
103073,29,Biryani,717,Coimbatore,Evening,38,Credit Card,SS Hyderabad Biryani,0,5
103074,28,South Indian,261,Madurai,Evening,30,UPI,Local Kitchen,75,5
103075,37,North Indian,524,Coimbatore,Lunch,47,Credit Card,Chinese Wok,30,4
103076,49,Chinese,412,Madurai,Evening,56,UPI,Burger King,0,4
103077,56,Pizza,522,Bangalore,Evening,34,UPI,KFC,50,4
103078,23,Chinese,331,Bangalore,Lunch,17,Debit Card,SS Hyderabad Biryani,0,5
103079,25,Pizza,391,Madurai,Lunch,25,UPI,Hotel Aryaas,75,4
103080,56,North Indian,217,Bangalore,Dinner,15,Credit Card,Dominos,30,5
103081,42,Fast Food,298,Bangalore,Dinner,40,UPI,Saravana Bhavan,20,5
103082,50,Biryani,254,Madurai,Late Night,25,Wallet,KFC,30,5
103083,26,South Indian,528,Salem,Breakfast,32,UPI,KFC,0,4
103084,37,Chinese,569,Coimbatore,Lunch,31,UPI,A2B,30,5
103085,41,Fast Food,359,Bangalore,Breakfast,45,Debit Card,SS Hyderabad Biryani,30,4
103086,40,Biryani,629,Chennai,Dinner,35,UPI,Burger King,0,5
103087,32,Fast Food,524,Coimbatore,Dinner,31,UPI,A2B,50,5
103088,18,North Indian,354,Coimbatore,Evening,25,Debit Card,SS Hyderabad Biryani,20,5
103089,36,Chinese,270,Trichy,Dinner,40,UPI,Local Kitchen,75,4
103090,28,Fast Food,243,Bangalore,Dinner,23,UPI,Hotel Aryaas,0,4
103091,33,Biryani,310,Madurai,Late Night,21,UPI,Burger King,50,4
103092,57,Fast Food,850,Chennai,Lunch,28,UPI,Local Kitchen,20,5
103093,31,Biryani,613,Coimbatore,Breakfast,55,Credit Card,A2B,20,4
103094,47,Biryani,622,Trichy,Lunch,33,Credit Card,Dominos,100,4
103095,26,North Indian,336,Chennai,Breakfast,33,UPI,Burger King,0,4
103096,40,North Indian,603,Chennai,Late Night,37,UPI,A2B,20,3
103097,59,Biryani,466,Coimbatore,Lunch,36,UPI,Chinese Wok,30,4
103098,23,Biryani,652,Madurai,Dinner,32,UPI,Burger King,20,5
103099,18,Fast Food,615,Coimbatore,Lunch,24,UPI,Burger King,0,5
103100,32,South Indian,599,Coimbatore,Lunch,30,UPI,Local Kitchen,75,5
103101,22,Biryani,392,Bangalore,Lunch,32,UPI,Hotel Aryaas,75,5
103102,43,Fast Food,469,Chennai,Lunch,20,Debit Card,A2B,30,5
103103,53,Biryani,389,Madurai,Dinner,32,Wallet,A2B,20,4
103104,32,Pizza,394,Chennai,Late Night,36,Cash on Delivery,Chinese Wok,30,5
103105,28,Chinese,425,Coimbatore,Dinner,29,UPI,A2B,100,5
103106,32,Chinese,372,Bangalore,Dinner,46,UPI,KFC,75,4
103107,42,Fast Food,619,Trichy,Breakfast,37,UPI,Local Kitchen,0,4
103108,18,North Indian,560,Madurai,Dinner,26,UPI,Burger King,75,5
103109,37,North Indian,814,Madurai,Breakfast,30,Credit Card,SS Hyderabad Biryani,50,5
103110,38,Biryani,291,Coimbatore,Late Night,46,Wallet,Burger King,75,5
103111,38,Fast Food,1200,Chennai,Dinner,28,Cash on Delivery,Burger King,0,4
103112,27,South Indian,559,Chennai,Lunch,26,Credit Card,SS Hyderabad Biryani,50,5
103113,41,Biryani,173,Trichy,Evening,26,UPI,Burger King,30,5
103114,22,South Indian,338,Trichy,Late Night,35,UPI,Saravana Bhavan,30,5
103115,26,South Indian,512,Salem,Lunch,36,UPI,Chinese Wok,20,4
103116,50,South Indian,538,Chennai,Lunch,41,Credit Card,KFC,50,4
103117,42,Fast Food,174,Bangalore,Lunch,27,Credit Card,KFC,20,5
103118,18,South Indian,413,Bangalore,Dinner,49,Credit Card,Hotel Aryaas,20,5
103119,27,North Indian,555,Madurai,Breakfast,39,Cash on Delivery,Dominos,100,4
103120,27,Biryani,421,Bangalore,Dinner,30,Credit Card,Saravana Bhavan,30,4
103121,28,Chinese,488,Madurai,Late Night,42,Credit Card,Dominos,50,4
103122,27,Biryani,242,Coimbatore,Late Night,53,UPI,Chinese Wok,0,5
103123,21,Biryani,335,Chennai,Lunch,39,UPI,A2B,50,5
103124,33,South Indian,709,Chennai,Dinner,52,UPI,A2B,50,4
103125,42,Biryani,361,Chennai,Breakfast,24,UPI,Local Kitchen,30,5
103126,37,Biryani,513,Coimbatore,Dinner,15,Credit Card,Saravana Bhavan,0,5
103127,40,Biryani,289,Chennai,Dinner,39,Credit Card,Saravana Bhavan,0,5
103128,22,South Indian,305,Coimbatore,Dinner,45,Credit Card,Chinese Wok,50,4
103129,56,Chinese,342,Bangalore,Dinner,21,Debit Card,KFC,75,5
103130,47,Biryani,419,Trichy,Dinner,46,UPI,Chinese Wok,30,4
103131,45,Chinese,432,Trichy,Lunch,30,Debit Card,Chinese Wok,30,5
103132,45,Biryani,852,Chennai,Dinner,40,Credit Card,KFC,30,4
103133,55,South Indian,531,Chennai,Breakfast,37,UPI,Hotel Aryaas,0,5
103134,35,Fast Food,462,Chennai,Evening,39,UPI,A2B,0,4
103135,26,Chinese,598,Salem,Lunch,40,Credit Card,Saravana Bhavan,75,4
103136,38,North Indian,315,Bangalore,Late Night,33,Wallet,SS Hyderabad Biryani,75,4
103137,42,North Indian,231,Chennai,Evening,30,UPI,Local Kitchen,50,4
103138,42,Biryani,464,Trichy,Dinner,37,Wallet,Local Kitchen,50,5
103139,35,Pizza,425,Coimbatore,Dinner,31,Credit Card,Dominos,0,4
103140,21,Biryani,258,Trichy,Dinner,27,Debit Card,SS Hyderabad Biryani,0,4
103141,31,North Indian,587,Chennai,Dinner,37,Debit Card,Local Kitchen,0,4
103142,54,Fast Food,382,Coimbatore,Lunch,28,UPI,Anjappar,30,5
103143,36,Fast Food,387,Bangalore,Dinner,32,UPI,A2B,20,4
103144,35,Biryani,432,Trichy,Dinner,29,UPI,Burger King,0,4
103145,28,Biryani,585,Trichy,Dinner,50,UPI,Local Kitchen,100,3
103146,31,Chinese,319,Bangalore,Breakfast,35,Wallet,Local Kitchen,0,4
103147,51,North Indian,416,Chennai,Lunch,18,UPI,Hotel Aryaas,0,5
103148,40,South Indian,455,Coimbatore,Late Night,46,Cash on Delivery,Chinese Wok,20,4
103149,44,Chinese,499,Salem,Lunch,16,Credit Card,A2B,0,5
103150,33,Pizza,296,Bangalore,Evening,55,UPI,Local Kitchen,20,4
103151,38,Fast Food,406,Madurai,Lunch,34,UPI,Saravana Bhavan,100,3
103152,27,Biryani,749,Coimbatore,Lunch,28,Debit Card,A2B,30,4
103153,41,Biryani,627,Bangalore,Lunch,30,Credit Card,KFC,30,5
103154,32,Fast Food,773,Coimbatore,Dinner,18,UPI,Local Kitchen,75,4
103155,33,Fast Food,495,Madurai,Late Night,33,Cash on Delivery,Hotel Aryaas,0,4
103156,39,Biryani,453,Trichy,Lunch,30,UPI,Saravana Bhavan,0,5
103157,55,Biryani,304,Bangalore,Lunch,33,Credit Card,Local Kitchen,75,4
103158,21,Biryani,741,Coimbatore,Dinner,43,Credit Card,Local Kitchen,0,5
103159,45,North Indian,340,Coimbatore,Evening,37,Cash on Delivery,Anjappar,50,4
103160,29,Biryani,391,Chennai,Late Night,22,UPI,Anjappar,0,5
103161,33,South Indian,451,Salem,Evening,24,UPI,KFC,30,5
103162,19,South Indian,530,Coimbatore,Evening,37,UPI,A2B,20,4
103163,29,South Indian,329,Trichy,Dinner,39,UPI,Local Kitchen,0,4
103164,34,Biryani,391,Madurai,Dinner,33,Credit Card,Dominos,50,4
103165,20,Fast Food,373,Madurai,Dinner,40,UPI,Local Kitchen,75,5
103166,34,Biryani,381,Salem,Lunch,35,Credit Card,Saravana Bhavan,0,4
103167,54,Fast Food,317,Bangalore,Lunch,36,Debit Card,Anjappar,20,5
103168,23,Biryani,535,Trichy,Late Night,42,UPI,A2B,0,3
103169,43,South Indian,606,Chennai,Dinner,53,Debit Card,Chinese Wok,0,4
103170,32,Chinese,946,Bangalore,Breakfast,37,Debit Card,Hotel Aryaas,20,5
103171,39,South Indian,537,Madurai,Dinner,65,UPI,Dominos,75,4
103172,28,South Indian,287,Chennai,Dinner,35,UPI,Chinese Wok,50,5
103173,25,Fast Food,327,Madurai,Evening,35,UPI,Dominos,75,5
103174,25,Pizza,286,Madurai,Breakfast,54,Cash on Delivery,Local Kitchen,0,4
103175,21,Biryani,561,Trichy,Dinner,32,UPI,SS Hyderabad Biryani,0,5
103176,26,Chinese,586,Coimbatore,Lunch,16,Cash on Delivery,Chinese Wok,20,5
103177,39,Chinese,676,Madurai,Dinner,23,Credit Card,Burger King,50,5
103178,50,Fast Food,396,Coimbatore,Breakfast,43,UPI,Burger King,0,5
103179,45,Fast Food,503,Madurai,Dinner,39,Debit Card,Chinese Wok,0,4
103180,40,South Indian,593,Coimbatore,Breakfast,25,Credit Card,KFC,30,5
103181,23,Biryani,706,Bangalore,Lunch,15,UPI,Saravana Bhavan,0,5
103182,29,Biryani,645,Coimbatore,Lunch,30,UPI,SS Hyderabad Biryani,0,4
103183,29,Biryani,553,Chennai,Lunch,46,UPI,Burger King,20,4
103184,27,Biryani,594,Chennai,Evening,33,UPI,Dominos,0,4
103185,34,South Indian,217,Chennai,Lunch,30,Debit Card,KFC,20,4
103186,35,Pizza,595,Bangalore,Late Night,23,Debit Card,Chinese Wok,50,5
103187,30,Fast Food,465,Trichy,Dinner,31,Credit Card,Saravana Bhavan,0,4
103188,30,North Indian,391,Chennai,Dinner,39,UPI,Anjappar,30,4
103189,46,North Indian,455,Chennai,Lunch,32,UPI,Anjappar,75,5
103190,44,North Indian,476,Coimbatore,Evening,32,Debit Card,Local Kitchen,20,4
103191,29,Pizza,223,Madurai,Lunch,45,Debit Card,Saravana Bhavan,0,4
103192,53,Fast Food,269,Chennai,Dinner,26,Debit Card,Burger King,30,5
103193,56,Biryani,302,Chennai,Lunch,39,UPI,Chinese Wok,50,5
103194,29,South Indian,796,Chennai,Dinner,32,UPI,Local Kitchen,30,3
103195,30,South Indian,310,Coimbatore,Evening,50,UPI,Local Kitchen,20,4
103196,34,Pizza,453,Chennai,Late Night,43,UPI,KFC,50,5
103197,55,North Indian,491,Coimbatore,Lunch,47,Wallet,Anjappar,20,2
103198,50,South Indian,491,Madurai,Breakfast,40,UPI,Burger King,0,4
103199,23,Fast Food,402,Bangalore,Dinner,29,Cash on Delivery,Chinese Wok,75,5
103200,31,Biryani,610,Chennai,Late Night,48,Credit Card,KFC,20,3
103201,35,Biryani,492,Bangalore,Dinner,38,UPI,A2B,30,3
103202,34,South Indian,400,Coimbatore,Breakfast,36,UPI,Hotel Aryaas,30,4
103203,26,South Indian,542,Salem,Dinner,26,Credit Card,Burger King,30,4
103204,48,Pizza,776,Coimbatore,Late Night,41,UPI,Saravana Bhavan,0,5
103205,40,South Indian,269,Madurai,Breakfast,30,UPI,Dominos,50,4
103206,46,North Indian,399,Madurai,Lunch,29,UPI,Dominos,0,5
103207,48,Chinese,470,Chennai,Dinner,37,Credit Card,Dominos,100,4
103208,43,Pizza,446,Trichy,Dinner,28,Debit Card,Dominos,30,5
103209,32,Biryani,561,Coimbatore,Dinner,26,Credit Card,Burger King,50,4
103210,37,Pizza,337,Bangalore,Late Night,25,Wallet,Burger King,50,5
103211,25,Chinese,425,Chennai,Breakfast,44,Debit Card,Anjappar,100,5
103212,40,Biryani,284,Chennai,Dinner,48,Cash on Delivery,KFC,30,5
103213,26,Biryani,444,Bangalore,Dinner,53,Credit Card,KFC,0,5
103214,41,North Indian,460,Coimbatore,Dinner,43,UPI,Saravana Bhavan,0,3
103215,27,Biryani,395,Coimbatore,Dinner,15,Credit Card,Chinese Wok,20,4
103216,24,South Indian,317,Coimbatore,Late Night,37,Cash on Delivery,Saravana Bhavan,20,5
103217,25,Fast Food,296,Bangalore,Evening,32,Credit Card,Anjappar,0,4
103218,18,Chinese,326,Coimbatore,Breakfast,58,Credit Card,Dominos,100,2
103219,41,Pizza,413,Chennai,Evening,38,Wallet,KFC,30,5
103220,42,Fast Food,349,Bangalore,Dinner,26,UPI,SS Hyderabad Biryani,75,4
103221,34,South Indian,487,Coimbatore,Lunch,27,Debit Card,Hotel Aryaas,0,5
103222,25,North Indian,569,Coimbatore,Dinner,17,Credit Card,Anjappar,20,5
103223,22,Pizza,287,Chennai,Lunch,33,Credit Card,Hotel Aryaas,20,4
103224,18,North Indian,410,Chennai,Breakfast,18,UPI,SS Hyderabad Biryani,0,5
103225,25,South Indian,400,Chennai,Evening,15,Debit Card,Chinese Wok,30,5
103226,51,Fast Food,414,Salem,Dinner,25,Cash on Delivery,Dominos,0,3
103227,27,Fast Food,402,Coimbatore,Lunch,24,UPI,Saravana Bhavan,20,4
103228,30,Chinese,376,Chennai,Dinner,35,Debit Card,Anjappar,100,3
103229,23,Biryani,409,Chennai,Evening,38,Credit Card,SS Hyderabad Biryani,100,4
103230,27,Fast Food,490,Chennai,Lunch,34,UPI,Hotel Aryaas,20,5
103231,34,Biryani,495,Bangalore,Breakfast,33,Cash on Delivery,Hotel Aryaas,20,4
103232,37,South Indian,469,Chennai,Dinner,38,Debit Card,Local Kitchen,30,4
103233,27,Pizza,365,Coimbatore,Evening,46,Cash on Delivery,Chinese Wok,20,4
103234,21,Biryani,280,Coimbatore,Late Night,24,UPI,Burger King,50,4
103235,31,Chinese,477,Trichy,Dinner,37,Cash on Delivery,Hotel Aryaas,30,4
103236,27,North Indian,448,Coimbatore,Lunch,34,UPI,Chinese Wok,30,3
103237,27,Fast Food,459,Coimbatore,Lunch,38,UPI,KFC,100,5
103238,57,Chinese,798,Madurai,Lunch,32,UPI,Hotel Aryaas,0,5
103239,38,North Indian,539,Coimbatore,Dinner,25,UPI,Burger King,75,4
103240,35,North Indian,430,Madurai,Dinner,33,UPI,Burger King,50,5
103241,32,Fast Food,599,Bangalore,Dinner,27,UPI,Local Kitchen,0,5
103242,32,Biryani,471,Coimbatore,Lunch,24,UPI,SS Hyderabad Biryani,0,5
103243,35,Biryani,533,Bangalore,Lunch,46,Cash on Delivery,Hotel Aryaas,30,5
103244,41,Chinese,436,Salem,Breakfast,36,Cash on Delivery,Burger King,0,5
103245,41,Chinese,198,Bangalore,Lunch,15,Debit Card,SS Hyderabad Biryani,30,4
103246,25,Chinese,412,Trichy,Evening,15,Credit Card,SS Hyderabad Biryani,20,4
103247,34,Fast Food,482,Chennai,Late Night,32,UPI,SS Hyderabad Biryani,75,4
103248,32,Biryani,380,Coimbatore,Dinner,28,UPI,SS Hyderabad Biryani,30,5
103249,49,South Indian,506,Trichy,Dinner,34,UPI,Dominos,30,5
103250,38,South Indian,378,Coimbatore,Lunch,36,Credit Card,Burger King,20,4
103251,35,Chinese,796,Salem,Lunch,34,UPI,Saravana Bhavan,0,5
103252,24,South Indian,480,Chennai,Lunch,26,Debit Card,Dominos,30,5
103253,37,Fast Food,430,Trichy,Lunch,44,Credit Card,Chinese Wok,100,3
103254,24,Fast Food,449,Coimbatore,Dinner,22,Cash on Delivery,Anjappar,30,4
103255,30,Biryani,359,Chennai,Lunch,46,Wallet,SS Hyderabad Biryani,0,3
103256,25,Fast Food,618,Trichy,Dinner,40,Cash on Delivery,Local Kitchen,100,4
103257,40,Biryani,330,Chennai,Late Night,27,Debit Card,A2B,75,5
103258,26,Fast Food,726,Chennai,Lunch,38,UPI,Anjappar,75,4
103259,31,Biryani,632,Chennai,Dinner,30,UPI,Hotel Aryaas,30,4
103260,51,Biryani,338,Bangalore,Dinner,48,Debit Card,SS Hyderabad Biryani,75,4
103261,26,Chinese,296,Salem,Lunch,28,UPI,Dominos,20,5
103262,34,Fast Food,345,Chennai,Late Night,42,UPI,Burger King,75,4
103263,32,Chinese,682,Coimbatore,Lunch,21,Credit Card,Dominos,30,4
103264,18,Chinese,409,Chennai,Dinner,37,UPI,KFC,100,4
103265,44,South Indian,268,Madurai,Lunch,37,Cash on Delivery,Local Kitchen,20,5
103266,21,North Indian,598,Chennai,Evening,40,Credit Card,Dominos,0,4
103267,33,Biryani,556,Chennai,Evening,39,Credit Card,Dominos,50,4
103268,36,Chinese,528,Chennai,Dinner,31,Debit Card,Chinese Wok,100,5
103269,38,North Indian,764,Bangalore,Lunch,15,UPI,Dominos,0,5
103270,40,Pizza,516,Trichy,Breakfast,21,Wallet,Anjappar,0,4
103271,28,Biryani,634,Bangalore,Evening,15,UPI,Local Kitchen,20,5
103272,18,Fast Food,386,Chennai,Breakfast,31,Cash on Delivery,Anjappar,50,5
103273,42,Biryani,490,Bangalore,Dinner,45,Cash on Delivery,Chinese Wok,30,3
103274,35,South Indian,618,Madurai,Dinner,27,UPI,KFC,100,5
103275,46,Chinese,261,Chennai,Dinner,30,Credit Card,Burger King,75,4
103276,45,Fast Food,396,Chennai,Dinner,28,Debit Card,Local Kitchen,30,4
103277,47,South Indian,430,Chennai,Late Night,36,Wallet,Hotel Aryaas,20,5
103278,34,Chinese,692,Madurai,Dinner,36,UPI,Chinese Wok,75,5
103279,30,South Indian,461,Bangalore,Late Night,30,Credit Card,Anjappar,30,4
103280,44,Pizza,273,Bangalore,Lunch,24,Debit Card,Saravana Bhavan,75,5
103281,33,Pizza,337,Chennai,Evening,40,UPI,Saravana Bhavan,30,5
103282,26,Biryani,393,Coimbatore,Late Night,45,Cash on Delivery,Local Kitchen,50,4
103283,48,Chinese,392,Salem,Dinner,42,UPI,Local Kitchen,0,4
103284,50,Fast Food,630,Chennai,Dinner,23,Credit Card,SS Hyderabad Biryani,100,5
103285,33,South Indian,575,Trichy,Breakfast,15,UPI,Hotel Aryaas,50,5
103286,21,North Indian,350,Bangalore,Dinner,32,UPI,A2B,30,4
103287,31,Pizza,416,Chennai,Dinner,48,Credit Card,Burger King,30,4
103288,45,Fast Food,349,Coimbatore,Lunch,15,UPI,SS Hyderabad Biryani,30,5
103289,52,Fast Food,554,Salem,Breakfast,30,Wallet,Burger King,0,4
103290,26,Fast Food,450,Coimbatore,Lunch,50,Debit Card,Anjappar,20,4
103291,21,South Indian,315,Trichy,Late Night,44,Cash on Delivery,Hotel Aryaas,0,5
103292,50,Biryani,727,Chennai,Dinner,36,Credit Card,Local Kitchen,0,5
103293,31,South Indian,734,Bangalore,Late Night,22,Credit Card,Hotel Aryaas,20,5
103294,35,Biryani,305,Trichy,Evening,49,Debit Card,Burger King,50,5
103295,58,Fast Food,654,Salem,Late Night,32,UPI,Dominos,100,4
103296,21,Biryani,350,Coimbatore,Evening,15,Credit Card,SS Hyderabad Biryani,100,5
103297,39,North Indian,529,Bangalore,Lunch,48,Credit Card,Chinese Wok,50,3
103298,21,Chinese,307,Chennai,Lunch,24,Credit Card,Burger King,20,5
103299,31,Fast Food,311,Chennai,Late Night,66,Credit Card,KFC,20,4
103300,45,Biryani,346,Chennai,Lunch,32,Debit Card,A2B,20,5
103301,32,South Indian,618,Chennai,Lunch,38,UPI,Dominos,75,5
103302,60,Biryani,236,Chennai,Breakfast,35,UPI,Burger King,50,5
103303,36,South Indian,525,Coimbatore,Lunch,31,Cash on Delivery,Saravana Bhavan,0,4
103304,29,Pizza,493,Salem,Dinner,42,Cash on Delivery,SS Hyderabad Biryani,30,5
103305,27,South Indian,631,Bangalore,Dinner,36,UPI,Saravana Bhavan,30,5
103306,30,Chinese,334,Coimbatore,Dinner,35,Credit Card,Hotel Aryaas,0,4
103307,31,South Indian,636,Salem,Late Night,24,UPI,KFC,30,5
103308,21,North Indian,619,Chennai,Evening,33,Credit Card,KFC,100,3
103309,31,North Indian,383,Coimbatore,Dinner,22,Credit Card,Burger King,0,5
103310,33,South Indian,544,Bangalore,Lunch,38,UPI,KFC,0,4
103311,42,Fast Food,312,Chennai,Late Night,37,Debit Card,Saravana Bhavan,0,5
103312,39,South Indian,404,Madurai,Breakfast,36,UPI,SS Hyderabad Biryani,20,5
103313,41,Biryani,354,Chennai,Dinner,46,UPI,Burger King,20,3
103314,18,Chinese,300,Chennai,Dinner,42,UPI,KFC,100,4
103315,27,South Indian,520,Chennai,Lunch,55,Cash on Delivery,KFC,75,4
103316,39,Biryani,373,Salem,Evening,44,Credit Card,Local Kitchen,30,5
103317,34,Biryani,649,Madurai,Lunch,36,Credit Card,A2B,30,5
103318,18,South Indian,293,Bangalore,Breakfast,31,Debit Card,Dominos,50,5
103319,45,Pizza,605,Bangalore,Dinner,20,UPI,Chinese Wok,0,5
103320,43,South Indian,436,Coimbatore,Late Night,48,Credit Card,Dominos,20,5
103321,35,Chinese,471,Bangalore,Dinner,40,UPI,KFC,30,3
103322,21,Fast Food,325,Coimbatore,Dinner,29,UPI,Burger King,0,5
103323,43,South Indian,426,Chennai,Breakfast,37,Credit Card,SS Hyderabad Biryani,30,4
103324,36,South Indian,472,Madurai,Lunch,35,UPI,Chinese Wok,75,5
103325,44,Chinese,512,Chennai,Evening,33,Debit Card,Chinese Wok,30,4
103326,43,Biryani,521,Chennai,Late Night,43,Credit Card,Chinese Wok,75,5
103327,45,South Indian,491,Trichy,Dinner,19,UPI,SS Hyderabad Biryani,50,5
103328,34,Fast Food,679,Bangalore,Lunch,43,Credit Card,Burger King,30,4
103329,25,Fast Food,289,Bangalore,Dinner,47,UPI,Anjappar,20,4
103330,40,North Indian,251,Coimbatore,Dinner,23,Debit Card,SS Hyderabad Biryani,50,5
103331,38,Biryani,725,Coimbatore,Dinner,15,Credit Card,A2B,30,4
103332,42,Fast Food,493,Madurai,Dinner,39,Cash on Delivery,Dominos,100,4
103333,25,South Indian,629,Madurai,Dinner,44,UPI,Burger King,30,4
103334,26,Pizza,199,Bangalore,Breakfast,25,UPI,Saravana Bhavan,20,4
103335,51,Fast Food,474,Salem,Late Night,20,UPI,KFC,100,5
103336,43,Chinese,233,Salem,Breakfast,15,UPI,Saravana Bhavan,20,4
103337,53,Pizza,530,Coimbatore,Evening,45,Wallet,SS Hyderabad Biryani,75,5
103338,43,Fast Food,494,Trichy,Late Night,33,Debit Card,Chinese Wok,30,5
103339,37,Fast Food,718,Bangalore,Evening,47,UPI,Burger King,50,3
103340,39,Fast Food,459,Bangalore,Breakfast,15,UPI,Saravana Bhavan,0,5
103341,51,Pizza,640,Chennai,Lunch,35,UPI,Local Kitchen,30,4
103342,36,Biryani,570,Bangalore,Dinner,45,UPI,Saravana Bhavan,0,4
103343,38,Fast Food,426,Trichy,Breakfast,25,UPI,Burger King,0,5
103344,25,Chinese,498,Madurai,Evening,41,UPI,Saravana Bhavan,0,4
103345,33,South Indian,686,Madurai,Lunch,23,Debit Card,Saravana Bhavan,20,4
103346,41,South Indian,1027,Chennai,Dinner,25,Credit Card,KFC,30,4
103347,28,South Indian,570,Coimbatore,Lunch,35,Credit Card,Burger King,20,5
103348,26,Biryani,624,Chennai,Dinner,28,Debit Card,KFC,30,3
103349,29,South Indian,536,Coimbatore,Evening,48,UPI,Dominos,20,4
103350,27,South Indian,658,Bangalore,Dinner,34,UPI,Chinese Wok,30,3
103351,27,North Indian,239,Coimbatore,Lunch,48,UPI,Hotel Aryaas,50,4
103352,32,Fast Food,495,Bangalore,Dinner,41,Credit Card,Local Kitchen,0,4
103353,53,Pizza,458,Coimbatore,Dinner,25,Wallet,A2B,75,4
103354,34,Chinese,450,Coimbatore,Breakfast,36,Cash on Delivery,Dominos,20,5
103355,26,Biryani,504,Chennai,Dinner,26,Credit Card,Chinese Wok,30,4
103356,22,Chinese,486,Trichy,Dinner,46,Credit Card,Dominos,20,3
103357,41,Biryani,488,Chennai,Breakfast,49,Wallet,Hotel Aryaas,100,4
103358,31,North Indian,146,Chennai,Dinner,17,Credit Card,Saravana Bhavan,0,5
103359,45,Pizza,685,Trichy,Dinner,40,Cash on Delivery,Burger King,30,3
103360,39,Fast Food,617,Salem,Breakfast,46,Credit Card,A2B,75,5
103361,44,Fast Food,275,Madurai,Lunch,43,UPI,Local Kitchen,20,3
103362,28,Fast Food,352,Chennai,Late Night,33,Wallet,KFC,20,3
103363,41,Fast Food,741,Chennai,Dinner,61,UPI,Local Kitchen,0,4
103364,28,Fast Food,376,Salem,Late Night,36,Debit Card,Chinese Wok,50,4
103365,55,Fast Food,521,Trichy,Dinner,19,UPI,Saravana Bhavan,50,5
103366,38,Chinese,517,Bangalore,Breakfast,41,Cash on Delivery,Local Kitchen,20,4
103367,29,Biryani,376,Chennai,Breakfast,45,UPI,Saravana Bhavan,50,4
103368,28,Pizza,306,Chennai,Dinner,40,UPI,Anjappar,0,4
103369,26,Pizza,249,Chennai,Dinner,36,UPI,A2B,20,5
103370,41,South Indian,511,Bangalore,Lunch,20,Credit Card,A2B,20,4
103371,27,Pizza,541,Chennai,Dinner,17,Cash on Delivery,A2B,20,4
103372,37,Fast Food,314,Salem,Dinner,24,Debit Card,Dominos,100,4
103373,28,Biryani,553,Chennai,Dinner,15,UPI,Anjappar,50,5
103374,39,South Indian,451,Madurai,Lunch,49,UPI,Anjappar,50,3
103375,45,South Indian,516,Chennai,Lunch,35,Credit Card,Saravana Bhavan,30,4
103376,44,South Indian,435,Bangalore,Late Night,31,Credit Card,Anjappar,30,4
103377,43,North Indian,458,Chennai,Dinner,20,Cash on Delivery,Saravana Bhavan,50,4
103378,26,North Indian,480,Madurai,Lunch,21,Credit Card,Saravana Bhavan,20,5
103379,22,Chinese,561,Bangalore,Dinner,34,Cash on Delivery,Dominos,20,3
103380,41,Pizza,579,Chennai,Lunch,31,UPI,Burger King,75,4
103381,31,Biryani,326,Trichy,Lunch,35,Cash on Delivery,Anjappar,0,5
103382,32,Biryani,363,Bangalore,Lunch,21,UPI,A2B,50,4
103383,19,Chinese,306,Salem,Breakfast,38,Debit Card,Burger King,75,5
103384,28,South Indian,808,Salem,Dinner,47,Credit Card,Hotel Aryaas,100,5
103385,19,South Indian,316,Salem,Dinner,31,Cash on Delivery,A2B,20,3
103386,50,Fast Food,257,Chennai,Lunch,42,UPI,Dominos,100,3
103387,27,South Indian,338,Chennai,Dinner,32,Debit Card,Saravana Bhavan,0,5
103388,35,Biryani,853,Salem,Dinner,30,Cash on Delivery,Chinese Wok,0,5
103389,20,Chinese,340,Coimbatore,Lunch,38,Debit Card,KFC,20,3
103390,40,Biryani,354,Chennai,Dinner,29,Credit Card,Local Kitchen,50,4
103391,29,Biryani,577,Madurai,Dinner,28,Debit Card,Hotel Aryaas,0,5
103392,52,Fast Food,637,Chennai,Dinner,45,UPI,SS Hyderabad Biryani,0,4
103393,51,Fast Food,351,Madurai,Dinner,16,UPI,KFC,30,5
103394,29,Pizza,280,Trichy,Lunch,35,UPI,SS Hyderabad Biryani,0,4
103395,52,Biryani,362,Madurai,Lunch,23,Cash on Delivery,Local Kitchen,20,4
103396,60,Biryani,526,Chennai,Dinner,52,UPI,Burger King,30,5
103397,45,South Indian,461,Coimbatore,Dinner,43,UPI,Anjappar,50,5
103398,47,South Indian,615,Coimbatore,Lunch,47,Cash on Delivery,Local Kitchen,30,3
103399,27,Biryani,540,Coimbatore,Breakfast,36,Debit Card,Hotel Aryaas,20,4
103400,36,Biryani,564,Chennai,Dinner,40,Debit Card,Anjappar,20,5
103401,21,North Indian,582,Coimbatore,Evening,36,Credit Card,KFC,20,3
103402,22,Chinese,541,Bangalore,Lunch,28,Debit Card,SS Hyderabad Biryani,30,3
103403,60,Fast Food,482,Bangalore,Lunch,52,Credit Card,Anjappar,20,5
103404,29,South Indian,503,Trichy,Evening,41,UPI,Chinese Wok,20,4
103405,43,Fast Food,571,Bangalore,Evening,26,Credit Card,SS Hyderabad Biryani,30,5
103406,45,Fast Food,326,Chennai,Dinner,18,Credit Card,A2B,100,5
103407,48,Chinese,711,Bangalore,Breakfast,24,UPI,SS Hyderabad Biryani,20,3
103408,60,Pizza,294,Madurai,Late Night,35,UPI,SS Hyderabad Biryani,0,4
103409,27,Biryani,282,Coimbatore,Late Night,27,Cash on Delivery,Burger King,0,5
103410,20,Pizza,389,Bangalore,Late Night,43,Debit Card,Dominos,30,4
103411,32,Biryani,417,Chennai,Dinner,37,Cash on Delivery,Chinese Wok,30,5
103412,24,Biryani,456,Coimbatore,Dinner,32,Debit Card,Anjappar,0,5
103413,19,Biryani,452,Trichy,Lunch,34,Credit Card,Local Kitchen,20,5
103414,30,Biryani,368,Salem,Breakfast,33,UPI,SS Hyderabad Biryani,75,5
103415,44,North Indian,354,Bangalore,Breakfast,32,UPI,Local Kitchen,30,4
103416,36,South Indian,495,Madurai,Lunch,38,UPI,SS Hyderabad Biryani,50,4
103417,29,Biryani,616,Trichy,Evening,29,UPI,SS Hyderabad Biryani,0,4
103418,39,North Indian,345,Salem,Late Night,22,Credit Card,Anjappar,30,5
103419,27,Pizza,228,Coimbatore,Evening,41,Cash on Delivery,Hotel Aryaas,75,3
103420,18,Chinese,286,Bangalore,Evening,26,Cash on Delivery,Local Kitchen,30,5
103421,43,North Indian,362,Coimbatore,Dinner,46,Debit Card,Dominos,0,5
103422,38,Fast Food,263,Chennai,Lunch,32,Credit Card,Burger King,75,4
103423,43,Pizza,553,Coimbatore,Late Night,30,UPI,Anjappar,0,4
103424,20,Chinese,364,Madurai,Evening,25,Wallet,SS Hyderabad Biryani,50,5
103425,46,Pizza,570,Trichy,Lunch,31,Debit Card,Dominos,0,5
103426,38,Pizza,479,Trichy,Late Night,37,Credit Card,Anjappar,30,4
103427,36,Fast Food,573,Chennai,Dinner,26,UPI,KFC,20,4
103428,38,Pizza,586,Bangalore,Evening,41,Cash on Delivery,Saravana Bhavan,100,3
103429,49,Fast Food,795,Chennai,Dinner,23,UPI,Chinese Wok,75,5
103430,37,Fast Food,176,Chennai,Dinner,43,Cash on Delivery,A2B,20,4
103431,36,Biryani,556,Trichy,Lunch,35,UPI,A2B,75,4
103432,60,North Indian,495,Coimbatore,Dinner,29,UPI,Burger King,0,4
103433,43,Fast Food,644,Madurai,Late Night,38,UPI,Chinese Wok,30,5
103434,32,South Indian,297,Chennai,Dinner,50,UPI,A2B,75,4
103435,41,Fast Food,374,Coimbatore,Dinner,46,UPI,Anjappar,50,4
103436,31,North Indian,491,Bangalore,Dinner,38,Debit Card,Burger King,20,4
103437,27,Fast Food,447,Chennai,Evening,43,UPI,SS Hyderabad Biryani,30,4
103438,37,Pizza,299,Coimbatore,Late Night,30,Credit Card,KFC,20,4
103439,54,Pizza,338,Chennai,Dinner,28,Credit Card,Local Kitchen,30,4
103440,54,South Indian,690,Bangalore,Evening,41,UPI,SS Hyderabad Biryani,0,5
103441,30,Fast Food,336,Salem,Dinner,36,UPI,Local Kitchen,50,5
103442,35,Chinese,577,Trichy,Evening,31,UPI,Saravana Bhavan,100,5
103443,27,North Indian,249,Salem,Lunch,42,UPI,A2B,0,4
103444,60,Chinese,368,Trichy,Dinner,34,UPI,Burger King,50,5
103445,59,Fast Food,333,Trichy,Dinner,47,UPI,Dominos,75,4
103446,39,Pizza,456,Bangalore,Dinner,15,UPI,Burger King,0,5
103447,45,Fast Food,335,Bangalore,Lunch,29,UPI,KFC,30,5
103448,41,South Indian,336,Coimbatore,Dinner,43,Debit Card,Hotel Aryaas,75,3
103449,37,Pizza,805,Trichy,Dinner,51,UPI,SS Hyderabad Biryani,30,3
103450,20,Biryani,326,Chennai,Late Night,47,Credit Card,KFC,30,5
103451,33,Pizza,608,Chennai,Dinner,28,Cash on Delivery,A2B,100,4
103452,40,South Indian,576,Salem,Dinner,47,Cash on Delivery,Dominos,75,4
103453,40,North Indian,495,Chennai,Lunch,16,Credit Card,Local Kitchen,30,5
103454,31,Biryani,428,Salem,Dinner,25,Debit Card,Local Kitchen,30,3
103455,55,South Indian,458,Madurai,Lunch,31,Credit Card,Anjappar,0,4
103456,25,Pizza,358,Coimbatore,Lunch,39,Credit Card,Saravana Bhavan,75,4
103457,34,Biryani,370,Madurai,Lunch,24,Credit Card,Chinese Wok,20,5
103458,40,Biryani,372,Trichy,Dinner,33,Debit Card,Dominos,0,4
103459,41,North Indian,429,Chennai,Lunch,48,Debit Card,Burger King,0,4
103460,39,Fast Food,611,Madurai,Lunch,22,Debit Card,Hotel Aryaas,0,4
103461,28,North Indian,710,Trichy,Lunch,21,Credit Card,Saravana Bhavan,75,4
103462,25,Biryani,378,Chennai,Dinner,26,Cash on Delivery,A2B,100,3
103463,38,Fast Food,311,Chennai,Dinner,58,Debit Card,Saravana Bhavan,50,4
103464,37,Chinese,582,Chennai,Evening,38,Cash on Delivery,Dominos,0,5
103465,26,Chinese,326,Chennai,Dinner,25,Debit Card,Anjappar,75,5
103466,41,South Indian,381,Chennai,Lunch,43,Debit Card,Local Kitchen,75,5
103467,33,South Indian,394,Madurai,Lunch,16,Cash on Delivery,Chinese Wok,75,4
103468,40,Pizza,394,Coimbatore,Lunch,33,Debit Card,Dominos,0,4
103469,46,Fast Food,509,Trichy,Evening,35,UPI,A2B,30,5
103470,25,South Indian,635,Chennai,Dinner,45,UPI,Hotel Aryaas,30,4
103471,18,Biryani,833,Coimbatore,Lunch,20,UPI,Anjappar,50,4
103472,44,South Indian,469,Bangalore,Dinner,47,Cash on Delivery,Dominos,50,5
103473,37,Fast Food,301,Trichy,Late Night,44,UPI,Burger King,0,5
103474,41,Fast Food,581,Bangalore,Lunch,47,UPI,Local Kitchen,100,3
103475,46,South Indian,310,Coimbatore,Breakfast,22,UPI,Anjappar,30,5
103476,45,Biryani,328,Trichy,Dinner,51,UPI,Chinese Wok,0,4
103477,57,Biryani,225,Coimbatore,Lunch,15,Cash on Delivery,Chinese Wok,50,5
103478,35,Chinese,492,Chennai,Evening,21,UPI,Dominos,0,5
103479,34,South Indian,567,Coimbatore,Evening,36,Debit Card,SS Hyderabad Biryani,0,4
103480,31,Pizza,371,Madurai,Late Night,30,UPI,Anjappar,20,5
103481,25,Chinese,451,Chennai,Dinner,21,UPI,Local Kitchen,30,5
103482,36,Biryani,640,Bangalore,Breakfast,58,UPI,Burger King,20,3
103483,28,South Indian,580,Bangalore,Breakfast,17,UPI,Local Kitchen,20,3
103484,54,Biryani,330,Salem,Lunch,17,Credit Card,Dominos,50,5
103485,36,Pizza,462,Coimbatore,Lunch,37,Credit Card,KFC,0,5
103486,37,North Indian,536,Chennai,Evening,33,UPI,Local Kitchen,50,4
103487,30,South Indian,339,Coimbatore,Dinner,19,UPI,Chinese Wok,100,4
103488,20,Chinese,253,Coimbatore,Lunch,56,Credit Card,Burger King,0,4
103489,19,Fast Food,414,Madurai,Evening,35,Debit Card,Anjappar,75,4
103490,32,South Indian,559,Bangalore,Lunch,28,UPI,Anjappar,0,4
103491,22,Pizza,466,Madurai,Breakfast,34,UPI,Anjappar,20,4
103492,37,Biryani,361,Trichy,Late Night,18,UPI,KFC,100,5
103493,50,Fast Food,567,Salem,Lunch,45,Cash on Delivery,Local Kitchen,50,4
103494,50,South Indian,988,Coimbatore,Lunch,37,UPI,Dominos,20,5
103495,39,Chinese,769,Salem,Lunch,32,Wallet,Dominos,20,5
103496,26,Fast Food,530,Chennai,Evening,34,Cash on Delivery,Chinese Wok,20,3
103497,49,North Indian,516,Madurai,Late Night,25,UPI,Dominos,20,4
103498,51,Biryani,415,Bangalore,Lunch,45,Credit Card,Local Kitchen,100,5
103499,26,Fast Food,471,Trichy,Evening,27,Credit Card,Anjappar,20,4
103500,42,Chinese,208,Coimbatore,Breakfast,28,Credit Card,Hotel Aryaas,20,5
103501,28,Fast Food,538,Madurai,Dinner,36,Debit Card,Saravana Bhavan,0,4
103502,45,Chinese,623,Salem,Dinner,15,UPI,Anjappar,30,5
103503,60,Biryani,306,Madurai,Dinner,40,Cash on Delivery,Saravana Bhavan,75,4
103504,19,Biryani,329,Madurai,Evening,34,UPI,KFC,20,5
103505,52,Biryani,215,Chennai,Late Night,39,UPI,Dominos,0,4
103506,38,North Indian,411,Chennai,Evening,32,Wallet,KFC,30,5
103507,58,South Indian,447,Salem,Evening,26,Debit Card,Dominos,50,5
103508,33,Pizza,473,Madurai,Dinner,35,Debit Card,Hotel Aryaas,20,5
103509,47,Fast Food,424,Bangalore,Evening,44,Cash on Delivery,Burger King,0,5
103510,21,South Indian,214,Coimbatore,Lunch,28,UPI,Saravana Bhavan,0,4
103511,30,South Indian,175,Chennai,Lunch,42,UPI,Burger King,20,4
103512,21,North Indian,414,Coimbatore,Breakfast,31,Wallet,Anjappar,75,4
103513,58,Chinese,366,Coimbatore,Evening,29,UPI,Anjappar,30,5
103514,45,Chinese,513,Chennai,Dinner,43,UPI,KFC,30,5
103515,48,Biryani,414,Chennai,Lunch,37,UPI,Hotel Aryaas,0,4
103516,55,South Indian,394,Bangalore,Dinner,20,Cash on Delivery,Local Kitchen,50,5
103517,22,South Indian,255,Bangalore,Dinner,32,UPI,Saravana Bhavan,75,4
103518,31,North Indian,498,Chennai,Lunch,22,Debit Card,Burger King,0,5
103519,21,Fast Food,424,Bangalore,Lunch,39,UPI,KFC,0,4
103520,26,Fast Food,703,Trichy,Dinner,25,Debit Card,Anjappar,50,4
103521,27,Fast Food,486,Coimbatore,Dinner,36,Credit Card,SS Hyderabad Biryani,75,3
103522,33,Fast Food,358,Trichy,Lunch,39,Credit Card,Burger King,50,4
103523,28,Biryani,399,Salem,Evening,39,UPI,KFC,20,4
103524,23,Pizza,507,Chennai,Dinner,29,UPI,Burger King,50,5
103525,25,South Indian,660,Chennai,Dinner,34,UPI,Chinese Wok,100,4
103526,25,Pizza,342,Coimbatore,Dinner,27,Cash on Delivery,Saravana Bhavan,30,4
103527,58,Pizza,636,Bangalore,Dinner,30,Debit Card,KFC,30,4
103528,43,Fast Food,582,Coimbatore,Dinner,25,UPI,Hotel Aryaas,30,5
103529,58,South Indian,979,Coimbatore,Lunch,35,Cash on Delivery,KFC,30,4
103530,32,Biryani,369,Bangalore,Dinner,39,Cash on Delivery,A2B,50,4
103531,28,North Indian,476,Chennai,Late Night,26,UPI,Local Kitchen,75,5
103532,44,Fast Food,435,Salem,Evening,26,Debit Card,Dominos,50,5
103533,29,Fast Food,731,Chennai,Dinner,50,UPI,Chinese Wok,0,4
103534,29,Fast Food,279,Salem,Lunch,26,Credit Card,Anjappar,20,3
103535,27,South Indian,729,Chennai,Lunch,41,UPI,A2B,30,5
103536,24,Fast Food,328,Chennai,Late Night,44,Credit Card,Dominos,100,4
103537,28,Fast Food,560,Chennai,Breakfast,37,UPI,Saravana Bhavan,0,5
103538,30,Pizza,606,Salem,Lunch,38,UPI,Chinese Wok,0,5
103539,40,Pizza,361,Chennai,Evening,35,Debit Card,A2B,50,4
103540,21,Fast Food,321,Bangalore,Evening,20,Wallet,Burger King,0,4
103541,26,South Indian,308,Trichy,Dinner,45,Debit Card,Saravana Bhavan,50,3
103542,45,Pizza,303,Bangalore,Lunch,30,Credit Card,KFC,100,4
103543,25,Biryani,622,Coimbatore,Breakfast,42,UPI,Hotel Aryaas,30,4
103544,30,Pizza,374,Salem,Evening,34,Credit Card,Chinese Wok,30,5
103545,49,Biryani,294,Trichy,Evening,39,Credit Card,Anjappar,75,5
103546,25,Chinese,609,Coimbatore,Dinner,37,Credit Card,KFC,50,4
103547,22,South Indian,382,Bangalore,Dinner,29,Cash on Delivery,Dominos,50,4
103548,34,South Indian,558,Salem,Dinner,42,Debit Card,Dominos,0,4
103549,29,Pizza,317,Salem,Lunch,21,Debit Card,Local Kitchen,30,5
103550,36,Biryani,409,Coimbatore,Dinner,46,UPI,Anjappar,0,4
103551,45,Fast Food,323,Trichy,Breakfast,45,UPI,Chinese Wok,0,4
103552,25,South Indian,346,Coimbatore,Lunch,31,UPI,KFC,0,5
103553,36,Pizza,442,Coimbatore,Dinner,37,Debit Card,Chinese Wok,0,5
103554,34,Biryani,686,Chennai,Lunch,31,Debit Card,Saravana Bhavan,20,4
103555,25,Pizza,688,Chennai,Evening,26,UPI,Chinese Wok,100,5
103556,38,Fast Food,392,Bangalore,Lunch,33,UPI,A2B,0,3
103557,28,Biryani,502,Bangalore,Evening,37,Cash on Delivery,Chinese Wok,50,5
103558,34,Chinese,326,Chennai,Lunch,47,UPI,A2B,30,4
103559,22,Biryani,555,Coimbatore,Late Night,32,UPI,Anjappar,20,4
103560,33,South Indian,693,Coimbatore,Evening,34,UPI,Dominos,20,4
103561,29,Biryani,307,Salem,Dinner,47,Cash on Delivery,SS Hyderabad Biryani,0,4
103562,45,Fast Food,475,Trichy,Dinner,39,UPI,Hotel Aryaas,50,5
103563,20,South Indian,199,Coimbatore,Dinner,20,UPI,A2B,0,4
103564,32,South Indian,604,Salem,Dinner,34,Credit Card,Saravana Bhavan,0,4
103565,33,Fast Food,274,Coimbatore,Dinner,42,UPI,A2B,30,4
103566,42,South Indian,309,Bangalore,Evening,59,Credit Card,Chinese Wok,30,4
103567,36,Fast Food,367,Salem,Dinner,36,Debit Card,Dominos,50,4
103568,40,South Indian,287,Coimbatore,Breakfast,15,Wallet,Burger King,50,4
103569,44,North Indian,359,Bangalore,Dinner,16,Credit Card,Chinese Wok,30,5
103570,49,Pizza,554,Coimbatore,Dinner,27,UPI,Local Kitchen,50,4
103571,29,Biryani,274,Chennai,Dinner,25,UPI,A2B,20,4
103572,35,Biryani,570,Bangalore,Breakfast,42,UPI,Local Kitchen,0,5
103573,47,North Indian,193,Salem,Dinner,53,Credit Card,Chinese Wok,100,4
103574,60,South Indian,417,Coimbatore,Lunch,42,UPI,Hotel Aryaas,20,5
103575,51,South Indian,347,Salem,Dinner,43,Credit Card,A2B,0,4
103576,31,Pizza,794,Salem,Evening,41,Wallet,Local Kitchen,75,5
103577,26,Fast Food,280,Chennai,Dinner,38,UPI,Dominos,30,4
103578,34,South Indian,505,Coimbatore,Dinner,26,Debit Card,Hotel Aryaas,30,4
103579,42,North Indian,284,Bangalore,Lunch,42,Credit Card,Burger King,0,3
103580,34,Chinese,430,Bangalore,Evening,30,Debit Card,SS Hyderabad Biryani,50,4
103581,34,Biryani,413,Chennai,Lunch,42,Credit Card,SS Hyderabad Biryani,0,5
103582,46,Biryani,446,Salem,Dinner,38,UPI,Burger King,0,4
103583,30,Biryani,698,Madurai,Dinner,34,Cash on Delivery,Chinese Wok,0,5
103584,48,Pizza,420,Coimbatore,Breakfast,27,Debit Card,Dominos,50,3
103585,32,Fast Food,432,Bangalore,Evening,33,Credit Card,Chinese Wok,50,4
103586,30,Biryani,617,Chennai,Dinner,28,Cash on Delivery,Hotel Aryaas,0,3
103587,33,North Indian,594,Coimbatore,Lunch,17,Wallet,Anjappar,20,4
103588,43,Biryani,657,Salem,Late Night,23,UPI,SS Hyderabad Biryani,0,5
103589,24,Biryani,459,Trichy,Evening,37,UPI,Saravana Bhavan,30,5
103590,26,Fast Food,402,Coimbatore,Lunch,15,Debit Card,Saravana Bhavan,0,5
103591,56,Fast Food,528,Bangalore,Lunch,58,Credit Card,Local Kitchen,100,5
103592,26,South Indian,401,Madurai,Dinner,29,UPI,KFC,50,4
103593,36,North Indian,223,Coimbatore,Evening,43,UPI,A2B,30,4
103594,36,Pizza,232,Chennai,Lunch,15,Debit Card,SS Hyderabad Biryani,50,5
103595,34,South Indian,471,Bangalore,Breakfast,24,Debit Card,Saravana Bhavan,0,5
103596,39,Fast Food,342,Bangalore,Dinner,45,Cash on Delivery,Local Kitchen,50,4
103597,27,South Indian,300,Chennai,Dinner,38,UPI,Chinese Wok,20,4
103598,35,Fast Food,240,Chennai,Lunch,30,UPI,Anjappar,30,5
103599,31,Biryani,288,Chennai,Dinner,54,UPI,Hotel Aryaas,75,3
103600,39,North Indian,443,Coimbatore,Late Night,20,Wallet,Chinese Wok,100,5
103601,25,Biryani,733,Bangalore,Late Night,45,UPI,Anjappar,50,4
103602,36,Biryani,449,Coimbatore,Dinner,30,Credit Card,A2B,50,3
103603,26,South Indian,399,Chennai,Dinner,26,Credit Card,Local Kitchen,50,5
103604,28,South Indian,357,Trichy,Lunch,15,Credit Card,Burger King,30,5
103605,27,Biryani,563,Chennai,Lunch,16,Debit Card,A2B,0,5
103606,26,Biryani,391,Coimbatore,Evening,35,Credit Card,Chinese Wok,30,4
103607,45,Fast Food,375,Salem,Dinner,35,UPI,Dominos,0,4
103608,28,Chinese,303,Bangalore,Dinner,26,Debit Card,Chinese Wok,0,3
103609,54,Fast Food,339,Madurai,Lunch,32,UPI,Burger King,75,5
103610,58,South Indian,535,Coimbatore,Evening,33,UPI,Local Kitchen,30,4
103611,36,South Indian,483,Chennai,Dinner,29,UPI,Saravana Bhavan,0,5
103612,25,Pizza,430,Bangalore,Evening,24,UPI,Chinese Wok,20,5
103613,31,Fast Food,440,Bangalore,Evening,39,UPI,Saravana Bhavan,50,3
103614,44,Biryani,365,Chennai,Lunch,46,Cash on Delivery,Local Kitchen,100,4
103615,31,South Indian,503,Coimbatore,Late Night,38,Credit Card,SS Hyderabad Biryani,75,4
103616,22,Chinese,452,Salem,Evening,38,Credit Card,KFC,20,4
103617,35,Biryani,293,Chennai,Dinner,42,UPI,A2B,20,5
103618,47,South Indian,402,Coimbatore,Lunch,32,Wallet,Local Kitchen,20,3
103619,44,Biryani,332,Coimbatore,Evening,28,Cash on Delivery,Burger King,50,4
103620,26,Biryani,660,Trichy,Lunch,15,Cash on Delivery,Local Kitchen,75,5
103621,40,South Indian,519,Trichy,Lunch,28,UPI,Local Kitchen,20,5
103622,27,Fast Food,651,Madurai,Lunch,28,Credit Card,Hotel Aryaas,30,5
103623,27,Pizza,319,Coimbatore,Breakfast,23,UPI,KFC,50,4
103624,50,South Indian,618,Chennai,Dinner,36,UPI,Chinese Wok,75,4
103625,27,South Indian,369,Coimbatore,Evening,32,UPI,Burger King,30,5
103626,28,Fast Food,268,Bangalore,Dinner,38,UPI,A2B,75,5
103627,18,South Indian,419,Madurai,Breakfast,23,Wallet,Local Kitchen,20,5
103628,49,Biryani,372,Salem,Breakfast,19,Credit Card,Dominos,50,5
103629,44,North Indian,378,Coimbatore,Dinner,41,UPI,KFC,20,5
103630,38,North Indian,405,Bangalore,Lunch,42,Debit Card,KFC,100,4
103631,43,Biryani,607,Bangalore,Breakfast,26,UPI,Dominos,0,5
103632,25,Biryani,490,Chennai,Lunch,30,Debit Card,Hotel Aryaas,50,3
103633,33,Biryani,524,Coimbatore,Dinner,37,Credit Card,Dominos,100,5
103634,30,Chinese,503,Bangalore,Dinner,40,UPI,Burger King,50,4
103635,22,Chinese,322,Salem,Lunch,16,Credit Card,Dominos,50,5
103636,34,Pizza,212,Coimbatore,Dinner,44,UPI,Burger King,75,3
103637,54,Chinese,404,Salem,Evening,21,UPI,Anjappar,20,4
103638,20,South Indian,496,Bangalore,Late Night,20,UPI,Burger King,0,5
103639,29,South Indian,462,Chennai,Breakfast,30,UPI,KFC,100,5
103640,26,Chinese,439,Chennai,Dinner,30,Debit Card,Dominos,0,5
103641,27,South Indian,514,Chennai,Lunch,34,UPI,Burger King,30,4
103642,53,South Indian,422,Coimbatore,Evening,36,Credit Card,Dominos,20,4
103643,33,Chinese,433,Chennai,Lunch,51,UPI,Local Kitchen,30,4
103644,33,South Indian,333,Coimbatore,Dinner,25,Wallet,Local Kitchen,100,4
103645,43,Chinese,667,Salem,Dinner,45,Credit Card,Saravana Bhavan,0,4
103646,25,South Indian,242,Bangalore,Dinner,19,UPI,Burger King,50,5
103647,34,Chinese,615,Madurai,Dinner,22,Credit Card,KFC,0,5
103648,32,Chinese,237,Chennai,Dinner,25,UPI,Saravana Bhavan,20,5
103649,37,South Indian,550,Coimbatore,Dinner,15,UPI,Anjappar,50,5
103650,60,Chinese,431,Coimbatore,Lunch,38,Credit Card,Dominos,20,4
103651,43,South Indian,592,Trichy,Evening,46,UPI,Chinese Wok,30,4
103652,31,Fast Food,538,Chennai,Lunch,43,UPI,Chinese Wok,100,5
103653,46,Biryani,281,Coimbatore,Evening,19,Credit Card,Local Kitchen,75,4
103654,25,South Indian,199,Bangalore,Dinner,57,UPI,Dominos,75,5
103655,19,South Indian,341,Bangalore,Dinner,35,UPI,SS Hyderabad Biryani,0,5
103656,26,North Indian,384,Trichy,Dinner,49,UPI,A2B,20,4
103657,30,Fast Food,207,Chennai,Lunch,33,UPI,Local Kitchen,50,5
103658,34,Fast Food,482,Coimbatore,Dinner,33,Cash on Delivery,Burger King,50,4
103659,38,Biryani,409,Madurai,Evening,30,Credit Card,Saravana Bhavan,20,4
103660,53,Biryani,349,Bangalore,Late Night,55,UPI,Chinese Wok,20,3
103661,34,Pizza,460,Coimbatore,Lunch,48,UPI,Dominos,30,3
103662,34,Fast Food,595,Chennai,Dinner,33,Wallet,Anjappar,30,4
103663,20,South Indian,595,Madurai,Dinner,31,Credit Card,A2B,30,5
103664,19,Chinese,435,Salem,Late Night,41,UPI,Dominos,0,4
103665,35,South Indian,482,Bangalore,Evening,15,UPI,SS Hyderabad Biryani,20,5
103666,32,Pizza,208,Trichy,Evening,15,UPI,Burger King,100,4
103667,47,South Indian,535,Bangalore,Evening,24,UPI,Chinese Wok,20,5
103668,25,Fast Food,750,Chennai,Lunch,38,Debit Card,SS Hyderabad Biryani,50,5
103669,19,North Indian,402,Chennai,Dinner,45,Credit Card,Chinese Wok,30,4
103670,33,Pizza,515,Bangalore,Late Night,22,Debit Card,Dominos,50,5
103671,27,Biryani,478,Coimbatore,Lunch,49,UPI,Burger King,50,5
103672,20,Biryani,423,Madurai,Dinner,29,UPI,Hotel Aryaas,100,5
103673,42,Biryani,537,Madurai,Dinner,38,Wallet,SS Hyderabad Biryani,50,5
103674,23,Fast Food,349,Salem,Lunch,29,Credit Card,KFC,100,5
103675,37,North Indian,383,Bangalore,Evening,33,UPI,Hotel Aryaas,0,4
103676,28,South Indian,350,Coimbatore,Dinner,52,UPI,A2B,20,3
103677,26,Fast Food,802,Coimbatore,Late Night,29,UPI,Local Kitchen,50,5
103678,31,Pizza,324,Coimbatore,Evening,25,Debit Card,A2B,30,5
103679,45,South Indian,516,Trichy,Breakfast,41,UPI,Local Kitchen,100,4
103680,31,Fast Food,318,Chennai,Lunch,44,Cash on Delivery,Anjappar,0,5
103681,43,North Indian,458,Salem,Dinner,19,UPI,Hotel Aryaas,30,4
103682,24,Pizza,499,Salem,Lunch,38,UPI,Hotel Aryaas,75,5
103683,43,Pizza,228,Bangalore,Lunch,39,UPI,Chinese Wok,50,5
103684,27,South Indian,269,Coimbatore,Dinner,51,Cash on Delivery,Chinese Wok,50,4
103685,40,Pizza,317,Chennai,Dinner,30,Wallet,Dominos,30,4
103686,36,Biryani,278,Chennai,Dinner,47,UPI,SS Hyderabad Biryani,20,3
103687,54,South Indian,304,Chennai,Lunch,36,UPI,Anjappar,30,4
103688,31,North Indian,471,Coimbatore,Lunch,31,Cash on Delivery,Anjappar,0,4
103689,21,Fast Food,358,Chennai,Dinner,27,UPI,Chinese Wok,30,5
103690,18,Pizza,535,Madurai,Dinner,39,UPI,Local Kitchen,50,4
103691,45,South Indian,728,Coimbatore,Dinner,22,Debit Card,A2B,0,5
103692,35,Biryani,268,Chennai,Late Night,23,Wallet,Dominos,30,5
103693,44,Pizza,756,Bangalore,Dinner,40,Credit Card,KFC,30,4
103694,27,Biryani,566,Salem,Evening,52,UPI,SS Hyderabad Biryani,20,4
103695,30,Chinese,507,Madurai,Lunch,20,Cash on Delivery,Anjappar,100,5
103696,19,Biryani,424,Coimbatore,Dinner,27,UPI,SS Hyderabad Biryani,30,4
103697,57,North Indian,448,Madurai,Dinner,37,UPI,Chinese Wok,75,4
103698,40,Fast Food,302,Madurai,Lunch,28,Credit Card,A2B,0,5
103699,55,Fast Food,438,Trichy,Dinner,15,Cash on Delivery,Saravana Bhavan,50,5
103700,28,Biryani,646,Chennai,Breakfast,25,UPI,KFC,0,5
103701,37,North Indian,308,Trichy,Dinner,39,UPI,KFC,0,4
103702,40,Chinese,525,Coimbatore,Breakfast,31,UPI,Anjappar,0,5
103703,29,Chinese,604,Salem,Evening,38,Cash on Delivery,Dominos,50,4
103704,47,South Indian,332,Coimbatore,Dinner,20,Debit Card,Anjappar,100,4
103705,56,South Indian,485,Salem,Breakfast,37,Debit Card,Anjappar,75,4
103706,51,Biryani,533,Salem,Evening,15,Debit Card,Local Kitchen,20,5
103707,42,South Indian,776,Chennai,Lunch,42,Credit Card,Chinese Wok,30,4
103708,28,Fast Food,650,Salem,Dinner,48,UPI,A2B,30,3
103709,28,North Indian,645,Chennai,Dinner,20,Cash on Delivery,Hotel Aryaas,0,5
103710,57,Pizza,381,Chennai,Late Night,28,Credit Card,Burger King,30,4
103711,18,Fast Food,518,Coimbatore,Dinner,19,Debit Card,SS Hyderabad Biryani,30,5
103712,41,Biryani,422,Salem,Dinner,35,Debit Card,Chinese Wok,30,4
103713,41,Pizza,261,Coimbatore,Lunch,36,UPI,KFC,0,4
103714,38,Biryani,314,Bangalore,Lunch,21,UPI,Chinese Wok,0,5
103715,60,Biryani,435,Madurai,Evening,28,Credit Card,Dominos,30,5
103716,29,Biryani,406,Salem,Dinner,45,UPI,A2B,20,5
103717,30,South Indian,750,Madurai,Dinner,40,UPI,Local Kitchen,20,4
103718,22,Pizza,449,Chennai,Lunch,36,Debit Card,Anjappar,20,5
103719,33,Fast Food,602,Coimbatore,Lunch,45,Debit Card,Hotel Aryaas,50,4
103720,28,Biryani,489,Chennai,Evening,52,Cash on Delivery,Anjappar,0,4
103721,30,South Indian,504,Bangalore,Lunch,35,Debit Card,Local Kitchen,100,4
103722,46,Chinese,568,Chennai,Dinner,37,UPI,Burger King,30,5
103723,55,Fast Food,404,Chennai,Dinner,31,UPI,A2B,20,4
103724,26,Biryani,429,Trichy,Dinner,36,Credit Card,Burger King,0,5
103725,31,North Indian,382,Coimbatore,Breakfast,27,Cash on Delivery,A2B,20,5
103726,54,North Indian,426,Bangalore,Late Night,17,UPI,A2B,30,5
103727,21,North Indian,451,Coimbatore,Breakfast,42,Debit Card,Dominos,50,4
103728,22,Pizza,487,Chennai,Lunch,41,UPI,Local Kitchen,50,3
103729,25,Biryani,447,Coimbatore,Dinner,35,UPI,Local Kitchen,30,4
103730,37,Biryani,459,Coimbatore,Breakfast,35,Debit Card,Anjappar,20,4
103731,25,Fast Food,485,Trichy,Breakfast,27,Debit Card,SS Hyderabad Biryani,30,5
103732,58,Fast Food,167,Coimbatore,Breakfast,46,UPI,Burger King,100,4
103733,33,North Indian,356,Coimbatore,Dinner,22,Cash on Delivery,Local Kitchen,100,5
103734,34,Pizza,364,Madurai,Dinner,48,Debit Card,Saravana Bhavan,75,4
103735,27,Chinese,482,Madurai,Dinner,40,Debit Card,Hotel Aryaas,0,4
103736,33,Biryani,516,Madurai,Dinner,37,Credit Card,SS Hyderabad Biryani,100,4
103737,39,North Indian,309,Salem,Lunch,38,UPI,Chinese Wok,30,3
103738,43,Pizza,597,Madurai,Breakfast,44,Cash on Delivery,Anjappar,30,3
103739,43,Biryani,507,Coimbatore,Breakfast,28,Credit Card,Anjappar,30,4
103740,36,Pizza,319,Trichy,Dinner,42,Wallet,Anjappar,30,4
103741,52,Fast Food,367,Bangalore,Lunch,30,UPI,Anjappar,30,4
103742,45,Biryani,420,Chennai,Late Night,39,Wallet,SS Hyderabad Biryani,20,5
103743,43,Chinese,574,Coimbatore,Lunch,18,UPI,Dominos,75,5
103744,20,Chinese,534,Chennai,Dinner,27,UPI,Hotel Aryaas,30,5
103745,18,Biryani,319,Chennai,Late Night,52,UPI,Local Kitchen,0,4
103746,27,Fast Food,611,Chennai,Evening,47,Wallet,Saravana Bhavan,0,5
103747,39,North Indian,445,Chennai,Dinner,50,UPI,Local Kitchen,0,4
103748,32,Chinese,621,Trichy,Evening,45,Credit Card,Saravana Bhavan,30,5
103749,31,Chinese,458,Salem,Lunch,28,UPI,Saravana Bhavan,20,5
103750,50,Biryani,305,Bangalore,Lunch,29,UPI,Chinese Wok,30,5
103751,51,Biryani,503,Trichy,Dinner,44,Debit Card,KFC,100,4
103752,53,Fast Food,784,Chennai,Lunch,45,Cash on Delivery,A2B,100,4
103753,29,Fast Food,355,Trichy,Lunch,48,UPI,SS Hyderabad Biryani,20,3
103754,40,Fast Food,326,Bangalore,Late Night,36,Credit Card,Hotel Aryaas,0,5
103755,28,Biryani,396,Chennai,Lunch,33,Credit Card,Hotel Aryaas,0,4
103756,26,South Indian,509,Chennai,Evening,46,UPI,Anjappar,20,4
103757,26,Fast Food,858,Coimbatore,Late Night,19,Cash on Delivery,Dominos,30,4
103758,30,Pizza,620,Chennai,Evening,32,Credit Card,A2B,30,5
103759,32,Biryani,303,Coimbatore,Evening,31,Wallet,SS Hyderabad Biryani,0,4
103760,46,South Indian,681,Chennai,Dinner,32,UPI,Dominos,0,5
103761,24,Biryani,507,Chennai,Lunch,47,UPI,Dominos,0,4
103762,42,South Indian,501,Chennai,Lunch,40,Credit Card,A2B,50,4
103763,35,Biryani,406,Salem,Evening,35,Cash on Delivery,Anjappar,20,5
103764,28,North Indian,385,Chennai,Dinner,19,UPI,Saravana Bhavan,30,5
103765,34,Pizza,447,Chennai,Breakfast,23,UPI,SS Hyderabad Biryani,30,4
103766,29,South Indian,733,Madurai,Evening,42,Debit Card,Hotel Aryaas,30,5
103767,37,Biryani,267,Trichy,Lunch,37,UPI,Chinese Wok,50,5
103768,32,South Indian,519,Coimbatore,Lunch,46,Debit Card,Chinese Wok,20,4
103769,25,Chinese,479,Trichy,Dinner,27,UPI,KFC,0,4
103770,24,Biryani,444,Coimbatore,Lunch,34,Credit Card,Hotel Aryaas,20,5
103771,35,South Indian,606,Chennai,Dinner,32,Cash on Delivery,SS Hyderabad Biryani,75,5
103772,52,Pizza,274,Coimbatore,Evening,43,UPI,Hotel Aryaas,30,4
103773,30,Pizza,686,Bangalore,Lunch,55,Cash on Delivery,Local Kitchen,100,4
103774,42,Pizza,180,Coimbatore,Lunch,28,UPI,A2B,50,5
103775,39,Pizza,409,Bangalore,Lunch,15,Debit Card,Local Kitchen,75,5
103776,55,North Indian,263,Chennai,Breakfast,39,UPI,KFC,50,5
103777,45,Fast Food,399,Madurai,Dinner,38,UPI,Local Kitchen,20,5
103778,36,South Indian,709,Coimbatore,Dinner,16,Debit Card,Dominos,75,5
103779,39,Pizza,377,Coimbatore,Lunch,24,Credit Card,Chinese Wok,30,5
103780,52,Chinese,308,Bangalore,Dinner,30,UPI,Saravana Bhavan,0,5
103781,31,North Indian,673,Madurai,Late Night,45,UPI,Anjappar,0,5
103782,29,Biryani,476,Chennai,Breakfast,24,Credit Card,Burger King,30,4
103783,18,Fast Food,402,Trichy,Evening,31,UPI,Hotel Aryaas,30,5
103784,45,Fast Food,329,Madurai,Dinner,15,UPI,Saravana Bhavan,20,5
103785,45,Fast Food,458,Chennai,Breakfast,39,Credit Card,KFC,30,5
103786,23,Fast Food,408,Salem,Dinner,22,Wallet,KFC,0,5
103787,36,Chinese,509,Bangalore,Late Night,56,Credit Card,Hotel Aryaas,75,3
103788,33,Biryani,247,Coimbatore,Breakfast,25,UPI,SS Hyderabad Biryani,20,5
103789,24,Chinese,475,Chennai,Dinner,43,Wallet,Saravana Bhavan,50,4
103790,59,Chinese,618,Bangalore,Evening,39,UPI,Hotel Aryaas,75,4
103791,27,Fast Food,237,Chennai,Lunch,25,Credit Card,Burger King,0,4
103792,21,Fast Food,764,Coimbatore,Evening,45,UPI,Dominos,30,5
103793,37,Chinese,326,Coimbatore,Breakfast,15,Debit Card,Local Kitchen,0,4
103794,42,Pizza,259,Madurai,Evening,34,UPI,Saravana Bhavan,0,5
103795,19,Pizza,389,Chennai,Breakfast,41,UPI,KFC,0,4
103796,39,Pizza,298,Trichy,Dinner,32,Debit Card,KFC,100,4
103797,35,North Indian,315,Coimbatore,Evening,23,Cash on Delivery,SS Hyderabad Biryani,0,5
103798,23,South Indian,389,Coimbatore,Evening,50,UPI,SS Hyderabad Biryani,30,3
103799,25,North Indian,361,Madurai,Lunch,33,UPI,SS Hyderabad Biryani,0,5
103800,36,Pizza,397,Bangalore,Evening,28,UPI,Dominos,50,4
103801,29,North Indian,785,Coimbatore,Lunch,23,Cash on Delivery,Saravana Bhavan,30,5
103802,55,Biryani,236,Coimbatore,Dinner,35,Wallet,Local Kitchen,0,4
103803,45,North Indian,339,Coimbatore,Lunch,32,UPI,Chinese Wok,30,5
103804,59,South Indian,498,Bangalore,Dinner,31,UPI,Dominos,20,4
103805,28,Pizza,432,Coimbatore,Lunch,51,UPI,A2B,0,5
103806,58,Biryani,479,Madurai,Dinner,50,UPI,Anjappar,50,5
103807,32,Fast Food,450,Bangalore,Dinner,37,UPI,Chinese Wok,20,5
103808,30,Fast Food,404,Chennai,Evening,41,Credit Card,Dominos,30,5
103809,20,Fast Food,219,Coimbatore,Dinner,19,UPI,Hotel Aryaas,0,4
103810,20,Biryani,692,Chennai,Evening,35,UPI,Anjappar,30,4
103811,40,Pizza,339,Coimbatore,Dinner,37,Debit Card,Local Kitchen,30,5
103812,33,Biryani,283,Bangalore,Dinner,32,Cash on Delivery,KFC,50,4
103813,27,Fast Food,433,Bangalore,Dinner,30,Cash on Delivery,Dominos,30,4
103814,38,Biryani,899,Madurai,Dinner,26,Credit Card,Saravana Bhavan,75,3
103815,28,South Indian,557,Chennai,Dinner,34,Wallet,KFC,20,4
103816,36,Fast Food,602,Salem,Dinner,45,UPI,Local Kitchen,50,4
103817,30,Fast Food,1194,Coimbatore,Breakfast,47,UPI,KFC,0,4
103818,45,South Indian,477,Coimbatore,Dinner,34,UPI,Chinese Wok,75,5
103819,45,Chinese,266,Madurai,Evening,45,UPI,KFC,20,3
103820,33,Biryani,352,Trichy,Dinner,25,Debit Card,Hotel Aryaas,50,5
103821,30,Biryani,356,Coimbatore,Dinner,40,UPI,Local Kitchen,75,4
103822,30,Fast Food,258,Madurai,Dinner,33,Credit Card,Hotel Aryaas,0,4
103823,45,North Indian,391,Trichy,Dinner,27,Credit Card,Dominos,75,4
103824,30,Fast Food,673,Madurai,Dinner,56,Cash on Delivery,Dominos,20,3
103825,26,South Indian,729,Chennai,Lunch,29,Credit Card,Local Kitchen,30,5
103826,22,Fast Food,327,Trichy,Lunch,30,UPI,SS Hyderabad Biryani,30,5
103827,33,South Indian,712,Madurai,Dinner,29,Debit Card,A2B,30,5
103828,34,Biryani,509,Bangalore,Evening,37,Credit Card,Dominos,50,4
103829,47,Biryani,284,Madurai,Dinner,47,Credit Card,Local Kitchen,75,4
103830,27,South Indian,212,Salem,Lunch,22,UPI,Anjappar,20,5
103831,31,Fast Food,517,Coimbatore,Lunch,39,UPI,Anjappar,0,4
103832,45,Biryani,456,Chennai,Dinner,37,UPI,Saravana Bhavan,0,5
103833,45,Chinese,420,Coimbatore,Evening,18,UPI,Local Kitchen,50,5
103834,31,North Indian,256,Chennai,Lunch,48,UPI,Hotel Aryaas,30,3
103835,33,Fast Food,260,Coimbatore,Evening,37,UPI,Chinese Wok,0,5
103836,29,Chinese,353,Bangalore,Breakfast,41,Wallet,Burger King,30,3
103837,55,North Indian,303,Coimbatore,Breakfast,15,UPI,Saravana Bhavan,100,4
103838,24,Pizza,508,Madurai,Breakfast,49,Credit Card,Local Kitchen,30,5
103839,55,South Indian,488,Trichy,Dinner,55,Credit Card,Local Kitchen,75,3
103840,40,Chinese,342,Coimbatore,Dinner,32,Credit Card,Local Kitchen,0,4
103841,35,Biryani,424,Trichy,Lunch,27,UPI,Burger King,75,4
103842,19,South Indian,663,Chennai,Breakfast,15,Debit Card,KFC,30,4
103843,33,Fast Food,538,Trichy,Dinner,21,Debit Card,Hotel Aryaas,30,5
103844,32,Biryani,347,Trichy,Dinner,42,Wallet,Hotel Aryaas,0,4
103845,25,South Indian,542,Coimbatore,Lunch,34,UPI,Burger King,30,5
103846,39,Biryani,634,Coimbatore,Evening,19,Credit Card,A2B,30,5
103847,58,Chinese,601,Coimbatore,Lunch,49,Debit Card,A2B,0,4
103848,36,South Indian,321,Trichy,Lunch,27,UPI,Saravana Bhavan,20,5
103849,41,South Indian,339,Trichy,Dinner,19,Debit Card,Hotel Aryaas,75,5
103850,21,Biryani,233,Coimbatore,Late Night,34,UPI,Saravana Bhavan,0,5
103851,32,Biryani,518,Bangalore,Dinner,39,UPI,Chinese Wok,30,4
103852,24,South Indian,719,Chennai,Late Night,21,Wallet,SS Hyderabad Biryani,50,5
103853,38,North Indian,543,Coimbatore,Evening,31,UPI,Chinese Wok,100,3
103854,55,Biryani,458,Salem,Dinner,49,Credit Card,Saravana Bhavan,50,4
103855,39,Fast Food,762,Chennai,Lunch,20,UPI,Local Kitchen,0,5
103856,21,Pizza,471,Salem,Lunch,38,UPI,Dominos,50,4
103857,30,Biryani,873,Trichy,Dinner,31,Wallet,A2B,50,5
103858,35,Pizza,559,Salem,Evening,39,UPI,KFC,30,4
103859,31,South Indian,415,Chennai,Lunch,24,UPI,Local Kitchen,20,4
103860,46,Fast Food,220,Chennai,Dinner,36,UPI,Chinese Wok,20,3
103861,45,Fast Food,263,Chennai,Lunch,24,Credit Card,Hotel Aryaas,100,5
103862,38,Fast Food,782,Madurai,Dinner,15,UPI,Local Kitchen,75,5
103863,31,Fast Food,449,Bangalore,Lunch,20,Credit Card,Local Kitchen,20,5
103864,28,Pizza,691,Chennai,Dinner,32,Credit Card,Anjappar,0,5
103865,23,Chinese,689,Madurai,Lunch,36,UPI,Dominos,50,4
103866,30,Chinese,473,Coimbatore,Dinner,46,Debit Card,Saravana Bhavan,30,5
103867,32,Pizza,730,Chennai,Breakfast,38,Credit Card,A2B,30,5
103868,40,Fast Food,575,Coimbatore,Dinner,50,Cash on Delivery,Burger King,100,4
103869,39,South Indian,685,Chennai,Dinner,32,Cash on Delivery,A2B,100,3
103870,21,South Indian,469,Chennai,Lunch,40,Wallet,Hotel Aryaas,75,4
103871,31,Pizza,411,Coimbatore,Lunch,24,UPI,Saravana Bhavan,20,5
103872,26,Fast Food,360,Trichy,Lunch,37,UPI,Local Kitchen,75,5
103873,25,Chinese,314,Madurai,Dinner,30,Credit Card,Chinese Wok,75,4
103874,46,Pizza,484,Coimbatore,Dinner,29,UPI,Anjappar,0,5
103875,20,Fast Food,321,Madurai,Lunch,35,Cash on Delivery,Saravana Bhavan,20,4
103876,32,Biryani,536,Bangalore,Dinner,20,UPI,SS Hyderabad Biryani,20,5
103877,25,South Indian,372,Coimbatore,Dinner,37,UPI,Chinese Wok,75,5
103878,50,Fast Food,421,Madurai,Breakfast,41,UPI,KFC,0,5
103879,35,Chinese,580,Madurai,Evening,27,Debit Card,Chinese Wok,30,3
103880,27,North Indian,661,Bangalore,Dinner,36,Debit Card,Anjappar,30,4
103881,34,South Indian,380,Bangalore,Dinner,47,Cash on Delivery,Hotel Aryaas,100,4
103882,42,South Indian,301,Madurai,Breakfast,42,UPI,Burger King,30,5
103883,57,Chinese,527,Coimbatore,Lunch,33,Debit Card,Burger King,0,4
103884,27,Biryani,508,Trichy,Breakfast,38,Credit Card,Dominos,75,3
103885,51,Fast Food,729,Chennai,Dinner,49,Cash on Delivery,SS Hyderabad Biryani,30,5
103886,55,North Indian,366,Trichy,Dinner,37,UPI,Dominos,50,4
103887,53,Chinese,362,Coimbatore,Lunch,43,Credit Card,Chinese Wok,50,4
103888,38,Biryani,548,Chennai,Lunch,42,UPI,Dominos,75,4
103889,38,Biryani,462,Bangalore,Lunch,35,Debit Card,Chinese Wok,50,3
103890,31,Chinese,651,Coimbatore,Dinner,47,UPI,Dominos,20,5
103891,43,Pizza,508,Trichy,Lunch,24,UPI,Anjappar,100,5
103892,35,Pizza,538,Coimbatore,Dinner,38,Cash on Delivery,Saravana Bhavan,0,5
103893,40,Fast Food,404,Bangalore,Dinner,28,Credit Card,SS Hyderabad Biryani,20,4
103894,32,North Indian,464,Coimbatore,Dinner,43,Wallet,Saravana Bhavan,30,4
103895,42,South Indian,595,Chennai,Dinner,34,Credit Card,Local Kitchen,0,3
103896,45,Chinese,215,Coimbatore,Lunch,44,Credit Card,Burger King,0,5
103897,25,South Indian,894,Bangalore,Dinner,42,Debit Card,KFC,0,5
103898,46,Biryani,355,Bangalore,Dinner,30,UPI,Local Kitchen,75,4
103899,35,North Indian,483,Bangalore,Dinner,39,UPI,Anjappar,30,5
103900,47,Biryani,394,Salem,Breakfast,39,Debit Card,Local Kitchen,0,4
103901,32,Fast Food,680,Madurai,Breakfast,32,Credit Card,Saravana Bhavan,50,4
103902,31,Pizza,483,Salem,Dinner,43,Cash on Delivery,Anjappar,30,3
103903,53,South Indian,1109,Chennai,Late Night,33,UPI,Saravana Bhavan,0,4
103904,28,Pizza,660,Chennai,Dinner,26,Credit Card,A2B,30,4
103905,47,South Indian,174,Coimbatore,Dinner,37,UPI,Hotel Aryaas,20,4
103906,34,Fast Food,571,Chennai,Dinner,39,Credit Card,KFC,30,3
103907,34,North Indian,190,Bangalore,Lunch,15,Debit Card,Dominos,100,5
103908,29,Biryani,283,Bangalore,Dinner,58,UPI,Local Kitchen,50,5
103909,36,Pizza,441,Bangalore,Dinner,62,Credit Card,Dominos,30,3
103910,29,Fast Food,658,Madurai,Dinner,26,UPI,KFC,30,5
103911,20,Pizza,407,Salem,Late Night,40,Debit Card,KFC,50,5
103912,28,Biryani,680,Trichy,Evening,23,Credit Card,Chinese Wok,0,5
103913,18,South Indian,402,Chennai,Breakfast,17,UPI,Saravana Bhavan,0,4
103914,59,Pizza,304,Coimbatore,Late Night,29,Wallet,A2B,30,4
103915,58,South Indian,514,Chennai,Lunch,20,Cash on Delivery,KFC,50,4
103916,31,Chinese,360,Chennai,Dinner,39,Credit Card,Burger King,20,4
103917,42,Pizza,145,Bangalore,Dinner,43,Debit Card,Dominos,0,4
103918,30,Chinese,385,Bangalore,Lunch,52,UPI,Saravana Bhavan,30,3
103919,40,North Indian,491,Chennai,Dinner,34,UPI,KFC,50,5
103920,45,South Indian,418,Madurai,Lunch,43,Debit Card,A2B,50,3
103921,56,Biryani,448,Madurai,Dinner,38,UPI,Local Kitchen,30,4
103922,31,Biryani,832,Chennai,Breakfast,37,UPI,A2B,20,5
103923,44,Fast Food,579,Coimbatore,Dinner,24,Credit Card,Local Kitchen,0,5
103924,28,Biryani,316,Trichy,Dinner,32,UPI,Anjappar,0,4
103925,60,South Indian,849,Bangalore,Evening,30,UPI,Burger King,20,5
103926,19,Biryani,409,Coimbatore,Dinner,40,UPI,Dominos,50,5
103927,37,Biryani,496,Chennai,Late Night,15,Credit Card,Dominos,50,5
103928,39,Biryani,525,Chennai,Dinner,45,Debit Card,Anjappar,100,3
103929,40,Pizza,866,Chennai,Late Night,31,UPI,A2B,0,4
103930,24,South Indian,194,Trichy,Evening,27,Credit Card,Saravana Bhavan,0,5
103931,55,Fast Food,176,Chennai,Evening,37,UPI,Hotel Aryaas,50,4
103932,26,North Indian,541,Coimbatore,Lunch,34,UPI,Burger King,30,5
103933,38,Biryani,514,Chennai,Late Night,36,UPI,Dominos,50,5
103934,27,North Indian,612,Madurai,Breakfast,47,UPI,Anjappar,20,3
103935,29,South Indian,361,Chennai,Evening,16,UPI,Saravana Bhavan,20,5
103936,35,Biryani,494,Coimbatore,Lunch,20,Debit Card,Saravana Bhavan,50,5
103937,32,Chinese,457,Bangalore,Evening,28,Wallet,SS Hyderabad Biryani,20,4
103938,25,Pizza,416,Coimbatore,Late Night,48,Debit Card,Dominos,20,3
103939,25,South Indian,441,Coimbatore,Evening,42,UPI,Local Kitchen,20,4
103940,32,Pizza,290,Chennai,Late Night,33,Credit Card,Hotel Aryaas,0,4
103941,43,Biryani,590,Madurai,Evening,40,Debit Card,A2B,0,5
103942,52,Fast Food,263,Salem,Dinner,42,UPI,Anjappar,50,4
103943,22,Biryani,254,Coimbatore,Evening,39,UPI,SS Hyderabad Biryani,50,5
103944,31,Biryani,259,Chennai,Lunch,45,UPI,KFC,50,4
103945,23,Fast Food,749,Chennai,Evening,36,UPI,Chinese Wok,0,5
103946,18,North Indian,432,Madurai,Evening,39,Credit Card,Burger King,75,4
103947,39,Biryani,546,Bangalore,Lunch,39,UPI,Anjappar,20,5
103948,37,South Indian,698,Madurai,Lunch,30,UPI,A2B,75,4
103949,25,South Indian,348,Madurai,Lunch,33,Debit Card,KFC,20,5
103950,27,North Indian,537,Trichy,Lunch,39,Credit Card,Dominos,0,4
103951,19,North Indian,610,Trichy,Dinner,24,UPI,Dominos,30,4
103952,46,Chinese,485,Madurai,Evening,27,Debit Card,Burger King,30,5
103953,58,North Indian,394,Coimbatore,Dinner,31,UPI,Burger King,75,4
103954,25,Pizza,537,Coimbatore,Late Night,35,UPI,Anjappar,50,5
103955,27,North Indian,349,Bangalore,Evening,34,UPI,Saravana Bhavan,75,5
103956,49,Chinese,539,Bangalore,Evening,34,UPI,Saravana Bhavan,75,4
103957,54,Biryani,233,Bangalore,Lunch,35,Credit Card,Burger King,30,4
103958,32,Fast Food,521,Chennai,Evening,32,UPI,Dominos,75,5
103959,20,Chinese,521,Bangalore,Dinner,27,Debit Card,KFC,50,4
103960,20,Fast Food,475,Coimbatore,Lunch,34,Credit Card,Chinese Wok,0,4
103961,36,Fast Food,353,Bangalore,Lunch,40,Cash on Delivery,Anjappar,0,3
103962,31,South Indian,265,Chennai,Evening,43,Wallet,Dominos,0,4
103963,19,North Indian,209,Coimbatore,Dinner,15,UPI,Local Kitchen,30,5
103964,36,Biryani,705,Chennai,Dinner,24,UPI,Chinese Wok,0,5
103965,18,Pizza,316,Trichy,Late Night,43,Credit Card,Saravana Bhavan,100,5
103966,44,Chinese,346,Coimbatore,Late Night,31,UPI,SS Hyderabad Biryani,75,5
103967,29,North Indian,275,Chennai,Lunch,16,UPI,Burger King,50,5
103968,20,North Indian,634,Chennai,Breakfast,46,UPI,Dominos,75,4
103969,37,Pizza,382,Bangalore,Evening,44,Credit Card,Chinese Wok,75,5
103970,31,South Indian,488,Chennai,Evening,22,Credit Card,Local Kitchen,0,5
103971,58,Biryani,280,Salem,Evening,22,Credit Card,Saravana Bhavan,0,4
103972,35,South Indian,498,Bangalore,Lunch,64,UPI,Chinese Wok,50,3
103973,28,Pizza,342,Coimbatore,Lunch,25,UPI,Anjappar,20,4
103974,41,North Indian,590,Bangalore,Breakfast,46,UPI,A2B,30,3
103975,28,Pizza,639,Chennai,Dinner,49,Debit Card,A2B,30,3
103976,52,Biryani,336,Trichy,Late Night,19,Cash on Delivery,Chinese Wok,75,5
103977,31,South Indian,539,Coimbatore,Lunch,25,Debit Card,KFC,0,4
103978,35,Fast Food,751,Salem,Lunch,44,Wallet,Burger King,75,5
103979,20,Biryani,352,Bangalore,Breakfast,20,UPI,Dominos,20,5
103980,32,Biryani,1098,Trichy,Dinner,23,Credit Card,KFC,75,4
103981,46,Biryani,337,Chennai,Late Night,32,Cash on Delivery,KFC,0,4
103982,45,Pizza,504,Coimbatore,Lunch,33,UPI,A2B,0,4
103983,27,Fast Food,920,Madurai,Lunch,45,Debit Card,Local Kitchen,30,5
103984,27,Fast Food,458,Bangalore,Evening,40,Credit Card,Saravana Bhavan,75,4
103985,45,North Indian,428,Chennai,Evening,36,Wallet,Dominos,30,4
103986,54,Fast Food,612,Coimbatore,Dinner,33,UPI,KFC,0,5
103987,22,Biryani,581,Chennai,Evening,23,UPI,Chinese Wok,75,4
103988,33,Fast Food,389,Bangalore,Late Night,46,UPI,Anjappar,30,4
103989,30,Biryani,228,Coimbatore,Breakfast,35,UPI,Saravana Bhavan,30,5
103990,49,Biryani,435,Coimbatore,Dinner,41,Cash on Delivery,KFC,0,4
103991,22,Biryani,472,Chennai,Lunch,36,UPI,Anjappar,0,4
103992,26,South Indian,608,Coimbatore,Evening,35,Credit Card,Chinese Wok,30,5
103993,43,Biryani,521,Chennai,Dinner,35,Debit Card,Saravana Bhavan,20,4
103994,20,Fast Food,400,Salem,Late Night,34,UPI,A2B,0,4
103995,34,Pizza,488,Chennai,Dinner,33,Wallet,A2B,100,4
103996,32,South Indian,251,Salem,Dinner,28,Wallet,Burger King,0,4
103997,30,North Indian,476,Coimbatore,Dinner,39,Debit Card,SS Hyderabad Biryani,0,4
103998,31,South Indian,505,Coimbatore,Lunch,45,Wallet,Saravana Bhavan,100,4
103999,35,Fast Food,400,Chennai,Dinner,36,UPI,SS Hyderabad Biryani,0,5
104000,25,Chinese,547,Bangalore,Dinner,50,UPI,Local Kitchen,0,4
104001,36,Biryani,817,Madurai,Dinner,29,UPI,A2B,20,5
104002,45,Biryani,444,Coimbatore,Dinner,55,Wallet,Hotel Aryaas,0,4
104003,43,Chinese,597,Chennai,Dinner,38,Credit Card,Anjappar,75,5
104004,25,South Indian,723,Salem,Dinner,15,Cash on Delivery,Local Kitchen,20,5
104005,25,Pizza,302,Salem,Lunch,53,UPI,Saravana Bhavan,75,5
104006,28,North Indian,278,Coimbatore,Dinner,24,UPI,Burger King,30,5
104007,30,Fast Food,378,Bangalore,Dinner,36,Credit Card,Burger King,75,4
104008,32,South Indian,737,Coimbatore,Lunch,39,UPI,Anjappar,30,4
104009,40,South Indian,444,Coimbatore,Dinner,35,Cash on Delivery,SS Hyderabad Biryani,50,5
104010,20,North Indian,412,Chennai,Lunch,33,UPI,SS Hyderabad Biryani,30,5
104011,19,Pizza,341,Coimbatore,Breakfast,28,Debit Card,A2B,20,4
104012,31,North Indian,290,Trichy,Dinner,29,Credit Card,Saravana Bhavan,30,4
104013,41,Fast Food,340,Chennai,Late Night,46,Credit Card,Burger King,50,4
104014,26,Pizza,405,Bangalore,Breakfast,24,Debit Card,Local Kitchen,20,5
104015,39,Fast Food,365,Trichy,Dinner,35,UPI,SS Hyderabad Biryani,20,4
104016,28,Biryani,389,Chennai,Evening,41,Wallet,Dominos,75,4
104017,51,North Indian,702,Chennai,Dinner,23,UPI,Dominos,20,5
104018,51,Biryani,364,Madurai,Dinner,39,UPI,Chinese Wok,20,4
104019,29,North Indian,301,Chennai,Dinner,44,Debit Card,Hotel Aryaas,0,3
104020,27,Biryani,572,Chennai,Dinner,38,Credit Card,SS Hyderabad Biryani,20,4
104021,32,Pizza,387,Coimbatore,Dinner,45,Wallet,Saravana Bhavan,75,4
104022,27,Fast Food,396,Coimbatore,Lunch,34,Cash on Delivery,Chinese Wok,50,4
104023,40,Fast Food,340,Trichy,Lunch,26,UPI,Hotel Aryaas,0,5
104024,45,Biryani,440,Bangalore,Lunch,32,UPI,Local Kitchen,30,4
104025,40,South Indian,757,Coimbatore,Dinner,20,UPI,Dominos,100,5
104026,45,Fast Food,700,Bangalore,Lunch,58,UPI,Burger King,0,3
104027,31,Chinese,518,Salem,Lunch,34,Credit Card,KFC,75,4
104028,25,Biryani,360,Chennai,Dinner,15,Credit Card,Anjappar,30,4
104029,42,Biryani,536,Chennai,Dinner,27,Cash on Delivery,Burger King,20,4
104030,30,Biryani,807,Salem,Dinner,32,Wallet,Anjappar,100,4
104031,40,Fast Food,547,Salem,Lunch,21,UPI,Saravana Bhavan,50,5
104032,28,Pizza,489,Chennai,Evening,21,Credit Card,Dominos,20,4
104033,22,Pizza,296,Chennai,Lunch,31,Credit Card,Anjappar,0,5
104034,60,Fast Food,544,Coimbatore,Breakfast,39,Credit Card,Dominos,75,5
104035,25,South Indian,582,Chennai,Lunch,43,UPI,Anjappar,30,3
104036,59,Pizza,466,Bangalore,Evening,45,UPI,Burger King,0,4
104037,59,Fast Food,234,Chennai,Breakfast,28,Cash on Delivery,SS Hyderabad Biryani,20,4
104038,44,Fast Food,601,Chennai,Dinner,15,Debit Card,Local Kitchen,20,5
104039,39,South Indian,517,Coimbatore,Evening,52,Debit Card,A2B,50,3
104040,36,Biryani,489,Salem,Breakfast,32,Cash on Delivery,Hotel Aryaas,0,4
104041,49,Biryani,519,Coimbatore,Dinner,30,UPI,Dominos,30,5
104042,29,Biryani,315,Coimbatore,Dinner,46,UPI,Anjappar,0,4
104043,33,Chinese,382,Salem,Dinner,31,UPI,Anjappar,0,5
104044,38,Biryani,472,Bangalore,Evening,39,Debit Card,Anjappar,50,5
104045,32,Biryani,406,Coimbatore,Late Night,36,UPI,Hotel Aryaas,30,5
104046,32,Fast Food,457,Coimbatore,Late Night,22,Debit Card,Anjappar,20,5
104047,30,Biryani,351,Chennai,Dinner,23,UPI,Dominos,20,4
104048,36,Biryani,426,Bangalore,Evening,32,UPI,Burger King,100,5
104049,48,North Indian,870,Coimbatore,Breakfast,34,Cash on Delivery,SS Hyderabad Biryani,30,4
104050,26,Biryani,460,Chennai,Dinner,28,UPI,Local Kitchen,30,5
104051,55,Chinese,396,Chennai,Dinner,28,UPI,KFC,100,4
104052,40,Fast Food,299,Coimbatore,Late Night,33,Cash on Delivery,Saravana Bhavan,50,5
104053,45,Chinese,532,Bangalore,Dinner,27,Debit Card,Chinese Wok,20,5
104054,35,South Indian,456,Chennai,Late Night,43,UPI,A2B,30,4
104055,44,Fast Food,488,Chennai,Dinner,37,Credit Card,SS Hyderabad Biryani,20,4
104056,18,Pizza,330,Salem,Late Night,29,UPI,Dominos,30,4
104057,45,South Indian,411,Bangalore,Lunch,40,Credit Card,Anjappar,30,5
104058,20,Pizza,433,Chennai,Lunch,47,UPI,Local Kitchen,100,5
104059,51,Fast Food,214,Madurai,Dinner,36,Cash on Delivery,Dominos,50,4
104060,60,North Indian,516,Chennai,Dinner,20,Credit Card,SS Hyderabad Biryani,50,4
104061,29,Pizza,884,Madurai,Lunch,50,UPI,Burger King,0,4
104062,26,North Indian,505,Madurai,Dinner,51,Credit Card,A2B,20,5
104063,43,South Indian,536,Bangalore,Dinner,46,UPI,Hotel Aryaas,20,5
104064,28,South Indian,328,Madurai,Lunch,40,UPI,A2B,0,5
104065,49,Chinese,246,Chennai,Evening,39,Credit Card,Local Kitchen,75,4
104066,23,Pizza,514,Madurai,Late Night,35,UPI,SS Hyderabad Biryani,75,5
104067,24,North Indian,379,Chennai,Evening,35,Debit Card,Dominos,50,4
104068,59,Fast Food,448,Coimbatore,Dinner,22,Debit Card,Anjappar,0,4
104069,40,Pizza,318,Salem,Breakfast,23,Wallet,Saravana Bhavan,30,3
104070,47,Biryani,329,Bangalore,Dinner,25,Debit Card,Anjappar,30,5
104071,29,South Indian,1072,Salem,Late Night,15,Wallet,Burger King,30,4
104072,40,Biryani,604,Chennai,Evening,22,UPI,Dominos,50,4
104073,37,Fast Food,467,Coimbatore,Lunch,34,Credit Card,Hotel Aryaas,0,5
104074,37,North Indian,385,Chennai,Dinner,15,UPI,SS Hyderabad Biryani,0,5
104075,40,Biryani,1071,Bangalore,Late Night,24,UPI,KFC,20,5
104076,36,Chinese,433,Chennai,Lunch,32,Debit Card,Chinese Wok,30,3
104077,32,South Indian,507,Chennai,Evening,26,UPI,Hotel Aryaas,30,4
104078,28,Biryani,734,Chennai,Lunch,31,UPI,Burger King,20,4
104079,43,Fast Food,338,Madurai,Evening,37,UPI,Saravana Bhavan,0,5
104080,27,South Indian,693,Chennai,Dinner,44,UPI,Saravana Bhavan,30,4
104081,41,Biryani,684,Trichy,Late Night,27,UPI,Chinese Wok,0,4
104082,27,Pizza,262,Chennai,Evening,31,UPI,Anjappar,20,5
104083,38,North Indian,521,Chennai,Dinner,15,UPI,A2B,0,5
104084,43,Biryani,422,Coimbatore,Dinner,40,Cash on Delivery,Burger King,0,3
104085,27,Biryani,354,Salem,Lunch,25,UPI,Saravana Bhavan,0,5
104086,21,South Indian,465,Chennai,Dinner,37,UPI,Chinese Wok,20,5
104087,24,Chinese,659,Chennai,Dinner,31,UPI,A2B,0,4
104088,37,Fast Food,512,Madurai,Lunch,56,UPI,Chinese Wok,0,3
104089,47,Biryani,269,Coimbatore,Lunch,52,UPI,Local Kitchen,20,3
104090,20,South Indian,502,Madurai,Evening,40,Debit Card,SS Hyderabad Biryani,75,4
104091,42,North Indian,390,Chennai,Evening,38,Wallet,Chinese Wok,75,4
104092,30,Fast Food,496,Coimbatore,Lunch,37,Debit Card,Local Kitchen,75,4
104093,33,South Indian,663,Chennai,Late Night,29,Cash on Delivery,SS Hyderabad Biryani,20,5
104094,54,North Indian,670,Coimbatore,Evening,26,Debit Card,Dominos,75,4
104095,30,Chinese,372,Madurai,Dinner,25,UPI,Chinese Wok,100,5
104096,33,Chinese,323,Madurai,Lunch,28,Debit Card,SS Hyderabad Biryani,100,3
104097,18,South Indian,438,Bangalore,Late Night,38,Debit Card,Anjappar,0,4
104098,22,North Indian,492,Salem,Dinner,32,UPI,KFC,75,4
104099,28,Chinese,341,Chennai,Dinner,15,Cash on Delivery,Burger King,20,4
104100,19,North Indian,770,Chennai,Evening,60,Wallet,Hotel Aryaas,20,4
104101,38,Chinese,437,Bangalore,Evening,32,Credit Card,KFC,50,5
104102,32,Chinese,929,Bangalore,Dinner,55,UPI,KFC,50,4
104103,35,Fast Food,412,Chennai,Dinner,30,UPI,Chinese Wok,75,4
104104,26,Fast Food,491,Bangalore,Dinner,32,Credit Card,Local Kitchen,100,4
104105,29,Pizza,324,Coimbatore,Breakfast,43,UPI,SS Hyderabad Biryani,50,5
104106,39,Fast Food,619,Madurai,Late Night,31,UPI,Burger King,0,4
104107,57,South Indian,578,Trichy,Late Night,38,UPI,Hotel Aryaas,30,4
104108,20,Fast Food,325,Bangalore,Dinner,31,Credit Card,Anjappar,20,4
104109,51,Pizza,490,Chennai,Lunch,29,Credit Card,KFC,75,4
104110,36,Biryani,531,Bangalore,Dinner,49,Credit Card,Hotel Aryaas,30,4
104111,36,Pizza,568,Madurai,Dinner,22,UPI,A2B,75,5
104112,34,South Indian,816,Chennai,Dinner,29,Wallet,Hotel Aryaas,100,5
104113,21,Biryani,976,Coimbatore,Dinner,52,Credit Card,KFC,20,4
104114,22,South Indian,489,Salem,Breakfast,31,Credit Card,A2B,0,4
104115,37,Fast Food,653,Coimbatore,Dinner,19,Credit Card,KFC,0,5
104116,30,Fast Food,369,Chennai,Evening,40,Credit Card,A2B,30,4
104117,53,Fast Food,857,Chennai,Late Night,34,Wallet,Local Kitchen,75,4
104118,32,Biryani,415,Bangalore,Lunch,38,Credit Card,Chinese Wok,50,5
104119,25,North Indian,544,Salem,Lunch,35,Credit Card,SS Hyderabad Biryani,75,5
104120,41,Biryani,446,Bangalore,Dinner,23,Debit Card,Anjappar,100,3
104121,29,Chinese,696,Coimbatore,Lunch,36,UPI,Hotel Aryaas,0,5
104122,35,Fast Food,245,Bangalore,Dinner,47,UPI,Hotel Aryaas,0,5
104123,41,Chinese,371,Bangalore,Lunch,29,UPI,Local Kitchen,20,5
104124,52,Fast Food,542,Bangalore,Dinner,25,UPI,Chinese Wok,75,5
104125,44,Chinese,773,Chennai,Dinner,32,UPI,Anjappar,50,5
104126,40,Chinese,262,Bangalore,Evening,32,UPI,Anjappar,0,4
104127,40,Chinese,529,Coimbatore,Late Night,31,Credit Card,Burger King,0,3
104128,56,Biryani,362,Chennai,Lunch,46,Credit Card,Local Kitchen,100,3
104129,29,Chinese,280,Bangalore,Evening,36,UPI,Saravana Bhavan,30,4
104130,18,Fast Food,533,Salem,Evening,51,UPI,KFC,30,4
104131,28,Biryani,840,Coimbatore,Dinner,36,UPI,Saravana Bhavan,0,4
104132,27,Fast Food,473,Salem,Evening,38,Cash on Delivery,Burger King,30,5
104133,39,South Indian,617,Chennai,Breakfast,56,UPI,Hotel Aryaas,75,3
104134,38,South Indian,341,Madurai,Late Night,37,UPI,Local Kitchen,75,2
104135,37,Chinese,260,Chennai,Evening,31,UPI,Anjappar,30,5
104136,18,Fast Food,349,Chennai,Lunch,25,Wallet,Local Kitchen,30,4
104137,42,Fast Food,490,Bangalore,Evening,25,Credit Card,Local Kitchen,50,4
104138,29,Biryani,432,Bangalore,Lunch,30,UPI,SS Hyderabad Biryani,20,5
104139,39,Chinese,290,Madurai,Lunch,32,UPI,SS Hyderabad Biryani,20,4
104140,35,South Indian,318,Bangalore,Lunch,15,Cash on Delivery,Local Kitchen,0,5
104141,30,Fast Food,583,Bangalore,Lunch,34,UPI,Saravana Bhavan,0,4
104142,24,Chinese,751,Salem,Lunch,15,Debit Card,SS Hyderabad Biryani,100,4
104143,22,South Indian,516,Coimbatore,Evening,47,Credit Card,SS Hyderabad Biryani,75,5
104144,46,South Indian,468,Chennai,Dinner,15,Credit Card,Anjappar,20,5
104145,53,South Indian,360,Chennai,Dinner,36,Cash on Delivery,Chinese Wok,75,5
104146,39,Chinese,188,Coimbatore,Breakfast,35,UPI,A2B,50,4
104147,23,Chinese,688,Madurai,Late Night,47,Cash on Delivery,Saravana Bhavan,100,3
104148,31,Fast Food,441,Chennai,Dinner,35,Debit Card,Dominos,0,4
104149,42,Biryani,1009,Chennai,Late Night,33,Cash on Delivery,Dominos,30,4
104150,44,Biryani,411,Chennai,Evening,37,UPI,Hotel Aryaas,50,4
104151,24,Chinese,478,Bangalore,Dinner,29,UPI,Anjappar,75,5
104152,18,Pizza,439,Chennai,Lunch,29,UPI,Burger King,75,5
104153,41,Fast Food,335,Chennai,Dinner,36,Credit Card,Local Kitchen,20,3
104154,30,Biryani,655,Bangalore,Lunch,31,UPI,A2B,50,5
104155,28,Chinese,305,Madurai,Lunch,40,Wallet,SS Hyderabad Biryani,75,5
104156,18,Pizza,436,Coimbatore,Evening,25,Debit Card,Hotel Aryaas,30,4
104157,35,Pizza,341,Bangalore,Dinner,44,Debit Card,Burger King,30,3
104158,48,South Indian,407,Chennai,Dinner,39,Credit Card,Hotel Aryaas,20,4
104159,57,Pizza,536,Salem,Lunch,34,Credit Card,Chinese Wok,0,4
104160,36,Biryani,946,Coimbatore,Evening,19,UPI,Burger King,75,4
104161,34,Biryani,679,Salem,Late Night,42,Cash on Delivery,Dominos,30,4
104162,22,Biryani,517,Salem,Dinner,54,Credit Card,Saravana Bhavan,0,4
104163,35,Chinese,518,Madurai,Dinner,29,UPI,Chinese Wok,75,4
104164,31,Biryani,232,Chennai,Dinner,43,Cash on Delivery,Anjappar,75,3
104165,37,South Indian,741,Bangalore,Lunch,33,Cash on Delivery,Burger King,20,4
104166,31,South Indian,576,Chennai,Lunch,23,UPI,A2B,50,5
104167,27,Fast Food,596,Trichy,Lunch,26,Cash on Delivery,SS Hyderabad Biryani,0,5
104168,22,Pizza,186,Madurai,Evening,33,UPI,Hotel Aryaas,100,5
104169,29,Biryani,500,Salem,Dinner,39,UPI,Burger King,0,4
104170,23,Fast Food,341,Bangalore,Evening,19,UPI,Local Kitchen,75,5
104171,26,Pizza,463,Bangalore,Lunch,27,Cash on Delivery,Burger King,100,5
104172,59,Biryani,416,Bangalore,Evening,34,Credit Card,Hotel Aryaas,20,4
104173,33,Chinese,514,Coimbatore,Lunch,21,Cash on Delivery,Hotel Aryaas,75,4
104174,35,Pizza,477,Coimbatore,Dinner,38,Debit Card,A2B,75,4
104175,50,North Indian,309,Bangalore,Lunch,51,Cash on Delivery,KFC,100,5
104176,60,Pizza,586,Salem,Evening,33,Wallet,Anjappar,50,4
104177,36,Fast Food,363,Bangalore,Dinner,41,Cash on Delivery,SS Hyderabad Biryani,30,4
104178,45,South Indian,589,Trichy,Lunch,21,UPI,Dominos,0,5
104179,30,Biryani,342,Trichy,Breakfast,28,UPI,Chinese Wok,30,5
104180,29,Fast Food,372,Bangalore,Dinner,44,Credit Card,KFC,20,4
104181,31,Biryani,444,Coimbatore,Breakfast,20,UPI,Chinese Wok,0,4
104182,40,Fast Food,456,Bangalore,Dinner,27,Cash on Delivery,A2B,20,4
104183,40,Pizza,439,Coimbatore,Dinner,45,Wallet,Burger King,50,3
104184,29,Fast Food,338,Chennai,Lunch,28,UPI,Burger King,20,4
104185,24,South Indian,985,Coimbatore,Evening,15,UPI,Saravana Bhavan,0,5
104186,38,South Indian,360,Salem,Late Night,28,Credit Card,A2B,50,5
104187,24,South Indian,313,Chennai,Evening,51,Debit Card,Saravana Bhavan,75,4
104188,36,North Indian,303,Madurai,Late Night,48,Credit Card,Saravana Bhavan,0,4
104189,41,Fast Food,342,Trichy,Lunch,33,UPI,Hotel Aryaas,75,5
104190,41,Chinese,281,Bangalore,Dinner,32,UPI,Saravana Bhavan,50,5
104191,43,South Indian,536,Bangalore,Dinner,58,Debit Card,Saravana Bhavan,30,4
104192,49,Biryani,367,Madurai,Dinner,25,Debit Card,KFC,0,4
104193,34,South Indian,514,Coimbatore,Breakfast,28,UPI,Burger King,100,5
104194,42,Pizza,358,Chennai,Lunch,45,UPI,KFC,0,4
104195,38,Biryani,528,Salem,Lunch,25,Credit Card,Local Kitchen,50,5
104196,26,Biryani,766,Coimbatore,Late Night,38,Credit Card,KFC,50,5
104197,19,Biryani,299,Bangalore,Evening,22,Cash on Delivery,Anjappar,100,5
104198,28,Pizza,677,Bangalore,Late Night,49,UPI,Dominos,100,4
104199,33,Chinese,671,Chennai,Lunch,30,Wallet,Chinese Wok,20,5
104200,38,South Indian,580,Salem,Lunch,28,UPI,Anjappar,0,4
104201,47,South Indian,347,Madurai,Lunch,26,Debit Card,Burger King,20,3
104202,26,Pizza,250,Chennai,Dinner,23,Debit Card,Burger King,100,5
104203,24,Pizza,318,Salem,Dinner,31,Credit Card,Hotel Aryaas,50,5
104204,57,Pizza,707,Madurai,Evening,15,UPI,KFC,75,4
104205,23,Pizza,656,Coimbatore,Late Night,23,UPI,Chinese Wok,0,5
104206,33,Chinese,410,Bangalore,Lunch,34,Credit Card,Burger King,0,5
104207,37,South Indian,529,Chennai,Dinner,35,Debit Card,A2B,0,4
104208,35,Pizza,612,Bangalore,Dinner,33,UPI,Anjappar,0,4
104209,22,North Indian,483,Chennai,Lunch,26,UPI,SS Hyderabad Biryani,75,5
104210,20,Biryani,282,Bangalore,Breakfast,49,Cash on Delivery,Burger King,75,3
104211,23,Biryani,422,Bangalore,Evening,43,Cash on Delivery,SS Hyderabad Biryani,75,4
104212,37,North Indian,359,Trichy,Breakfast,33,UPI,Saravana Bhavan,20,5
104213,35,Fast Food,397,Madurai,Late Night,33,Wallet,Chinese Wok,30,5
104214,27,Pizza,490,Chennai,Late Night,29,Credit Card,Burger King,0,5
104215,38,Fast Food,453,Trichy,Dinner,28,Credit Card,Anjappar,20,5
104216,45,Biryani,255,Bangalore,Dinner,32,UPI,Saravana Bhavan,0,5
104217,20,Biryani,771,Bangalore,Lunch,43,Debit Card,Burger King,30,4
104218,34,Biryani,332,Chennai,Breakfast,30,Cash on Delivery,Hotel Aryaas,0,4
104219,40,Fast Food,339,Trichy,Dinner,47,UPI,Local Kitchen,20,4
104220,28,South Indian,265,Salem,Dinner,27,Credit Card,Anjappar,100,4
104221,29,Chinese,570,Madurai,Dinner,49,Cash on Delivery,Burger King,100,3
104222,38,North Indian,276,Salem,Dinner,31,Wallet,KFC,50,4
104223,52,South Indian,438,Coimbatore,Evening,41,UPI,KFC,20,4
104224,45,South Indian,625,Trichy,Lunch,57,Debit Card,KFC,0,4
104225,36,South Indian,1200,Coimbatore,Dinner,58,UPI,Anjappar,0,4
104226,42,South Indian,533,Chennai,Evening,21,Credit Card,Chinese Wok,20,4
104227,30,South Indian,481,Bangalore,Dinner,44,Debit Card,Burger King,30,5
104228,39,Biryani,916,Madurai,Evening,25,Credit Card,Anjappar,0,5
104229,33,Biryani,374,Coimbatore,Lunch,38,UPI,Local Kitchen,75,3
104230,26,Biryani,701,Chennai,Lunch,39,Credit Card,Hotel Aryaas,50,5
104231,41,Biryani,406,Chennai,Dinner,43,UPI,Chinese Wok,20,4
104232,35,Chinese,1196,Coimbatore,Dinner,21,UPI,KFC,75,4
104233,30,Biryani,804,Chennai,Evening,22,Credit Card,KFC,20,4
104234,53,North Indian,337,Chennai,Evening,26,Wallet,Burger King,75,4
104235,19,North Indian,632,Coimbatore,Dinner,40,Debit Card,Burger King,30,4
104236,29,North Indian,405,Salem,Lunch,36,UPI,KFC,30,4
104237,20,North Indian,551,Madurai,Evening,38,Cash on Delivery,Hotel Aryaas,0,4
104238,43,Fast Food,543,Coimbatore,Lunch,22,UPI,Hotel Aryaas,20,4
104239,41,South Indian,192,Salem,Evening,36,UPI,Burger King,50,5
104240,30,Biryani,636,Bangalore,Evening,27,Credit Card,Dominos,20,5
104241,40,Pizza,249,Coimbatore,Lunch,28,UPI,SS Hyderabad Biryani,0,4
104242,31,Pizza,585,Coimbatore,Evening,33,Debit Card,Local Kitchen,0,3
104243,43,Pizza,573,Coimbatore,Evening,19,Debit Card,Anjappar,50,4
104244,33,South Indian,546,Chennai,Lunch,39,Debit Card,Saravana Bhavan,50,4
104245,32,Chinese,479,Coimbatore,Late Night,20,UPI,SS Hyderabad Biryani,50,4
104246,55,Biryani,583,Bangalore,Breakfast,30,UPI,KFC,50,5
104247,28,Biryani,528,Bangalore,Dinner,41,Cash on Delivery,Burger King,100,4
104248,24,Chinese,297,Madurai,Lunch,19,UPI,A2B,100,5
104249,36,South Indian,368,Coimbatore,Dinner,20,Credit Card,Dominos,20,5
104250,58,North Indian,373,Madurai,Late Night,44,UPI,A2B,50,5
104251,31,Biryani,314,Bangalore,Evening,23,UPI,Anjappar,50,5
104252,21,Pizza,660,Salem,Dinner,44,UPI,KFC,0,5
104253,30,South Indian,420,Coimbatore,Lunch,38,UPI,Anjappar,50,4
104254,34,Pizza,384,Trichy,Lunch,21,Wallet,Chinese Wok,75,5
104255,25,Pizza,470,Trichy,Lunch,36,Wallet,Hotel Aryaas,0,3
104256,39,North Indian,178,Bangalore,Lunch,39,Credit Card,Local Kitchen,30,5
104257,60,Fast Food,449,Bangalore,Evening,20,Credit Card,Hotel Aryaas,0,5
104258,33,North Indian,600,Chennai,Evening,35,UPI,KFC,100,4
104259,30,Biryani,416,Salem,Evening,42,Debit Card,A2B,0,4
104260,31,Biryani,311,Chennai,Dinner,33,UPI,Chinese Wok,50,5
104261,23,South Indian,334,Bangalore,Lunch,35,UPI,Saravana Bhavan,30,5
104262,50,Pizza,560,Coimbatore,Breakfast,33,UPI,KFC,0,5
104263,32,South Indian,497,Coimbatore,Evening,44,UPI,Saravana Bhavan,50,4
104264,31,Pizza,350,Bangalore,Evening,33,UPI,SS Hyderabad Biryani,20,4
104265,39,Chinese,625,Trichy,Breakfast,27,UPI,Saravana Bhavan,50,5
104266,32,Biryani,980,Coimbatore,Lunch,32,Wallet,KFC,0,3
104267,39,North Indian,549,Salem,Evening,18,Debit Card,A2B,20,5
104268,21,Biryani,421,Bangalore,Lunch,15,Credit Card,Chinese Wok,20,5
104269,45,North Indian,137,Chennai,Dinner,26,UPI,Dominos,30,4
104270,55,Fast Food,583,Chennai,Lunch,49,UPI,Local Kitchen,30,4
104271,39,South Indian,500,Madurai,Breakfast,44,Credit Card,Anjappar,30,3
104272,57,South Indian,400,Chennai,Evening,18,Debit Card,Anjappar,0,4
104273,25,Biryani,952,Coimbatore,Late Night,24,Wallet,Local Kitchen,30,4
104274,33,Fast Food,725,Chennai,Dinner,28,UPI,SS Hyderabad Biryani,0,5
104275,37,Biryani,520,Coimbatore,Evening,32,UPI,Dominos,20,5
104276,36,Biryani,240,Madurai,Breakfast,24,Credit Card,Dominos,100,5
104277,31,Biryani,371,Coimbatore,Evening,28,Wallet,Chinese Wok,75,5
104278,30,South Indian,438,Chennai,Lunch,44,Credit Card,Local Kitchen,20,3
104279,24,Pizza,416,Chennai,Dinner,24,Credit Card,Hotel Aryaas,0,5
104280,31,South Indian,521,Coimbatore,Dinner,40,UPI,Hotel Aryaas,30,3
104281,25,North Indian,325,Chennai,Lunch,42,Cash on Delivery,KFC,0,4
104282,42,Chinese,292,Bangalore,Breakfast,58,Credit Card,SS Hyderabad Biryani,30,3
104283,26,Chinese,728,Bangalore,Dinner,27,UPI,Local Kitchen,30,4
104284,21,Chinese,271,Chennai,Dinner,23,Credit Card,Hotel Aryaas,100,5
104285,35,South Indian,982,Coimbatore,Dinner,17,Debit Card,Burger King,0,5
104286,37,Chinese,501,Coimbatore,Lunch,41,UPI,Anjappar,75,4
104287,49,Biryani,568,Coimbatore,Dinner,38,UPI,Anjappar,100,5
104288,36,Pizza,418,Bangalore,Lunch,33,UPI,KFC,30,5
104289,30,Pizza,570,Coimbatore,Lunch,37,Wallet,Anjappar,30,4
104290,45,Fast Food,692,Coimbatore,Dinner,35,UPI,SS Hyderabad Biryani,0,4
104291,35,Pizza,545,Madurai,Dinner,30,UPI,Saravana Bhavan,50,5
104292,22,Biryani,317,Chennai,Lunch,31,UPI,SS Hyderabad Biryani,50,4
104293,36,Biryani,210,Bangalore,Dinner,33,Credit Card,Saravana Bhavan,50,4
104294,53,Biryani,485,Bangalore,Dinner,59,UPI,Chinese Wok,0,3
104295,31,Pizza,432,Coimbatore,Lunch,43,Cash on Delivery,SS Hyderabad Biryani,50,5
104296,29,Chinese,514,Madurai,Dinner,22,UPI,KFC,0,5
104297,25,Pizza,605,Bangalore,Evening,38,UPI,A2B,20,4
104298,25,Biryani,333,Coimbatore,Dinner,34,Credit Card,Local Kitchen,20,4
104299,32,South Indian,203,Bangalore,Evening,52,UPI,KFC,50,2
104300,37,Chinese,444,Trichy,Evening,47,UPI,Anjappar,30,4
104301,22,Biryani,409,Salem,Dinner,33,Wallet,Dominos,50,5
104302,55,Chinese,310,Bangalore,Lunch,34,Credit Card,Local Kitchen,50,4
104303,43,Biryani,609,Trichy,Breakfast,23,Cash on Delivery,Dominos,50,4
104304,37,Biryani,481,Chennai,Dinner,41,UPI,KFC,20,5
104305,46,South Indian,701,Bangalore,Dinner,45,Credit Card,Chinese Wok,50,4
104306,22,Chinese,613,Chennai,Evening,35,Debit Card,SS Hyderabad Biryani,50,5
104307,33,Biryani,639,Chennai,Lunch,37,UPI,Dominos,0,4
104308,38,Biryani,393,Bangalore,Dinner,31,Credit Card,A2B,100,4
104309,46,Biryani,251,Madurai,Breakfast,43,Cash on Delivery,Saravana Bhavan,0,4
104310,44,Fast Food,396,Coimbatore,Evening,21,UPI,Saravana Bhavan,50,4
104311,28,Fast Food,710,Bangalore,Breakfast,23,UPI,KFC,30,5
104312,55,Fast Food,316,Coimbatore,Dinner,43,Cash on Delivery,Local Kitchen,20,4
104313,24,Chinese,524,Coimbatore,Breakfast,20,UPI,Dominos,30,5
104314,50,South Indian,256,Coimbatore,Dinner,28,Credit Card,Burger King,75,5
104315,58,Pizza,339,Coimbatore,Dinner,31,UPI,KFC,75,5
104316,26,Chinese,822,Coimbatore,Evening,39,Debit Card,Dominos,20,5
104317,42,Biryani,690,Bangalore,Lunch,36,Debit Card,Chinese Wok,20,4
104318,20,Biryani,470,Chennai,Lunch,15,Credit Card,SS Hyderabad Biryani,0,5
104319,32,Pizza,419,Chennai,Lunch,40,Wallet,Burger King,20,5
104320,34,Biryani,492,Bangalore,Evening,32,UPI,Chinese Wok,50,5
104321,36,Biryani,356,Bangalore,Dinner,45,Cash on Delivery,Hotel Aryaas,30,5
104322,55,Biryani,439,Coimbatore,Breakfast,24,Credit Card,SS Hyderabad Biryani,50,4
104323,40,Chinese,506,Chennai,Dinner,50,Debit Card,A2B,75,4
104324,34,South Indian,455,Coimbatore,Dinner,22,UPI,Hotel Aryaas,20,5
104325,45,North Indian,408,Madurai,Evening,29,UPI,Chinese Wok,50,4
104326,56,Pizza,419,Trichy,Lunch,47,Debit Card,Hotel Aryaas,30,4
104327,19,Fast Food,272,Madurai,Dinner,57,UPI,Dominos,0,3
104328,59,Fast Food,911,Chennai,Dinner,22,UPI,Chinese Wok,20,5
104329,22,Fast Food,524,Bangalore,Late Night,59,UPI,Chinese Wok,0,4
104330,45,Biryani,357,Chennai,Evening,15,Debit Card,Anjappar,75,5
104331,28,Biryani,254,Coimbatore,Late Night,42,Debit Card,KFC,50,4
104332,24,Biryani,511,Chennai,Breakfast,52,Cash on Delivery,Saravana Bhavan,75,4
104333,32,Biryani,584,Madurai,Evening,24,Cash on Delivery,Hotel Aryaas,30,5
104334,39,Fast Food,334,Bangalore,Evening,46,Debit Card,Local Kitchen,30,5
104335,31,Fast Food,447,Bangalore,Evening,29,UPI,Saravana Bhavan,30,5
104336,20,North Indian,684,Bangalore,Dinner,27,UPI,SS Hyderabad Biryani,20,4
104337,37,South Indian,827,Chennai,Lunch,20,UPI,SS Hyderabad Biryani,75,5
104338,52,North Indian,255,Coimbatore,Dinner,33,UPI,Local Kitchen,30,5
104339,31,Fast Food,260,Bangalore,Dinner,35,Wallet,Saravana Bhavan,0,5
104340,27,South Indian,297,Bangalore,Late Night,22,Cash on Delivery,Anjappar,50,4
104341,33,Fast Food,651,Madurai,Breakfast,48,UPI,KFC,20,4
104342,20,Biryani,748,Coimbatore,Dinner,28,Wallet,Saravana Bhavan,0,4
104343,45,Biryani,647,Madurai,Evening,34,Cash on Delivery,SS Hyderabad Biryani,50,5
104344,45,North Indian,360,Coimbatore,Evening,36,Cash on Delivery,Chinese Wok,20,4
104345,37,North Indian,711,Bangalore,Dinner,64,UPI,KFC,0,4
104346,30,Biryani,333,Coimbatore,Lunch,47,UPI,A2B,50,4
104347,44,Biryani,525,Salem,Lunch,42,Credit Card,Burger King,75,4
104348,35,South Indian,373,Chennai,Dinner,30,UPI,Hotel Aryaas,20,5
104349,45,Biryani,398,Bangalore,Evening,38,Credit Card,Dominos,0,5
104350,38,Fast Food,344,Bangalore,Lunch,39,UPI,Anjappar,0,5
104351,44,Biryani,508,Chennai,Evening,34,Cash on Delivery,Anjappar,75,5
104352,37,South Indian,597,Chennai,Evening,44,UPI,Burger King,20,4
104353,32,Fast Food,463,Madurai,Dinner,65,Credit Card,KFC,75,4
104354,57,Fast Food,379,Chennai,Breakfast,23,Cash on Delivery,KFC,50,4
104355,35,Biryani,675,Chennai,Dinner,38,Cash on Delivery,KFC,30,4
104356,37,South Indian,649,Salem,Dinner,38,Debit Card,Hotel Aryaas,50,5
104357,27,North Indian,1171,Madurai,Dinner,32,Credit Card,Burger King,20,4
104358,38,Fast Food,399,Chennai,Dinner,27,UPI,Dominos,0,4
104359,36,Pizza,630,Bangalore,Evening,27,UPI,Burger King,0,5
104360,26,Pizza,582,Bangalore,Lunch,56,UPI,Burger King,75,4
104361,21,North Indian,579,Trichy,Lunch,36,UPI,Anjappar,50,4
104362,37,Pizza,372,Madurai,Lunch,44,Cash on Delivery,Local Kitchen,100,5
104363,43,Chinese,254,Trichy,Breakfast,31,UPI,Anjappar,50,3
104364,35,Pizza,429,Chennai,Dinner,38,UPI,Chinese Wok,20,5
104365,27,Biryani,300,Bangalore,Dinner,39,Debit Card,SS Hyderabad Biryani,100,4
104366,40,South Indian,356,Chennai,Evening,32,Debit Card,SS Hyderabad Biryani,30,4
104367,22,North Indian,469,Chennai,Lunch,37,UPI,KFC,100,5
104368,32,Pizza,446,Madurai,Lunch,47,UPI,Anjappar,0,5
104369,25,North Indian,507,Chennai,Dinner,23,Credit Card,Dominos,20,4
104370,26,Pizza,284,Bangalore,Dinner,36,Credit Card,SS Hyderabad Biryani,20,5
104371,26,Pizza,462,Trichy,Lunch,40,Credit Card,Hotel Aryaas,0,5
104372,31,Chinese,738,Coimbatore,Dinner,42,UPI,A2B,50,4
104373,20,Pizza,424,Chennai,Lunch,44,UPI,A2B,75,4
104374,31,South Indian,536,Madurai,Lunch,41,UPI,Saravana Bhavan,75,4
104375,34,North Indian,499,Salem,Breakfast,46,Credit Card,Hotel Aryaas,50,4
104376,34,Pizza,606,Madurai,Dinner,30,UPI,Local Kitchen,20,4
104377,31,Pizza,527,Bangalore,Lunch,49,Wallet,Anjappar,20,5
104378,47,Chinese,311,Chennai,Breakfast,35,Credit Card,Hotel Aryaas,20,4
104379,25,Fast Food,293,Chennai,Lunch,43,Credit Card,KFC,20,3
104380,34,Biryani,396,Madurai,Lunch,21,UPI,A2B,30,5
104381,21,North Indian,766,Chennai,Dinner,41,UPI,Saravana Bhavan,75,5
104382,21,South Indian,423,Trichy,Lunch,36,UPI,Burger King,0,3
104383,36,Fast Food,482,Coimbatore,Dinner,31,UPI,Chinese Wok,50,4
104384,36,Biryani,464,Bangalore,Lunch,47,Credit Card,Local Kitchen,30,5
104385,50,Pizza,171,Madurai,Lunch,36,Debit Card,KFC,50,5
104386,36,Pizza,499,Madurai,Lunch,36,Cash on Delivery,Dominos,75,4
104387,57,Pizza,637,Bangalore,Lunch,20,Debit Card,Dominos,100,4
104388,20,Chinese,476,Salem,Breakfast,27,Cash on Delivery,Hotel Aryaas,0,5
104389,23,Fast Food,387,Salem,Lunch,36,Wallet,SS Hyderabad Biryani,75,4
104390,20,Fast Food,477,Salem,Dinner,27,Wallet,Local Kitchen,0,5
104391,26,Biryani,295,Trichy,Dinner,49,Credit Card,Burger King,0,4
104392,35,Pizza,238,Madurai,Dinner,31,UPI,Saravana Bhavan,75,4
104393,39,Biryani,462,Bangalore,Lunch,24,UPI,SS Hyderabad Biryani,100,4
104394,20,Chinese,567,Chennai,Evening,23,Wallet,SS Hyderabad Biryani,20,4
104395,56,South Indian,566,Chennai,Lunch,33,UPI,A2B,0,5
104396,47,South Indian,789,Chennai,Dinner,43,UPI,SS Hyderabad Biryani,75,4
104397,29,North Indian,374,Chennai,Late Night,25,UPI,SS Hyderabad Biryani,75,5
104398,22,Biryani,380,Coimbatore,Dinner,24,Debit Card,Burger King,0,5
104399,25,Pizza,428,Chennai,Breakfast,28,Cash on Delivery,SS Hyderabad Biryani,100,4
104400,24,Biryani,777,Trichy,Lunch,33,Credit Card,Dominos,50,4
104401,24,Biryani,243,Trichy,Breakfast,23,UPI,Anjappar,20,5
104402,34,South Indian,683,Chennai,Breakfast,35,Debit Card,Local Kitchen,30,5
104403,27,Biryani,430,Chennai,Breakfast,50,Credit Card,Dominos,20,3
104404,30,Pizza,446,Trichy,Lunch,34,UPI,A2B,50,5
104405,60,South Indian,200,Trichy,Lunch,30,Cash on Delivery,Dominos,30,5
104406,40,Biryani,481,Salem,Evening,45,Debit Card,Local Kitchen,50,4
104407,56,Biryani,292,Salem,Evening,22,UPI,KFC,30,5
104408,25,South Indian,577,Salem,Dinner,39,UPI,Burger King,0,4
104409,31,Pizza,704,Coimbatore,Lunch,34,UPI,Dominos,75,5
104410,35,South Indian,633,Chennai,Lunch,51,Cash on Delivery,SS Hyderabad Biryani,30,4
104411,21,South Indian,259,Madurai,Dinner,47,Credit Card,KFC,50,5
104412,18,Pizza,384,Coimbatore,Dinner,15,UPI,Burger King,20,3
104413,40,South Indian,256,Trichy,Lunch,36,UPI,Local Kitchen,20,4
104414,39,Fast Food,525,Bangalore,Dinner,19,Credit Card,SS Hyderabad Biryani,20,5
104415,32,South Indian,475,Madurai,Lunch,45,UPI,KFC,20,4
104416,34,Chinese,634,Chennai,Evening,24,Credit Card,Burger King,20,5
104417,32,Chinese,480,Bangalore,Evening,42,UPI,Local Kitchen,20,4
104418,19,Chinese,391,Bangalore,Lunch,46,Cash on Delivery,SS Hyderabad Biryani,0,4
104419,30,North Indian,277,Salem,Dinner,16,Debit Card,Chinese Wok,0,5
104420,26,Biryani,326,Chennai,Evening,49,UPI,Local Kitchen,100,5
104421,23,North Indian,631,Salem,Lunch,45,UPI,Local Kitchen,0,5
104422,57,South Indian,275,Trichy,Late Night,23,Credit Card,SS Hyderabad Biryani,20,4
104423,37,Chinese,439,Madurai,Lunch,46,Debit Card,Chinese Wok,75,3
104424,42,Biryani,421,Madurai,Dinner,22,Debit Card,Burger King,0,4
104425,29,Fast Food,435,Bangalore,Lunch,43,Cash on Delivery,Chinese Wok,50,4
104426,31,Pizza,429,Chennai,Evening,33,UPI,Burger King,20,5
104427,27,Chinese,309,Chennai,Lunch,20,UPI,Anjappar,0,5
104428,23,Biryani,609,Trichy,Dinner,49,Credit Card,A2B,0,4
104429,26,South Indian,525,Madurai,Dinner,49,Debit Card,Local Kitchen,75,4
104430,44,Biryani,398,Chennai,Breakfast,36,Debit Card,Anjappar,20,5
104431,40,North Indian,484,Bangalore,Breakfast,34,UPI,A2B,30,5
104432,35,North Indian,423,Coimbatore,Late Night,30,Wallet,Burger King,20,4
104433,33,Biryani,409,Chennai,Dinner,40,UPI,Saravana Bhavan,75,3
104434,54,Pizza,676,Bangalore,Evening,38,UPI,Anjappar,0,4
104435,21,North Indian,480,Coimbatore,Evening,49,UPI,Hotel Aryaas,100,4
104436,28,Fast Food,394,Chennai,Dinner,36,UPI,SS Hyderabad Biryani,0,5
104437,30,Chinese,338,Coimbatore,Lunch,48,Debit Card,Chinese Wok,0,4
104438,44,South Indian,426,Bangalore,Dinner,15,UPI,Burger King,30,5
104439,60,Chinese,607,Chennai,Evening,42,Credit Card,Saravana Bhavan,0,5
104440,27,Fast Food,385,Coimbatore,Dinner,36,UPI,Hotel Aryaas,0,5
104441,50,Fast Food,549,Chennai,Breakfast,38,UPI,A2B,100,4
104442,46,South Indian,408,Chennai,Dinner,52,Wallet,KFC,30,3
104443,27,Biryani,464,Chennai,Dinner,45,Cash on Delivery,KFC,0,4
104444,31,Pizza,688,Chennai,Dinner,30,UPI,Local Kitchen,30,4
104445,32,Fast Food,328,Chennai,Dinner,25,Credit Card,Hotel Aryaas,30,5
104446,59,Fast Food,530,Trichy,Dinner,15,Cash on Delivery,KFC,20,5
104447,26,North Indian,538,Coimbatore,Dinner,39,Debit Card,Saravana Bhavan,75,5
104448,44,South Indian,255,Chennai,Evening,46,Debit Card,SS Hyderabad Biryani,75,4
104449,30,South Indian,279,Chennai,Lunch,47,Credit Card,Anjappar,20,4
104450,42,North Indian,162,Coimbatore,Dinner,30,Credit Card,SS Hyderabad Biryani,50,4
104451,32,Pizza,373,Madurai,Dinner,47,UPI,SS Hyderabad Biryani,30,4
104452,36,Biryani,604,Coimbatore,Breakfast,47,Credit Card,Saravana Bhavan,75,4
104453,46,South Indian,250,Chennai,Dinner,44,Credit Card,A2B,30,3
104454,45,North Indian,433,Coimbatore,Lunch,35,Cash on Delivery,Local Kitchen,0,4
104455,49,Fast Food,608,Bangalore,Breakfast,34,UPI,Local Kitchen,20,5
104456,21,Fast Food,576,Chennai,Dinner,39,UPI,Saravana Bhavan,30,4
104457,40,Biryani,277,Bangalore,Dinner,41,UPI,A2B,100,4
104458,25,Biryani,503,Coimbatore,Dinner,29,Credit Card,Dominos,75,5
104459,32,Chinese,485,Chennai,Dinner,30,Debit Card,Chinese Wok,75,5
104460,35,Pizza,449,Bangalore,Breakfast,37,UPI,Hotel Aryaas,30,4
104461,31,North Indian,311,Madurai,Lunch,28,Debit Card,A2B,0,4
104462,35,Pizza,548,Bangalore,Dinner,29,Credit Card,Local Kitchen,0,4
104463,60,Fast Food,498,Coimbatore,Evening,16,UPI,KFC,20,4
104464,25,Biryani,631,Bangalore,Lunch,24,UPI,Burger King,50,4
104465,40,North Indian,589,Coimbatore,Dinner,41,Cash on Delivery,KFC,20,4
104466,31,Fast Food,453,Madurai,Dinner,44,Credit Card,Local Kitchen,20,4
104467,24,Fast Food,354,Bangalore,Dinner,34,Debit Card,SS Hyderabad Biryani,0,3
104468,25,North Indian,360,Chennai,Dinner,42,Cash on Delivery,SS Hyderabad Biryani,50,4
104469,56,South Indian,625,Bangalore,Lunch,15,UPI,Burger King,20,5
104470,50,Biryani,326,Madurai,Lunch,38,UPI,A2B,30,4
104471,52,Pizza,361,Coimbatore,Dinner,19,UPI,SS Hyderabad Biryani,30,5
104472,60,North Indian,351,Trichy,Dinner,26,UPI,Saravana Bhavan,100,4
104473,26,Biryani,400,Trichy,Lunch,40,Cash on Delivery,Burger King,100,4
104474,30,Pizza,403,Chennai,Evening,42,UPI,Saravana Bhavan,20,4
104475,40,Fast Food,486,Trichy,Dinner,15,UPI,Dominos,75,5
104476,34,South Indian,416,Coimbatore,Lunch,17,UPI,Burger King,20,5
104477,32,North Indian,426,Madurai,Dinner,27,Wallet,KFC,20,4
104478,30,North Indian,642,Trichy,Breakfast,16,Credit Card,Anjappar,0,5
104479,37,Fast Food,436,Bangalore,Lunch,30,Debit Card,Dominos,50,5
104480,36,Biryani,370,Coimbatore,Dinner,43,UPI,Local Kitchen,20,4
104481,25,Biryani,667,Salem,Lunch,18,UPI,Chinese Wok,30,5
104482,33,South Indian,343,Chennai,Lunch,54,Debit Card,Hotel Aryaas,0,3
104483,35,Biryani,443,Chennai,Dinner,31,Credit Card,Hotel Aryaas,0,4
104484,36,Fast Food,255,Coimbatore,Dinner,38,UPI,Local Kitchen,50,4
104485,26,Biryani,476,Trichy,Evening,24,Credit Card,KFC,20,4
104486,42,Fast Food,594,Salem,Lunch,44,Credit Card,Chinese Wok,20,5
104487,19,Biryani,367,Chennai,Lunch,36,UPI,Burger King,20,4
104488,30,Pizza,437,Trichy,Dinner,37,Credit Card,Saravana Bhavan,0,4
104489,44,Biryani,784,Chennai,Lunch,38,UPI,Saravana Bhavan,0,5
104490,36,Fast Food,467,Salem,Evening,21,Cash on Delivery,Local Kitchen,0,4
104491,28,Pizza,585,Bangalore,Evening,38,Credit Card,A2B,75,4
104492,41,Chinese,1145,Chennai,Evening,41,Cash on Delivery,Chinese Wok,100,4
104493,36,Biryani,965,Chennai,Lunch,19,UPI,Burger King,30,4
104494,44,Biryani,454,Chennai,Lunch,31,Credit Card,Chinese Wok,75,5
104495,42,Chinese,405,Chennai,Late Night,31,Debit Card,Local Kitchen,20,5
104496,37,Fast Food,198,Madurai,Late Night,34,Credit Card,KFC,50,5
104497,34,Pizza,420,Chennai,Evening,41,Credit Card,KFC,75,3
104498,24,South Indian,496,Salem,Dinner,42,Credit Card,SS Hyderabad Biryani,30,5
104499,28,Fast Food,683,Bangalore,Dinner,33,Credit Card,Dominos,50,5
104500,32,South Indian,520,Madurai,Lunch,44,Debit Card,Local Kitchen,0,4
104501,37,Chinese,484,Chennai,Lunch,20,Credit Card,KFC,20,4
104502,34,North Indian,332,Trichy,Lunch,37,Cash on Delivery,Dominos,0,5
104503,28,Biryani,464,Bangalore,Dinner,15,Debit Card,Anjappar,0,5
104504,18,South Indian,386,Trichy,Dinner,29,Debit Card,Saravana Bhavan,20,5
104505,34,Biryani,300,Salem,Late Night,39,Cash on Delivery,Local Kitchen,100,4
104506,28,South Indian,334,Chennai,Dinner,41,Credit Card,Burger King,0,5
104507,42,Pizza,609,Chennai,Dinner,37,Cash on Delivery,Local Kitchen,30,5
104508,19,Fast Food,713,Trichy,Dinner,50,UPI,Local Kitchen,50,4
104509,37,North Indian,492,Trichy,Dinner,35,UPI,SS Hyderabad Biryani,30,5
104510,55,Chinese,389,Bangalore,Lunch,17,Debit Card,Burger King,30,5
104511,26,North Indian,478,Coimbatore,Lunch,15,UPI,Dominos,100,5
104512,33,Chinese,359,Bangalore,Dinner,24,Credit Card,Chinese Wok,50,4
104513,22,Biryani,227,Coimbatore,Dinner,24,UPI,KFC,50,5
104514,38,Fast Food,264,Chennai,Evening,34,Wallet,Saravana Bhavan,0,5
104515,35,Fast Food,305,Coimbatore,Dinner,28,Credit Card,Hotel Aryaas,50,5
104516,32,Biryani,321,Chennai,Late Night,24,UPI,Burger King,20,5
104517,35,South Indian,637,Coimbatore,Dinner,28,Credit Card,Hotel Aryaas,0,5
104518,52,South Indian,479,Salem,Evening,31,Debit Card,Anjappar,75,5
104519,26,North Indian,217,Trichy,Dinner,26,Cash on Delivery,Chinese Wok,100,4
104520,19,South Indian,762,Salem,Breakfast,34,Credit Card,KFC,30,5
104521,49,Pizza,820,Trichy,Lunch,43,UPI,Chinese Wok,75,3
104522,36,North Indian,397,Coimbatore,Dinner,28,Cash on Delivery,SS Hyderabad Biryani,0,5
104523,51,Pizza,427,Trichy,Dinner,35,Wallet,Saravana Bhavan,30,5
104524,37,Biryani,397,Salem,Evening,55,UPI,KFC,20,4
104525,45,South Indian,655,Salem,Dinner,36,UPI,A2B,0,4
104526,32,Fast Food,599,Madurai,Evening,45,Credit Card,Anjappar,30,4
104527,43,Fast Food,393,Chennai,Dinner,29,Credit Card,KFC,30,5
104528,53,Fast Food,306,Chennai,Dinner,46,Credit Card,KFC,0,5
104529,36,Pizza,777,Chennai,Lunch,26,UPI,Local Kitchen,0,5
104530,26,South Indian,703,Salem,Lunch,40,UPI,Saravana Bhavan,20,5
104531,28,South Indian,347,Coimbatore,Late Night,45,Credit Card,A2B,0,5
104532,26,North Indian,524,Trichy,Lunch,49,UPI,KFC,50,5
104533,27,Biryani,384,Coimbatore,Lunch,35,UPI,A2B,30,5
104534,29,South Indian,695,Bangalore,Evening,31,Credit Card,Local Kitchen,20,4
104535,35,Pizza,676,Chennai,Breakfast,20,UPI,Saravana Bhavan,20,4
104536,37,Biryani,420,Chennai,Dinner,33,Credit Card,Dominos,100,4
104537,32,South Indian,651,Coimbatore,Lunch,42,Debit Card,A2B,0,4
104538,38,Fast Food,688,Bangalore,Dinner,41,UPI,Anjappar,0,5
104539,22,Pizza,505,Chennai,Lunch,34,Credit Card,A2B,30,4
104540,22,Fast Food,719,Madurai,Dinner,38,Credit Card,Local Kitchen,100,4
104541,25,Fast Food,418,Coimbatore,Dinner,51,UPI,A2B,50,3
104542,34,South Indian,310,Trichy,Evening,41,Debit Card,Burger King,75,5
104543,27,Biryani,318,Chennai,Late Night,32,UPI,Chinese Wok,50,5
104544,28,Fast Food,668,Bangalore,Breakfast,34,UPI,Anjappar,0,5
104545,31,Fast Food,382,Coimbatore,Dinner,41,UPI,Chinese Wok,20,5
104546,45,Fast Food,370,Madurai,Late Night,40,Credit Card,Dominos,30,4
104547,18,South Indian,268,Coimbatore,Dinner,57,Credit Card,Local Kitchen,0,4
104548,39,South Indian,585,Bangalore,Dinner,51,UPI,Anjappar,20,5
104549,40,South Indian,429,Salem,Breakfast,24,Wallet,Saravana Bhavan,0,4
104550,44,Chinese,682,Chennai,Breakfast,27,UPI,Dominos,50,4
104551,55,Fast Food,709,Chennai,Breakfast,47,UPI,Burger King,0,4
104552,19,Biryani,857,Madurai,Late Night,26,UPI,A2B,50,5
104553,25,Pizza,411,Bangalore,Late Night,36,UPI,SS Hyderabad Biryani,30,4
104554,51,Pizza,378,Coimbatore,Lunch,50,Wallet,Chinese Wok,20,5
104555,33,Fast Food,616,Coimbatore,Lunch,37,Debit Card,Local Kitchen,0,5
104556,36,Fast Food,384,Chennai,Lunch,44,Debit Card,Saravana Bhavan,50,4
104557,39,South Indian,566,Chennai,Lunch,36,UPI,Saravana Bhavan,75,5
104558,40,South Indian,391,Coimbatore,Evening,33,UPI,Chinese Wok,75,3
104559,55,Chinese,556,Trichy,Dinner,16,Wallet,Saravana Bhavan,0,4
104560,60,Biryani,505,Coimbatore,Dinner,37,UPI,Local Kitchen,100,5
104561,42,Chinese,248,Bangalore,Dinner,29,UPI,Local Kitchen,20,5
104562,28,Biryani,366,Trichy,Dinner,47,UPI,Anjappar,0,4
104563,50,South Indian,414,Coimbatore,Dinner,15,UPI,Chinese Wok,20,5
104564,20,Pizza,314,Madurai,Dinner,29,Debit Card,Local Kitchen,20,5
104565,27,South Indian,622,Trichy,Evening,48,UPI,Chinese Wok,30,5
104566,52,Biryani,373,Chennai,Lunch,54,Cash on Delivery,Saravana Bhavan,30,2
104567,28,North Indian,484,Coimbatore,Lunch,46,UPI,Hotel Aryaas,0,4
104568,27,Pizza,458,Salem,Dinner,41,UPI,KFC,20,4
104569,25,Pizza,528,Salem,Late Night,17,Cash on Delivery,Saravana Bhavan,50,5
104570,48,Fast Food,407,Chennai,Dinner,23,Credit Card,A2B,0,5
104571,34,Biryani,521,Chennai,Late Night,43,Debit Card,Anjappar,50,5
104572,40,North Indian,705,Chennai,Breakfast,21,UPI,Hotel Aryaas,50,5
104573,27,South Indian,352,Coimbatore,Dinner,32,UPI,Local Kitchen,50,5
104574,43,Pizza,552,Coimbatore,Dinner,31,Cash on Delivery,Chinese Wok,50,5
104575,43,Fast Food,444,Bangalore,Dinner,38,Debit Card,Local Kitchen,20,4
104576,29,Fast Food,484,Trichy,Late Night,41,UPI,KFC,20,5
104577,32,North Indian,588,Coimbatore,Dinner,15,UPI,SS Hyderabad Biryani,30,5
104578,26,South Indian,503,Trichy,Lunch,37,UPI,Dominos,100,3
104579,58,Biryani,703,Chennai,Lunch,27,Cash on Delivery,Hotel Aryaas,20,5
104580,39,Biryani,664,Chennai,Dinner,40,Debit Card,Chinese Wok,100,3
104581,55,South Indian,497,Bangalore,Late Night,16,Credit Card,Chinese Wok,75,5
104582,29,Biryani,556,Chennai,Breakfast,44,Debit Card,KFC,50,4
104583,44,South Indian,509,Coimbatore,Dinner,27,Cash on Delivery,Chinese Wok,50,5
104584,43,Fast Food,251,Trichy,Dinner,30,Debit Card,KFC,30,4
104585,40,Pizza,524,Chennai,Lunch,50,UPI,SS Hyderabad Biryani,0,4
104586,58,Fast Food,316,Madurai,Lunch,33,UPI,KFC,30,5
104587,31,North Indian,445,Coimbatore,Evening,44,Debit Card,Saravana Bhavan,0,5
104588,24,Biryani,276,Chennai,Lunch,34,UPI,Anjappar,30,4
104589,40,South Indian,864,Bangalore,Lunch,51,Debit Card,Anjappar,30,4
104590,42,Biryani,501,Trichy,Lunch,37,UPI,Burger King,20,4
104591,36,Chinese,291,Coimbatore,Lunch,39,UPI,SS Hyderabad Biryani,0,5
104592,26,North Indian,560,Bangalore,Dinner,36,UPI,KFC,50,5
104593,34,Pizza,806,Trichy,Dinner,31,UPI,Anjappar,75,5
104594,29,South Indian,627,Madurai,Dinner,43,UPI,Dominos,30,4
104595,32,South Indian,391,Chennai,Dinner,27,UPI,Burger King,30,3
104596,39,Pizza,432,Madurai,Late Night,41,UPI,Dominos,20,4
104597,42,North Indian,456,Bangalore,Dinner,44,UPI,Burger King,50,4
104598,27,North Indian,662,Madurai,Late Night,39,Cash on Delivery,A2B,20,3
104599,32,Fast Food,687,Coimbatore,Evening,25,UPI,Anjappar,30,3
104600,28,North Indian,518,Chennai,Dinner,38,UPI,Burger King,20,5
104601,26,Biryani,457,Bangalore,Dinner,44,Credit Card,Dominos,30,4
104602,44,Fast Food,380,Coimbatore,Lunch,21,Cash on Delivery,Dominos,30,5
104603,53,Biryani,852,Bangalore,Lunch,19,UPI,Chinese Wok,0,5
104604,31,Fast Food,550,Trichy,Dinner,42,UPI,Local Kitchen,20,4
104605,43,Pizza,347,Trichy,Lunch,28,Debit Card,Chinese Wok,50,5
104606,52,Pizza,368,Coimbatore,Lunch,41,UPI,Saravana Bhavan,0,5
104607,47,Pizza,619,Coimbatore,Evening,51,Cash on Delivery,A2B,20,4
104608,26,Chinese,376,Bangalore,Dinner,19,Credit Card,Hotel Aryaas,50,5
104609,57,South Indian,345,Bangalore,Late Night,18,Credit Card,Dominos,0,5
104610,31,Chinese,666,Salem,Dinner,42,Credit Card,A2B,0,3
104611,30,Fast Food,455,Bangalore,Dinner,47,UPI,A2B,20,5
104612,21,Pizza,486,Chennai,Lunch,51,UPI,KFC,100,4
104613,34,Chinese,715,Bangalore,Dinner,42,UPI,KFC,0,4
104614,23,Chinese,636,Bangalore,Evening,33,Debit Card,Hotel Aryaas,75,5
104615,27,South Indian,515,Bangalore,Dinner,35,Wallet,Anjappar,30,5
104616,29,Pizza,621,Bangalore,Evening,37,UPI,KFC,0,4
104617,45,Fast Food,298,Chennai,Evening,51,UPI,Dominos,75,4
104618,50,Fast Food,568,Chennai,Evening,37,Credit Card,Dominos,0,5
104619,29,Pizza,404,Coimbatore,Dinner,27,UPI,Hotel Aryaas,30,5
104620,48,South Indian,571,Coimbatore,Late Night,36,UPI,KFC,30,5
104621,48,Pizza,342,Chennai,Lunch,18,Cash on Delivery,SS Hyderabad Biryani,50,5
104622,43,Fast Food,577,Trichy,Evening,28,Wallet,Burger King,0,5
104623,25,Fast Food,310,Coimbatore,Dinner,31,Cash on Delivery,Dominos,20,5
104624,40,Pizza,446,Salem,Dinner,30,UPI,SS Hyderabad Biryani,75,5
104625,56,South Indian,679,Chennai,Evening,18,UPI,Chinese Wok,20,4
104626,40,South Indian,446,Chennai,Lunch,22,Credit Card,Hotel Aryaas,30,5
104627,30,Fast Food,560,Coimbatore,Evening,34,UPI,Anjappar,20,4
104628,34,Fast Food,223,Chennai,Dinner,42,UPI,Local Kitchen,0,4
104629,39,Chinese,291,Salem,Evening,30,Credit Card,Anjappar,20,5
104630,34,Biryani,545,Chennai,Lunch,35,Debit Card,Chinese Wok,0,5
104631,24,Pizza,273,Coimbatore,Breakfast,43,Credit Card,KFC,0,5
104632,29,Pizza,352,Salem,Dinner,61,UPI,Hotel Aryaas,75,3
104633,45,Biryani,438,Coimbatore,Late Night,31,Credit Card,A2B,100,5
104634,48,Chinese,537,Chennai,Late Night,26,Credit Card,A2B,0,5
104635,25,South Indian,617,Coimbatore,Dinner,42,UPI,Saravana Bhavan,20,4
104636,56,Biryani,408,Coimbatore,Dinner,43,UPI,SS Hyderabad Biryani,100,3
104637,30,Fast Food,573,Chennai,Lunch,21,Credit Card,KFC,50,5
104638,39,Fast Food,819,Coimbatore,Dinner,23,UPI,Hotel Aryaas,0,4
104639,43,Chinese,707,Trichy,Breakfast,20,UPI,Hotel Aryaas,0,5
104640,45,Chinese,721,Trichy,Dinner,27,UPI,SS Hyderabad Biryani,50,3
104641,56,South Indian,437,Chennai,Late Night,43,Cash on Delivery,SS Hyderabad Biryani,50,4
104642,29,Pizza,624,Chennai,Dinner,38,Credit Card,Burger King,75,5
104643,48,Chinese,529,Chennai,Dinner,36,UPI,Anjappar,50,4
104644,24,South Indian,644,Bangalore,Dinner,24,UPI,KFC,100,5
104645,41,Pizza,713,Coimbatore,Late Night,23,Wallet,Anjappar,30,5
104646,42,Fast Food,502,Trichy,Lunch,35,Wallet,Hotel Aryaas,20,5
104647,40,Pizza,539,Madurai,Dinner,34,UPI,Burger King,0,4
104648,28,South Indian,252,Chennai,Lunch,39,Cash on Delivery,Anjappar,0,5
104649,49,Pizza,792,Bangalore,Dinner,48,Credit Card,Chinese Wok,0,4
104650,25,South Indian,416,Chennai,Breakfast,23,Debit Card,Anjappar,30,5
104651,20,Biryani,724,Chennai,Lunch,33,UPI,A2B,20,5
104652,41,South Indian,443,Chennai,Dinner,35,UPI,Local Kitchen,50,4
104653,33,Fast Food,473,Chennai,Lunch,36,Credit Card,A2B,20,5
104654,47,Chinese,498,Bangalore,Lunch,35,UPI,Hotel Aryaas,20,4
104655,31,South Indian,536,Bangalore,Dinner,34,Cash on Delivery,Chinese Wok,30,5
104656,25,Pizza,457,Chennai,Dinner,36,Cash on Delivery,KFC,100,4
104657,46,Chinese,662,Salem,Lunch,39,Debit Card,Saravana Bhavan,30,5
104658,35,Chinese,543,Coimbatore,Dinner,27,UPI,Burger King,0,5
104659,26,Biryani,442,Chennai,Dinner,39,Credit Card,Local Kitchen,20,5
104660,42,North Indian,312,Chennai,Dinner,39,UPI,Hotel Aryaas,100,4
104661,34,Pizza,404,Bangalore,Dinner,36,Cash on Delivery,Dominos,75,5
104662,37,Pizza,558,Salem,Breakfast,50,Credit Card,Dominos,0,3
104663,33,Fast Food,680,Bangalore,Evening,36,UPI,Local Kitchen,20,4
104664,46,South Indian,403,Salem,Lunch,38,Credit Card,Local Kitchen,30,5
104665,46,Biryani,583,Coimbatore,Lunch,24,UPI,Local Kitchen,50,4
104666,41,South Indian,457,Coimbatore,Evening,44,UPI,A2B,0,4
104667,23,Biryani,343,Bangalore,Evening,53,UPI,SS Hyderabad Biryani,30,3
104668,47,South Indian,637,Madurai,Dinner,36,Cash on Delivery,SS Hyderabad Biryani,30,4
104669,40,Chinese,492,Coimbatore,Dinner,15,Credit Card,Chinese Wok,0,4
104670,41,Fast Food,242,Trichy,Late Night,45,UPI,Hotel Aryaas,20,4
104671,30,South Indian,336,Chennai,Lunch,48,UPI,A2B,0,5
104672,50,Pizza,336,Coimbatore,Breakfast,36,Credit Card,A2B,50,5
104673,42,Biryani,655,Bangalore,Dinner,29,Credit Card,Saravana Bhavan,0,4
104674,23,Pizza,395,Bangalore,Breakfast,47,UPI,A2B,0,4
104675,32,Biryani,392,Chennai,Dinner,46,Credit Card,SS Hyderabad Biryani,50,5
104676,51,Biryani,324,Coimbatore,Evening,37,UPI,Dominos,20,4
104677,20,Biryani,378,Coimbatore,Evening,45,Cash on Delivery,A2B,50,4
104678,57,Pizza,381,Madurai,Evening,27,UPI,KFC,50,4
104679,40,Fast Food,738,Madurai,Evening,47,Wallet,Anjappar,0,4
104680,38,Pizza,541,Madurai,Evening,37,Credit Card,Burger King,0,4
104681,28,South Indian,622,Coimbatore,Breakfast,31,Cash on Delivery,Burger King,50,5
104682,27,Biryani,735,Salem,Breakfast,35,Credit Card,Dominos,0,5
104683,55,Chinese,363,Trichy,Evening,42,Cash on Delivery,Hotel Aryaas,20,5
104684,29,Biryani,333,Chennai,Lunch,37,UPI,Burger King,75,4
104685,44,Pizza,613,Chennai,Dinner,52,UPI,Burger King,20,4
104686,31,Biryani,432,Coimbatore,Lunch,46,UPI,A2B,20,4
104687,25,Fast Food,926,Coimbatore,Breakfast,22,UPI,Chinese Wok,20,5
104688,18,Pizza,313,Trichy,Lunch,43,Wallet,Anjappar,50,4
104689,35,North Indian,288,Madurai,Evening,44,UPI,Hotel Aryaas,20,5
104690,58,Fast Food,543,Trichy,Breakfast,40,Wallet,Dominos,20,5
104691,31,Pizza,382,Chennai,Lunch,24,Debit Card,Anjappar,30,5
104692,30,Biryani,448,Bangalore,Lunch,45,Cash on Delivery,A2B,30,3
104693,30,Pizza,390,Coimbatore,Lunch,37,UPI,A2B,20,5
104694,35,Chinese,447,Chennai,Dinner,24,UPI,Dominos,30,5
104695,32,Biryani,566,Madurai,Dinner,38,UPI,KFC,20,4
104696,50,Fast Food,419,Chennai,Lunch,45,Debit Card,Burger King,30,2
104697,34,Biryani,388,Bangalore,Lunch,26,Wallet,SS Hyderabad Biryani,20,5
104698,34,Fast Food,432,Bangalore,Dinner,26,UPI,SS Hyderabad Biryani,50,5
104699,25,Biryani,183,Trichy,Dinner,41,Debit Card,Chinese Wok,30,4
104700,59,Chinese,615,Chennai,Late Night,38,UPI,Saravana Bhavan,100,4
104701,27,North Indian,628,Madurai,Breakfast,42,Wallet,Local Kitchen,30,4
104702,21,Biryani,701,Salem,Evening,35,Cash on Delivery,Dominos,75,5
104703,39,South Indian,452,Trichy,Dinner,59,UPI,Anjappar,30,5
104704,37,South Indian,442,Madurai,Dinner,30,Debit Card,A2B,75,4
104705,32,North Indian,853,Bangalore,Breakfast,41,Debit Card,Dominos,50,4
104706,32,South Indian,323,Coimbatore,Dinner,29,Debit Card,Anjappar,0,4
104707,44,South Indian,747,Madurai,Lunch,20,UPI,KFC,0,5
104708,26,South Indian,794,Madurai,Breakfast,33,Debit Card,Local Kitchen,50,4
104709,45,Fast Food,372,Bangalore,Evening,31,UPI,Saravana Bhavan,50,4
104710,39,Biryani,377,Madurai,Lunch,52,Credit Card,Hotel Aryaas,30,5
104711,32,Fast Food,329,Coimbatore,Dinner,38,UPI,Saravana Bhavan,20,3
104712,33,Biryani,347,Chennai,Dinner,26,Credit Card,Saravana Bhavan,50,4
104713,28,South Indian,440,Bangalore,Dinner,35,Cash on Delivery,Hotel Aryaas,30,4
104714,43,Fast Food,412,Chennai,Evening,25,UPI,Dominos,0,5
104715,34,South Indian,786,Coimbatore,Breakfast,32,Cash on Delivery,Saravana Bhavan,75,5
104716,29,Biryani,405,Chennai,Lunch,44,UPI,Saravana Bhavan,50,4
104717,37,North Indian,838,Coimbatore,Evening,39,UPI,A2B,50,5
104718,60,North Indian,637,Trichy,Dinner,18,UPI,Dominos,30,4
104719,32,Biryani,314,Bangalore,Evening,26,Credit Card,Anjappar,100,4
104720,54,Fast Food,665,Chennai,Dinner,26,UPI,Local Kitchen,0,4
104721,30,South Indian,495,Coimbatore,Evening,27,Wallet,Burger King,50,5
104722,20,Biryani,560,Coimbatore,Lunch,37,UPI,Burger King,100,5
104723,26,Fast Food,379,Coimbatore,Dinner,44,Credit Card,Saravana Bhavan,30,4
104724,32,Fast Food,641,Coimbatore,Evening,31,Credit Card,SS Hyderabad Biryani,30,4
104725,27,North Indian,580,Salem,Dinner,28,UPI,Anjappar,50,4
104726,18,Pizza,441,Chennai,Dinner,42,Cash on Delivery,Saravana Bhavan,0,4
104727,53,South Indian,230,Madurai,Lunch,37,UPI,Chinese Wok,0,4
104728,47,South Indian,647,Trichy,Evening,29,Cash on Delivery,Burger King,75,4
104729,42,North Indian,307,Salem,Dinner,30,UPI,SS Hyderabad Biryani,50,4
104730,25,North Indian,385,Chennai,Breakfast,31,UPI,Hotel Aryaas,100,5
104731,24,North Indian,308,Bangalore,Dinner,45,Wallet,Local Kitchen,20,4
104732,21,Biryani,447,Chennai,Lunch,38,Credit Card,Local Kitchen,20,5
104733,42,Biryani,558,Coimbatore,Evening,52,Credit Card,Hotel Aryaas,50,4
104734,54,Chinese,821,Chennai,Late Night,39,UPI,Anjappar,0,3
104735,32,South Indian,364,Trichy,Dinner,25,UPI,A2B,20,4
104736,24,Biryani,320,Chennai,Evening,17,Debit Card,Dominos,75,5
104737,34,Biryani,480,Bangalore,Breakfast,28,Credit Card,KFC,75,5
104738,30,Pizza,653,Bangalore,Lunch,18,UPI,Burger King,30,4
104739,31,Pizza,428,Salem,Dinner,26,UPI,A2B,20,4
104740,38,Fast Food,461,Bangalore,Evening,34,Cash on Delivery,Dominos,30,5
104741,41,North Indian,261,Coimbatore,Evening,21,Cash on Delivery,Hotel Aryaas,0,5
104742,23,South Indian,409,Chennai,Late Night,42,UPI,SS Hyderabad Biryani,20,4
104743,19,Pizza,291,Chennai,Lunch,29,Debit Card,KFC,30,4
104744,60,South Indian,439,Madurai,Dinner,42,UPI,KFC,30,5
104745,27,Biryani,530,Madurai,Dinner,25,Debit Card,Anjappar,20,4
104746,20,South Indian,1044,Bangalore,Evening,41,UPI,Anjappar,20,3
104747,26,South Indian,506,Chennai,Evening,29,Debit Card,Saravana Bhavan,30,5
104748,20,South Indian,488,Madurai,Lunch,32,Credit Card,Hotel Aryaas,20,4
104749,31,Biryani,467,Bangalore,Late Night,28,UPI,Anjappar,30,4
104750,45,North Indian,363,Salem,Evening,32,Credit Card,KFC,30,5
104751,30,Fast Food,939,Bangalore,Evening,40,UPI,Dominos,20,5
104752,33,Biryani,611,Coimbatore,Dinner,20,UPI,KFC,50,4
104753,40,South Indian,622,Coimbatore,Breakfast,56,UPI,A2B,0,4
104754,34,South Indian,650,Chennai,Dinner,56,Wallet,Hotel Aryaas,20,4
104755,48,South Indian,356,Madurai,Evening,29,Cash on Delivery,Chinese Wok,30,4
104756,49,Pizza,523,Madurai,Dinner,44,Cash on Delivery,Local Kitchen,75,3
104757,18,South Indian,450,Chennai,Dinner,22,Cash on Delivery,Hotel Aryaas,0,5
104758,44,South Indian,291,Chennai,Dinner,18,Credit Card,SS Hyderabad Biryani,30,5
104759,33,Chinese,218,Chennai,Evening,53,UPI,Local Kitchen,0,4
104760,60,Biryani,546,Salem,Dinner,42,Cash on Delivery,Chinese Wok,0,4
104761,34,South Indian,525,Chennai,Lunch,36,UPI,Anjappar,75,5
104762,59,Pizza,452,Coimbatore,Dinner,42,Wallet,A2B,75,5
104763,43,Biryani,749,Coimbatore,Lunch,27,Credit Card,Dominos,20,5
104764,27,Fast Food,415,Coimbatore,Breakfast,35,Credit Card,Saravana Bhavan,75,5
104765,35,North Indian,676,Madurai,Breakfast,36,UPI,Anjappar,20,5
104766,60,Fast Food,225,Trichy,Lunch,20,UPI,Hotel Aryaas,0,5
104767,48,South Indian,435,Chennai,Breakfast,46,Debit Card,SS Hyderabad Biryani,0,4
104768,23,North Indian,552,Madurai,Dinner,30,UPI,Hotel Aryaas,50,4
104769,41,Biryani,1080,Coimbatore,Lunch,22,UPI,Local Kitchen,0,5
104770,30,Biryani,541,Salem,Dinner,51,UPI,Local Kitchen,30,5
104771,18,Pizza,224,Coimbatore,Breakfast,46,Credit Card,Saravana Bhavan,0,5
104772,31,Pizza,477,Chennai,Lunch,32,Credit Card,SS Hyderabad Biryani,0,4
104773,27,South Indian,499,Bangalore,Evening,22,UPI,Local Kitchen,50,4
104774,45,South Indian,456,Chennai,Evening,39,UPI,Hotel Aryaas,75,3
104775,30,Pizza,449,Chennai,Lunch,35,Credit Card,A2B,50,3
104776,46,Chinese,414,Madurai,Late Night,56,UPI,Saravana Bhavan,0,4
104777,18,Fast Food,285,Madurai,Lunch,47,UPI,A2B,100,5
104778,29,Biryani,359,Coimbatore,Dinner,30,Credit Card,A2B,0,4
104779,27,South Indian,682,Bangalore,Lunch,49,Debit Card,SS Hyderabad Biryani,50,5
104780,27,Pizza,469,Bangalore,Dinner,48,Credit Card,Hotel Aryaas,50,4
104781,21,North Indian,391,Bangalore,Evening,17,Credit Card,Local Kitchen,30,4
104782,26,North Indian,481,Bangalore,Late Night,40,Credit Card,Anjappar,30,4
104783,35,Pizza,553,Bangalore,Lunch,46,UPI,Saravana Bhavan,0,5
104784,29,South Indian,257,Chennai,Breakfast,30,UPI,A2B,100,5
104785,32,South Indian,610,Chennai,Evening,22,UPI,KFC,0,5
104786,31,Pizza,538,Coimbatore,Evening,64,Wallet,Saravana Bhavan,75,3
104787,50,Chinese,226,Coimbatore,Lunch,50,UPI,Local Kitchen,0,4
104788,52,South Indian,696,Madurai,Lunch,37,Cash on Delivery,SS Hyderabad Biryani,20,4
104789,34,Biryani,340,Coimbatore,Dinner,15,Debit Card,Local Kitchen,50,5
104790,30,North Indian,583,Chennai,Breakfast,30,Debit Card,Chinese Wok,75,5
104791,23,South Indian,521,Chennai,Evening,54,UPI,Local Kitchen,50,4
104792,56,Fast Food,637,Chennai,Dinner,48,Credit Card,Burger King,0,4
104793,21,Chinese,426,Madurai,Dinner,32,UPI,Anjappar,20,4
104794,29,Chinese,721,Coimbatore,Breakfast,29,UPI,Hotel Aryaas,30,4
104795,29,Biryani,628,Madurai,Dinner,49,UPI,Local Kitchen,100,4
104796,29,Pizza,235,Coimbatore,Breakfast,32,Cash on Delivery,Local Kitchen,20,4
104797,25,Fast Food,437,Trichy,Lunch,33,Credit Card,KFC,20,5
104798,44,Biryani,679,Salem,Evening,39,Debit Card,Chinese Wok,20,4
104799,24,Fast Food,314,Bangalore,Late Night,40,Cash on Delivery,Burger King,75,4
104800,38,Chinese,487,Trichy,Lunch,24,Credit Card,Chinese Wok,0,5
104801,24,North Indian,372,Bangalore,Lunch,41,UPI,Saravana Bhavan,30,3
104802,21,Pizza,494,Salem,Dinner,25,Cash on Delivery,Dominos,75,4
104803,53,North Indian,449,Trichy,Evening,48,UPI,Chinese Wok,75,4
104804,26,Biryani,289,Salem,Dinner,31,UPI,Anjappar,0,3
104805,45,Biryani,563,Bangalore,Late Night,37,UPI,Hotel Aryaas,50,4
104806,35,South Indian,196,Madurai,Late Night,15,Credit Card,Saravana Bhavan,75,5
104807,22,Fast Food,307,Bangalore,Evening,43,Cash on Delivery,Saravana Bhavan,50,4
104808,57,Pizza,434,Chennai,Evening,44,Credit Card,Saravana Bhavan,50,4
104809,27,Chinese,640,Coimbatore,Late Night,29,UPI,Burger King,30,5
104810,48,North Indian,159,Trichy,Breakfast,21,Credit Card,Anjappar,50,5
104811,25,Fast Food,480,Chennai,Evening,21,Debit Card,SS Hyderabad Biryani,30,4
104812,48,South Indian,224,Bangalore,Evening,35,Debit Card,Burger King,20,4
104813,18,South Indian,448,Coimbatore,Lunch,23,UPI,A2B,30,4
104814,34,Fast Food,224,Coimbatore,Late Night,34,UPI,Anjappar,50,4
104815,43,South Indian,368,Trichy,Dinner,36,UPI,Burger King,30,5
104816,55,South Indian,395,Trichy,Evening,37,Credit Card,A2B,50,4
104817,53,South Indian,417,Bangalore,Dinner,49,Debit Card,Burger King,100,4
104818,45,Fast Food,650,Chennai,Evening,48,Credit Card,Burger King,20,5
104819,51,Biryani,564,Coimbatore,Dinner,36,UPI,Dominos,100,5
104820,26,South Indian,668,Coimbatore,Lunch,41,UPI,A2B,0,4
104821,28,Fast Food,643,Coimbatore,Lunch,39,Credit Card,Dominos,30,3
104822,29,Biryani,496,Chennai,Lunch,49,UPI,A2B,100,3
104823,31,Fast Food,250,Bangalore,Dinner,36,Credit Card,Hotel Aryaas,0,5
104824,31,Fast Food,464,Coimbatore,Lunch,44,Cash on Delivery,Chinese Wok,100,4
104825,35,Fast Food,643,Bangalore,Lunch,57,UPI,Dominos,75,4
104826,25,Biryani,333,Coimbatore,Late Night,39,UPI,Hotel Aryaas,75,5
104827,40,South Indian,338,Coimbatore,Late Night,30,Cash on Delivery,Anjappar,30,5
104828,25,Chinese,333,Chennai,Dinner,30,UPI,Local Kitchen,0,4
104829,29,Chinese,461,Salem,Dinner,27,Wallet,SS Hyderabad Biryani,0,5
104830,34,Pizza,481,Bangalore,Late Night,42,Cash on Delivery,Burger King,0,5
104831,44,South Indian,561,Chennai,Dinner,38,UPI,KFC,30,3
104832,42,South Indian,643,Bangalore,Evening,31,Credit Card,Chinese Wok,50,4
104833,39,Pizza,631,Trichy,Dinner,50,UPI,Saravana Bhavan,0,4
104834,25,South Indian,330,Madurai,Dinner,31,UPI,Dominos,30,5
104835,35,Chinese,502,Madurai,Lunch,36,Credit Card,Saravana Bhavan,30,4
104836,22,South Indian,327,Chennai,Evening,27,UPI,Chinese Wok,75,4
104837,31,Fast Food,698,Bangalore,Evening,34,Wallet,Dominos,0,4
104838,32,Pizza,503,Madurai,Late Night,27,Credit Card,SS Hyderabad Biryani,50,4
104839,20,Biryani,470,Bangalore,Dinner,34,Debit Card,Burger King,50,4
104840,28,Fast Food,873,Trichy,Dinner,24,UPI,Hotel Aryaas,50,5
104841,57,Fast Food,214,Chennai,Dinner,30,Debit Card,Chinese Wok,0,5
104842,56,Fast Food,545,Chennai,Lunch,28,UPI,Anjappar,0,5
104843,30,Fast Food,457,Trichy,Dinner,28,Credit Card,Anjappar,50,5
104844,20,South Indian,422,Bangalore,Lunch,26,Cash on Delivery,Anjappar,30,4
104845,26,Pizza,331,Chennai,Evening,31,Credit Card,Saravana Bhavan,30,5
104846,31,Pizza,457,Coimbatore,Dinner,15,UPI,Chinese Wok,75,5
104847,56,Fast Food,464,Trichy,Dinner,41,UPI,Local Kitchen,0,3
104848,25,North Indian,553,Chennai,Dinner,37,Cash on Delivery,KFC,0,4
104849,43,South Indian,468,Chennai,Lunch,38,Debit Card,Hotel Aryaas,20,5
104850,23,Fast Food,648,Coimbatore,Dinner,33,Credit Card,A2B,20,4
104851,59,Pizza,402,Salem,Lunch,47,Debit Card,Hotel Aryaas,100,4
104852,31,Chinese,875,Trichy,Dinner,27,Cash on Delivery,A2B,20,5
104853,44,Chinese,434,Bangalore,Evening,17,UPI,Saravana Bhavan,75,5
104854,30,Biryani,345,Bangalore,Dinner,37,Cash on Delivery,KFC,30,4
104855,38,South Indian,151,Coimbatore,Lunch,53,Debit Card,Anjappar,0,4
104856,26,Pizza,346,Chennai,Evening,49,Credit Card,Burger King,50,4
104857,25,South Indian,202,Trichy,Dinner,44,UPI,A2B,50,4
104858,55,Chinese,546,Chennai,Dinner,57,Wallet,A2B,0,4
104859,53,South Indian,482,Coimbatore,Dinner,30,Cash on Delivery,Burger King,20,5
104860,51,Pizza,540,Bangalore,Evening,30,Wallet,Chinese Wok,0,5
104861,38,Fast Food,249,Chennai,Late Night,32,Credit Card,Chinese Wok,0,5
104862,45,South Indian,754,Bangalore,Late Night,15,UPI,Hotel Aryaas,50,5
104863,21,Biryani,563,Bangalore,Evening,49,UPI,A2B,30,4
104864,30,Chinese,293,Madurai,Evening,34,Cash on Delivery,Anjappar,0,4
104865,29,Chinese,267,Chennai,Dinner,28,Credit Card,SS Hyderabad Biryani,100,4
104866,38,Biryani,375,Coimbatore,Breakfast,32,UPI,Dominos,50,5
104867,30,Chinese,679,Bangalore,Lunch,25,UPI,A2B,0,3
104868,25,Fast Food,731,Salem,Lunch,35,UPI,Local Kitchen,50,5
104869,37,Biryani,538,Chennai,Lunch,29,UPI,Burger King,75,4
104870,45,Fast Food,352,Salem,Dinner,29,Cash on Delivery,Chinese Wok,20,4
104871,31,Biryani,317,Madurai,Evening,25,Cash on Delivery,Anjappar,50,4
104872,24,Fast Food,436,Trichy,Lunch,34,Cash on Delivery,KFC,20,4
104873,26,Fast Food,347,Chennai,Dinner,29,UPI,Anjappar,0,5
104874,27,Chinese,671,Coimbatore,Dinner,48,UPI,Local Kitchen,100,4
104875,29,Pizza,553,Chennai,Dinner,39,UPI,Saravana Bhavan,0,4
104876,39,South Indian,366,Coimbatore,Evening,21,UPI,A2B,30,4
104877,37,Biryani,211,Salem,Breakfast,40,UPI,Saravana Bhavan,0,5
104878,41,North Indian,324,Chennai,Lunch,37,Wallet,Dominos,30,4
104879,30,Chinese,434,Bangalore,Lunch,35,Cash on Delivery,Dominos,0,5
104880,45,Biryani,406,Chennai,Lunch,32,UPI,Chinese Wok,0,5
104881,26,Pizza,272,Madurai,Dinner,46,UPI,Dominos,50,4
104882,33,Biryani,597,Chennai,Late Night,23,UPI,Anjappar,75,5
104883,45,South Indian,401,Chennai,Dinner,33,Debit Card,Anjappar,50,4
104884,26,South Indian,378,Coimbatore,Dinner,17,Debit Card,Dominos,0,5
104885,23,Fast Food,558,Madurai,Dinner,39,Credit Card,Hotel Aryaas,0,4
104886,50,Pizza,443,Chennai,Dinner,33,Cash on Delivery,Local Kitchen,50,4
104887,30,South Indian,455,Chennai,Late Night,24,UPI,A2B,0,4
104888,40,Biryani,514,Chennai,Dinner,36,UPI,KFC,20,5
104889,19,North Indian,682,Salem,Lunch,48,UPI,Saravana Bhavan,20,5
104890,40,North Indian,568,Bangalore,Lunch,35,UPI,Local Kitchen,100,5
104891,29,Chinese,294,Madurai,Dinner,18,Credit Card,Anjappar,75,5
104892,20,South Indian,1054,Bangalore,Lunch,34,UPI,Chinese Wok,30,4
104893,37,Biryani,445,Chennai,Late Night,37,Credit Card,Hotel Aryaas,50,4
104894,27,Pizza,194,Bangalore,Dinner,27,Debit Card,Hotel Aryaas,50,4
104895,31,Biryani,333,Chennai,Dinner,56,Credit Card,Burger King,30,4
104896,22,Biryani,332,Coimbatore,Breakfast,20,UPI,Hotel Aryaas,0,5
104897,25,South Indian,695,Bangalore,Evening,15,UPI,Local Kitchen,50,5
104898,29,Biryani,478,Bangalore,Evening,25,UPI,A2B,50,5
104899,22,Biryani,466,Chennai,Dinner,15,Cash on Delivery,Anjappar,0,4
104900,53,South Indian,487,Chennai,Evening,43,UPI,Hotel Aryaas,30,4
104901,18,Biryani,543,Madurai,Late Night,45,UPI,Chinese Wok,50,5
104902,34,Biryani,528,Madurai,Dinner,18,Credit Card,Dominos,50,5
104903,24,Biryani,325,Chennai,Dinner,23,UPI,Dominos,100,4
104904,29,Biryani,770,Chennai,Late Night,22,UPI,SS Hyderabad Biryani,30,3
104905,54,Chinese,241,Trichy,Late Night,34,UPI,KFC,75,4
104906,25,Pizza,710,Madurai,Lunch,39,UPI,Anjappar,0,4
104907,58,South Indian,238,Salem,Dinner,49,Wallet,Dominos,30,5
104908,26,South Indian,339,Chennai,Lunch,38,Credit Card,Chinese Wok,20,5
104909,42,Biryani,454,Coimbatore,Evening,31,UPI,KFC,0,4
104910,35,Biryani,416,Chennai,Lunch,30,Credit Card,Dominos,50,5
104911,50,Fast Food,319,Bangalore,Dinner,35,Credit Card,Anjappar,20,5
104912,35,South Indian,542,Chennai,Evening,36,UPI,SS Hyderabad Biryani,30,4
104913,35,Chinese,395,Chennai,Dinner,33,Credit Card,KFC,75,4
104914,26,South Indian,580,Chennai,Dinner,35,Debit Card,SS Hyderabad Biryani,30,5
104915,25,Fast Food,358,Madurai,Dinner,34,UPI,Hotel Aryaas,20,5
104916,53,Biryani,345,Coimbatore,Lunch,19,Credit Card,Chinese Wok,30,5
104917,30,Pizza,481,Bangalore,Dinner,35,Cash on Delivery,Chinese Wok,100,5
104918,31,Fast Food,618,Trichy,Dinner,25,UPI,Hotel Aryaas,0,5
104919,43,Chinese,588,Madurai,Evening,36,Credit Card,Saravana Bhavan,20,5
104920,30,South Indian,274,Coimbatore,Late Night,39,Wallet,Burger King,100,4
104921,56,Chinese,437,Salem,Lunch,46,Debit Card,Burger King,100,4
104922,42,North Indian,611,Coimbatore,Evening,34,Credit Card,Hotel Aryaas,30,4
104923,37,North Indian,402,Chennai,Dinner,28,Debit Card,KFC,0,4
104924,50,South Indian,633,Salem,Lunch,42,Credit Card,Anjappar,75,4
104925,20,South Indian,712,Chennai,Evening,35,Wallet,Local Kitchen,30,5
104926,28,Fast Food,670,Bangalore,Dinner,54,UPI,Burger King,30,4
104927,33,North Indian,593,Coimbatore,Lunch,20,Debit Card,Local Kitchen,100,5
104928,27,South Indian,418,Bangalore,Evening,28,UPI,Local Kitchen,0,4
104929,42,Biryani,423,Bangalore,Dinner,27,UPI,KFC,20,5
104930,53,South Indian,358,Chennai,Dinner,52,Debit Card,Anjappar,30,4
104931,32,Biryani,487,Bangalore,Dinner,39,Debit Card,Hotel Aryaas,0,5
104932,30,South Indian,548,Madurai,Dinner,15,UPI,Local Kitchen,75,4
104933,57,South Indian,590,Chennai,Evening,16,UPI,Saravana Bhavan,50,5
104934,33,Fast Food,463,Coimbatore,Dinner,43,UPI,Burger King,0,5
104935,34,Biryani,422,Chennai,Dinner,23,Cash on Delivery,Chinese Wok,20,4
104936,30,North Indian,459,Trichy,Lunch,34,Credit Card,KFC,20,4
104937,53,Pizza,316,Madurai,Late Night,32,UPI,SS Hyderabad Biryani,75,4
104938,36,Pizza,597,Trichy,Dinner,54,Cash on Delivery,Anjappar,20,5
104939,43,Fast Food,589,Chennai,Lunch,32,Debit Card,KFC,20,4
104940,45,Pizza,323,Chennai,Dinner,30,Cash on Delivery,SS Hyderabad Biryani,50,5
104941,30,South Indian,524,Chennai,Dinner,40,Wallet,Chinese Wok,30,3
104942,32,Biryani,279,Chennai,Evening,45,UPI,A2B,20,3
104943,47,Biryani,659,Bangalore,Dinner,35,Credit Card,A2B,30,3
104944,30,Fast Food,868,Salem,Dinner,15,Credit Card,Saravana Bhavan,75,4
104945,44,Biryani,536,Coimbatore,Dinner,42,Credit Card,Chinese Wok,30,4
104946,55,North Indian,550,Salem,Lunch,20,Credit Card,Hotel Aryaas,0,4
104947,38,Biryani,399,Chennai,Evening,19,UPI,SS Hyderabad Biryani,50,4
104948,42,South Indian,421,Salem,Evening,29,Cash on Delivery,Dominos,100,4
104949,45,South Indian,717,Chennai,Dinner,35,UPI,Burger King,0,4
104950,47,Fast Food,424,Salem,Dinner,49,UPI,Anjappar,30,3
104951,31,South Indian,440,Chennai,Breakfast,15,UPI,KFC,20,5
104952,20,Biryani,478,Salem,Lunch,36,Credit Card,Saravana Bhavan,30,4
104953,31,Pizza,480,Chennai,Evening,49,Wallet,Chinese Wok,20,3
104954,40,Fast Food,772,Coimbatore,Dinner,33,UPI,KFC,50,5
104955,33,South Indian,653,Coimbatore,Dinner,42,Credit Card,Dominos,0,4
104956,43,Chinese,740,Coimbatore,Evening,41,UPI,A2B,0,4
104957,30,Pizza,875,Bangalore,Lunch,28,Credit Card,Anjappar,30,4
104958,38,Pizza,596,Salem,Lunch,40,Cash on Delivery,Saravana Bhavan,20,5
104959,26,South Indian,330,Bangalore,Lunch,35,Wallet,SS Hyderabad Biryani,100,5
104960,43,Fast Food,362,Madurai,Dinner,31,Credit Card,KFC,0,4
104961,35,South Indian,504,Chennai,Lunch,50,Debit Card,Saravana Bhavan,50,4
104962,26,Pizza,233,Bangalore,Evening,32,UPI,Saravana Bhavan,100,5
104963,29,Pizza,426,Coimbatore,Dinner,49,Credit Card,A2B,20,4
104964,43,Biryani,599,Trichy,Late Night,31,Debit Card,A2B,75,4
104965,34,Fast Food,492,Coimbatore,Late Night,33,UPI,Local Kitchen,20,5
104966,27,Pizza,404,Bangalore,Late Night,32,Cash on Delivery,A2B,30,4
104967,58,South Indian,617,Chennai,Dinner,44,Debit Card,Chinese Wok,0,4
104968,41,Fast Food,340,Chennai,Dinner,25,Debit Card,Dominos,20,4
104969,57,Fast Food,665,Coimbatore,Dinner,39,UPI,Saravana Bhavan,0,4
104970,32,South Indian,542,Coimbatore,Dinner,38,UPI,SS Hyderabad Biryani,0,5
104971,33,North Indian,558,Chennai,Late Night,38,Debit Card,SS Hyderabad Biryani,100,4
104972,52,South Indian,401,Chennai,Evening,54,Credit Card,A2B,50,5
104973,35,Biryani,602,Trichy,Evening,32,Credit Card,Hotel Aryaas,20,5
104974,41,Biryani,507,Chennai,Evening,61,UPI,Hotel Aryaas,50,5
104975,28,Biryani,635,Trichy,Dinner,45,UPI,Saravana Bhavan,30,4
104976,33,South Indian,922,Chennai,Dinner,20,Debit Card,Hotel Aryaas,75,4
104977,24,South Indian,336,Chennai,Dinner,23,Debit Card,SS Hyderabad Biryani,0,4
104978,26,Biryani,879,Bangalore,Evening,44,Credit Card,Saravana Bhavan,30,4
104979,18,Chinese,577,Bangalore,Evening,27,Debit Card,KFC,0,4
104980,20,Chinese,621,Coimbatore,Late Night,36,Cash on Delivery,KFC,50,4
104981,59,Fast Food,742,Bangalore,Lunch,27,Cash on Delivery,SS Hyderabad Biryani,30,4
104982,27,Fast Food,813,Coimbatore,Lunch,29,Credit Card,Chinese Wok,30,4
104983,39,North Indian,219,Bangalore,Dinner,31,UPI,SS Hyderabad Biryani,50,3
104984,47,Fast Food,422,Bangalore,Lunch,44,UPI,KFC,20,5
104985,35,Pizza,774,Coimbatore,Evening,32,Credit Card,A2B,0,4
104986,25,South Indian,357,Trichy,Lunch,48,UPI,Local Kitchen,0,5
104987,42,Pizza,498,Madurai,Lunch,24,Credit Card,KFC,50,4
104988,37,Pizza,429,Coimbatore,Dinner,42,Credit Card,Anjappar,100,4
104989,42,Chinese,349,Trichy,Evening,36,Debit Card,KFC,20,5
104990,43,Pizza,345,Salem,Evening,22,UPI,Chinese Wok,0,5
104991,58,North Indian,644,Bangalore,Lunch,28,UPI,Anjappar,0,5
104992,36,South Indian,501,Chennai,Dinner,33,Cash on Delivery,Chinese Wok,30,4
104993,30,Fast Food,300,Salem,Lunch,46,UPI,Local Kitchen,50,4
104994,39,Fast Food,400,Chennai,Lunch,33,Cash on Delivery,Local Kitchen,30,4
104995,21,Chinese,343,Chennai,Lunch,55,Credit Card,Local Kitchen,20,4
104996,52,Chinese,321,Coimbatore,Evening,31,UPI,Burger King,30,5
104997,24,Biryani,608,Madurai,Evening,35,UPI,Burger King,30,5
104998,30,Biryani,489,Salem,Evening,47,Credit Card,Chinese Wok,0,4
104999,45,Chinese,460,Bangalore,Late Night,21,UPI,Anjappar,20,5
105000,37,Fast Food,231,Salem,Late Night,46,Cash on Delivery,Anjappar,75,3
105001,31,South Indian,724,Chennai,Dinner,27,Debit Card,Anjappar,50,4
105002,33,Chinese,275,Chennai,Breakfast,32,Credit Card,KFC,100,5
105003,48,South Indian,482,Bangalore,Dinner,37,Cash on Delivery,Hotel Aryaas,75,4
105004,30,Biryani,514,Salem,Breakfast,26,UPI,Chinese Wok,0,4
105005,49,Biryani,403,Bangalore,Dinner,61,Cash on Delivery,Saravana Bhavan,75,4
105006,22,Biryani,520,Chennai,Evening,36,Debit Card,Saravana Bhavan,30,4
105007,44,Fast Food,662,Chennai,Dinner,35,Credit Card,KFC,100,5
105008,47,South Indian,496,Chennai,Late Night,28,UPI,Chinese Wok,0,4
105009,26,South Indian,364,Coimbatore,Evening,21,Credit Card,Saravana Bhavan,20,5
105010,32,Biryani,308,Chennai,Evening,45,Wallet,Saravana Bhavan,20,4
105011,25,Biryani,290,Trichy,Dinner,31,UPI,A2B,0,5
105012,41,Biryani,659,Bangalore,Lunch,37,UPI,Hotel Aryaas,30,5
105013,35,North Indian,549,Bangalore,Late Night,24,Credit Card,Dominos,100,5
105014,38,South Indian,590,Chennai,Evening,42,Debit Card,Chinese Wok,75,5
105015,26,Pizza,312,Chennai,Lunch,31,UPI,A2B,0,4
105016,27,Pizza,440,Bangalore,Dinner,17,Debit Card,Local Kitchen,20,5
105017,20,South Indian,229,Trichy,Lunch,31,Cash on Delivery,SS Hyderabad Biryani,100,5
105018,29,Chinese,461,Bangalore,Lunch,42,UPI,Burger King,0,4
105019,36,Biryani,580,Trichy,Dinner,40,Wallet,Burger King,30,5
105020,48,Chinese,421,Trichy,Dinner,38,UPI,Burger King,75,5
105021,40,Fast Food,678,Chennai,Dinner,34,UPI,Chinese Wok,50,3
105022,32,Pizza,270,Chennai,Dinner,34,UPI,SS Hyderabad Biryani,100,4
105023,56,Biryani,485,Bangalore,Lunch,28,Credit Card,KFC,100,4
105024,42,Pizza,364,Coimbatore,Evening,46,Wallet,SS Hyderabad Biryani,50,3
105025,54,Biryani,422,Coimbatore,Evening,33,UPI,Local Kitchen,30,5
105026,35,Pizza,435,Coimbatore,Late Night,29,Credit Card,A2B,30,5
105027,28,Fast Food,459,Coimbatore,Breakfast,52,UPI,KFC,50,3
105028,20,Chinese,470,Salem,Lunch,46,UPI,KFC,20,4
105029,42,South Indian,360,Chennai,Late Night,35,Wallet,Chinese Wok,30,5
105030,24,Fast Food,236,Chennai,Late Night,30,Debit Card,Burger King,50,3
105031,29,Chinese,481,Bangalore,Dinner,31,Debit Card,A2B,20,4
105032,35,North Indian,422,Madurai,Breakfast,24,Debit Card,Local Kitchen,50,3
105033,36,Biryani,306,Bangalore,Dinner,44,UPI,Local Kitchen,0,4
105034,37,North Indian,416,Salem,Evening,52,UPI,Local Kitchen,20,5
105035,25,South Indian,510,Madurai,Dinner,40,UPI,A2B,0,4
105036,31,Pizza,289,Bangalore,Breakfast,50,Wallet,A2B,75,4
105037,38,Fast Food,707,Chennai,Lunch,43,Debit Card,Chinese Wok,20,5
105038,58,South Indian,377,Coimbatore,Evening,19,UPI,Chinese Wok,100,4
105039,42,Pizza,356,Madurai,Lunch,49,Credit Card,Dominos,50,5
105040,54,Fast Food,651,Trichy,Dinner,32,Cash on Delivery,KFC,20,5
105041,43,South Indian,712,Salem,Dinner,36,UPI,Hotel Aryaas,30,4
105042,37,Biryani,524,Bangalore,Dinner,25,UPI,Burger King,20,5
105043,26,Biryani,413,Bangalore,Evening,16,UPI,Saravana Bhavan,75,5
105044,40,Chinese,494,Chennai,Dinner,28,Cash on Delivery,SS Hyderabad Biryani,50,5
105045,38,Chinese,597,Chennai,Lunch,37,Debit Card,Chinese Wok,50,5
105046,37,South Indian,760,Chennai,Lunch,35,Credit Card,Hotel Aryaas,50,5
105047,34,Biryani,359,Chennai,Evening,42,UPI,A2B,20,4
105048,35,South Indian,360,Coimbatore,Breakfast,37,UPI,Saravana Bhavan,20,4
105049,30,Fast Food,489,Coimbatore,Breakfast,36,UPI,Saravana Bhavan,20,4
105050,35,South Indian,426,Bangalore,Evening,29,Cash on Delivery,Burger King,0,5
105051,26,Pizza,257,Bangalore,Late Night,54,Cash on Delivery,Burger King,20,4
105052,45,Pizza,365,Bangalore,Late Night,54,UPI,Hotel Aryaas,30,3
105053,26,Biryani,329,Coimbatore,Evening,37,UPI,Burger King,20,4
105054,22,North Indian,932,Chennai,Lunch,20,Cash on Delivery,Burger King,0,5
105055,32,South Indian,487,Salem,Lunch,38,UPI,Saravana Bhavan,100,5
105056,39,Chinese,353,Chennai,Evening,21,UPI,Hotel Aryaas,30,5
105057,32,Biryani,494,Salem,Lunch,20,UPI,Chinese Wok,0,5
105058,28,Chinese,527,Coimbatore,Breakfast,44,Credit Card,Hotel Aryaas,50,3
105059,36,Fast Food,493,Bangalore,Dinner,25,Wallet,SS Hyderabad Biryani,50,5
105060,30,South Indian,434,Chennai,Dinner,29,UPI,Chinese Wok,20,4
105061,55,Biryani,442,Chennai,Lunch,43,UPI,Chinese Wok,50,5
105062,54,Biryani,567,Coimbatore,Dinner,39,UPI,Saravana Bhavan,75,5
105063,34,Biryani,500,Madurai,Dinner,41,UPI,Burger King,0,5
105064,30,Fast Food,483,Chennai,Evening,52,Cash on Delivery,KFC,30,3
105065,42,Biryani,452,Bangalore,Breakfast,29,UPI,Dominos,50,4
105066,19,Chinese,413,Chennai,Late Night,37,UPI,Local Kitchen,0,3
105067,33,Biryani,531,Coimbatore,Dinner,49,Credit Card,Chinese Wok,50,4
105068,30,South Indian,476,Trichy,Lunch,25,UPI,Hotel Aryaas,50,4
105069,54,Biryani,478,Trichy,Dinner,33,UPI,Dominos,30,3
105070,18,North Indian,843,Bangalore,Evening,43,Credit Card,Saravana Bhavan,50,5
105071,35,North Indian,314,Chennai,Dinner,22,Debit Card,KFC,50,5
105072,42,Fast Food,375,Chennai,Evening,36,UPI,Dominos,20,5
105073,34,South Indian,1121,Salem,Evening,31,Wallet,Dominos,0,4
105074,22,Biryani,414,Chennai,Dinner,25,Credit Card,Dominos,100,5
105075,58,North Indian,460,Trichy,Dinner,46,Cash on Delivery,Local Kitchen,30,4
105076,34,South Indian,429,Coimbatore,Breakfast,43,Credit Card,Saravana Bhavan,50,4
105077,38,Biryani,524,Salem,Breakfast,39,Credit Card,Dominos,30,5
105078,27,Fast Food,389,Coimbatore,Lunch,41,Wallet,Local Kitchen,50,4
105079,34,Biryani,227,Coimbatore,Evening,30,Debit Card,Local Kitchen,0,5
105080,32,Fast Food,665,Bangalore,Lunch,35,UPI,Burger King,0,5
105081,21,Chinese,208,Salem,Dinner,26,Credit Card,Saravana Bhavan,75,3
105082,23,South Indian,926,Salem,Lunch,42,UPI,Chinese Wok,0,5
105083,46,Fast Food,560,Madurai,Dinner,25,UPI,Anjappar,30,5
105084,27,Biryani,342,Madurai,Dinner,29,Cash on Delivery,Dominos,0,4
105085,26,Fast Food,348,Bangalore,Lunch,24,Debit Card,Hotel Aryaas,30,4
105086,34,Biryani,232,Madurai,Dinner,36,UPI,A2B,30,5
105087,43,Pizza,328,Trichy,Late Night,31,UPI,SS Hyderabad Biryani,50,4
105088,21,Biryani,342,Coimbatore,Lunch,38,Credit Card,KFC,20,4
105089,36,South Indian,600,Bangalore,Late Night,27,UPI,Burger King,20,4
105090,24,Fast Food,496,Bangalore,Dinner,26,UPI,Chinese Wok,0,4
105091,19,Fast Food,228,Bangalore,Dinner,38,UPI,SS Hyderabad Biryani,0,4
105092,20,Chinese,234,Trichy,Breakfast,33,Debit Card,Local Kitchen,0,5
105093,46,South Indian,310,Coimbatore,Dinner,62,UPI,SS Hyderabad Biryani,75,3
105094,24,Fast Food,319,Chennai,Evening,41,UPI,Burger King,30,4
105095,20,South Indian,747,Coimbatore,Dinner,35,Cash on Delivery,Hotel Aryaas,30,4
105096,32,South Indian,334,Chennai,Dinner,47,Cash on Delivery,Saravana Bhavan,50,4
105097,47,Fast Food,797,Coimbatore,Evening,44,Credit Card,SS Hyderabad Biryani,75,4
105098,28,South Indian,514,Trichy,Lunch,36,UPI,Hotel Aryaas,0,4
105099,32,Chinese,568,Bangalore,Lunch,64,Credit Card,Burger King,0,3
105100,20,Biryani,445,Trichy,Lunch,46,Debit Card,Burger King,20,5
105101,33,South Indian,324,Chennai,Dinner,23,UPI,Local Kitchen,0,5
105102,36,Biryani,361,Trichy,Lunch,31,Credit Card,Anjappar,30,4
105103,36,Biryani,792,Bangalore,Evening,16,Debit Card,A2B,30,5
105104,30,South Indian,561,Chennai,Lunch,19,Cash on Delivery,KFC,30,5
105105,29,Pizza,552,Bangalore,Dinner,64,UPI,Dominos,50,4
105106,23,Pizza,654,Salem,Evening,48,UPI,Hotel Aryaas,0,4
105107,31,Biryani,560,Chennai,Late Night,17,UPI,Chinese Wok,30,5
105108,23,Fast Food,312,Bangalore,Dinner,34,Wallet,SS Hyderabad Biryani,50,4
105109,43,South Indian,348,Salem,Dinner,30,UPI,Chinese Wok,100,5
105110,58,Biryani,477,Chennai,Breakfast,61,Debit Card,Chinese Wok,0,2
105111,58,Pizza,878,Bangalore,Lunch,15,Wallet,Saravana Bhavan,0,5
105112,49,Chinese,618,Coimbatore,Lunch,28,Wallet,Dominos,20,4
105113,37,North Indian,374,Coimbatore,Evening,28,UPI,Dominos,20,5
105114,41,Biryani,536,Bangalore,Dinner,27,Cash on Delivery,Anjappar,75,5
105115,28,Biryani,230,Chennai,Lunch,37,Debit Card,Hotel Aryaas,20,4
105116,38,Pizza,323,Madurai,Lunch,43,Cash on Delivery,Hotel Aryaas,0,5
105117,33,Chinese,418,Chennai,Dinner,29,UPI,Chinese Wok,75,5
105118,34,North Indian,571,Coimbatore,Lunch,33,Debit Card,Burger King,20,4
105119,43,Biryani,646,Bangalore,Evening,24,Credit Card,Dominos,50,4
105120,28,South Indian,353,Coimbatore,Breakfast,25,Credit Card,Local Kitchen,0,5
105121,29,South Indian,388,Coimbatore,Dinner,38,Debit Card,KFC,30,5
105122,54,Biryani,650,Trichy,Dinner,40,UPI,KFC,75,5
105123,20,South Indian,418,Salem,Dinner,16,UPI,A2B,50,3
105124,34,South Indian,350,Trichy,Lunch,27,Credit Card,Burger King,0,5
105125,53,Biryani,609,Bangalore,Lunch,31,UPI,Chinese Wok,0,4
105126,37,Fast Food,501,Trichy,Dinner,30,UPI,Local Kitchen,0,4
105127,35,Chinese,506,Salem,Dinner,31,Wallet,SS Hyderabad Biryani,75,5
105128,27,South Indian,251,Coimbatore,Dinner,15,UPI,KFC,30,4
105129,30,Pizza,320,Coimbatore,Dinner,45,UPI,Hotel Aryaas,0,4
105130,48,Fast Food,463,Chennai,Breakfast,33,UPI,Anjappar,75,5
105131,36,Fast Food,422,Coimbatore,Dinner,62,Credit Card,KFC,20,3
105132,34,North Indian,595,Salem,Dinner,40,Cash on Delivery,KFC,50,4
105133,23,North Indian,471,Bangalore,Dinner,38,UPI,A2B,75,4
105134,18,Biryani,305,Bangalore,Late Night,25,Credit Card,A2B,50,5
105135,57,Pizza,389,Chennai,Lunch,28,UPI,Anjappar,75,5
105136,31,Biryani,306,Chennai,Dinner,42,Debit Card,Chinese Wok,75,5
105137,37,Biryani,646,Coimbatore,Late Night,31,Credit Card,Local Kitchen,0,4
105138,22,Fast Food,408,Salem,Lunch,27,Debit Card,KFC,20,5
105139,40,Fast Food,418,Coimbatore,Breakfast,53,Cash on Delivery,Saravana Bhavan,75,4
105140,55,Pizza,336,Trichy,Dinner,38,Cash on Delivery,SS Hyderabad Biryani,0,5
105141,36,Chinese,285,Chennai,Breakfast,42,Wallet,Chinese Wok,100,5
105142,24,North Indian,392,Bangalore,Dinner,31,Credit Card,SS Hyderabad Biryani,0,4
105143,36,Chinese,322,Bangalore,Breakfast,46,Credit Card,Anjappar,30,4
105144,43,Fast Food,189,Trichy,Dinner,29,UPI,Saravana Bhavan,20,4
105145,32,Chinese,399,Chennai,Evening,46,UPI,Hotel Aryaas,100,5
105146,50,North Indian,414,Chennai,Lunch,30,Credit Card,Anjappar,30,4
105147,39,Chinese,373,Chennai,Dinner,50,Debit Card,SS Hyderabad Biryani,0,3
105148,52,Pizza,297,Salem,Dinner,47,UPI,KFC,75,4
105149,38,North Indian,412,Chennai,Lunch,30,UPI,Burger King,20,4
105150,24,Biryani,427,Chennai,Lunch,57,Debit Card,A2B,75,3
105151,29,Chinese,319,Bangalore,Dinner,35,UPI,Anjappar,20,5
105152,26,Pizza,442,Bangalore,Dinner,51,Credit Card,SS Hyderabad Biryani,100,3
105153,53,North Indian,302,Trichy,Dinner,23,Credit Card,Local Kitchen,0,5
105154,43,Biryani,783,Salem,Dinner,41,Cash on Delivery,Chinese Wok,100,4
105155,40,South Indian,292,Bangalore,Lunch,38,UPI,Local Kitchen,30,4
105156,29,Chinese,197,Salem,Dinner,30,UPI,A2B,20,4
105157,26,Fast Food,368,Madurai,Dinner,44,UPI,KFC,0,4
105158,43,South Indian,446,Chennai,Evening,47,UPI,Hotel Aryaas,0,4
105159,33,Fast Food,730,Salem,Evening,39,UPI,Anjappar,20,5
105160,27,Fast Food,408,Bangalore,Dinner,38,Debit Card,Burger King,50,3
105161,38,South Indian,327,Coimbatore,Dinner,37,Credit Card,Hotel Aryaas,50,5
105162,20,South Indian,517,Madurai,Dinner,39,Debit Card,Anjappar,75,4
105163,29,South Indian,402,Coimbatore,Dinner,42,Credit Card,SS Hyderabad Biryani,100,4
105164,33,South Indian,389,Chennai,Evening,42,Credit Card,Dominos,50,4
105165,25,Fast Food,503,Madurai,Dinner,40,Cash on Delivery,Burger King,50,4
105166,59,Biryani,490,Trichy,Dinner,30,Cash on Delivery,Burger King,75,5
105167,26,Biryani,408,Madurai,Lunch,44,UPI,SS Hyderabad Biryani,0,5
105168,24,Biryani,420,Chennai,Evening,40,UPI,SS Hyderabad Biryani,0,4
105169,26,South Indian,620,Salem,Dinner,38,UPI,Local Kitchen,50,5
105170,43,Pizza,378,Chennai,Late Night,32,Debit Card,Local Kitchen,20,4
105171,32,Biryani,639,Coimbatore,Breakfast,44,UPI,Anjappar,20,3
105172,36,Biryani,312,Chennai,Lunch,15,Credit Card,Saravana Bhavan,30,5
105173,19,Chinese,390,Chennai,Lunch,33,UPI,Chinese Wok,100,5
105174,19,Fast Food,505,Coimbatore,Lunch,30,UPI,Burger King,75,5
105175,33,North Indian,545,Bangalore,Lunch,29,UPI,Anjappar,50,4
105176,45,Chinese,419,Trichy,Dinner,31,Wallet,Saravana Bhavan,20,4
105177,51,Fast Food,477,Salem,Dinner,24,UPI,Local Kitchen,50,5
105178,22,Fast Food,455,Trichy,Dinner,31,Cash on Delivery,Hotel Aryaas,0,3
105179,35,South Indian,384,Coimbatore,Lunch,22,Cash on Delivery,Local Kitchen,75,5
105180,53,Biryani,684,Madurai,Dinner,38,UPI,SS Hyderabad Biryani,30,5
105181,31,Biryani,340,Trichy,Dinner,43,UPI,Burger King,20,3
105182,46,Biryani,754,Coimbatore,Lunch,45,Cash on Delivery,A2B,30,4
105183,24,Pizza,258,Madurai,Evening,39,Debit Card,Burger King,50,3
105184,55,South Indian,450,Coimbatore,Dinner,28,UPI,Local Kitchen,50,4
105185,43,Biryani,420,Coimbatore,Dinner,23,Wallet,SS Hyderabad Biryani,0,5
105186,55,Chinese,306,Bangalore,Dinner,27,UPI,Local Kitchen,50,5
105187,40,South Indian,737,Bangalore,Lunch,31,UPI,Hotel Aryaas,75,5
105188,30,South Indian,757,Madurai,Dinner,28,UPI,A2B,0,5
105189,55,Biryani,265,Coimbatore,Lunch,58,Debit Card,SS Hyderabad Biryani,0,4
105190,28,South Indian,264,Bangalore,Dinner,41,UPI,Chinese Wok,0,4
105191,30,North Indian,483,Trichy,Dinner,40,Cash on Delivery,Local Kitchen,0,4
105192,41,Biryani,831,Salem,Lunch,37,UPI,Hotel Aryaas,0,4
105193,43,Fast Food,425,Chennai,Lunch,29,UPI,Dominos,75,4
105194,54,Fast Food,629,Chennai,Lunch,35,Debit Card,Local Kitchen,50,5
105195,26,Fast Food,190,Bangalore,Lunch,41,Cash on Delivery,KFC,100,5
105196,44,Fast Food,395,Coimbatore,Lunch,44,UPI,Anjappar,20,4
105197,42,Pizza,856,Chennai,Dinner,37,Credit Card,Hotel Aryaas,50,5
105198,21,North Indian,593,Coimbatore,Dinner,42,Debit Card,Local Kitchen,20,5
105199,31,Biryani,266,Trichy,Dinner,29,Debit Card,Burger King,30,4
105200,28,South Indian,537,Madurai,Dinner,18,Credit Card,Saravana Bhavan,20,4
105201,29,Chinese,411,Coimbatore,Dinner,47,Cash on Delivery,KFC,20,5
105202,59,South Indian,287,Coimbatore,Late Night,28,Cash on Delivery,SS Hyderabad Biryani,0,4
105203,39,South Indian,591,Bangalore,Lunch,28,Cash on Delivery,KFC,30,5
105204,41,Biryani,413,Chennai,Dinner,25,UPI,Saravana Bhavan,20,4
105205,58,South Indian,425,Bangalore,Breakfast,37,UPI,Chinese Wok,0,5
105206,31,Fast Food,378,Chennai,Lunch,29,UPI,Chinese Wok,50,5
105207,45,Pizza,355,Coimbatore,Dinner,49,Cash on Delivery,SS Hyderabad Biryani,30,4
105208,32,Pizza,781,Coimbatore,Evening,49,UPI,Hotel Aryaas,20,4
105209,49,Biryani,219,Bangalore,Dinner,38,UPI,KFC,30,4
105210,26,Biryani,786,Bangalore,Evening,27,Cash on Delivery,Local Kitchen,0,5
105211,56,North Indian,538,Coimbatore,Lunch,53,UPI,KFC,100,4
105212,27,South Indian,421,Chennai,Dinner,46,UPI,KFC,0,4
105213,29,Pizza,877,Chennai,Breakfast,27,Cash on Delivery,Chinese Wok,100,4
105214,43,Biryani,536,Bangalore,Lunch,38,UPI,Anjappar,0,4
105215,31,South Indian,427,Chennai,Lunch,37,Cash on Delivery,Saravana Bhavan,50,5
105216,37,South Indian,339,Chennai,Late Night,40,UPI,KFC,0,4
105217,33,Pizza,801,Bangalore,Evening,35,UPI,KFC,100,4
105218,42,Biryani,470,Madurai,Evening,34,UPI,SS Hyderabad Biryani,20,5
105219,27,Fast Food,739,Coimbatore,Dinner,63,Cash on Delivery,Local Kitchen,0,4
105220,21,Fast Food,652,Coimbatore,Dinner,40,Debit Card,Saravana Bhavan,0,4
105221,29,Pizza,736,Salem,Dinner,28,UPI,Chinese Wok,75,4
105222,33,North Indian,247,Salem,Evening,30,Debit Card,Burger King,0,5
105223,25,North Indian,709,Coimbatore,Late Night,53,UPI,Burger King,75,5
105224,30,North Indian,305,Trichy,Dinner,31,Credit Card,A2B,0,5
105225,31,Biryani,336,Bangalore,Evening,25,UPI,SS Hyderabad Biryani,20,5
105226,20,Biryani,560,Salem,Evening,35,Cash on Delivery,Chinese Wok,100,4
105227,36,Biryani,532,Coimbatore,Late Night,33,Credit Card,Anjappar,50,3
105228,50,Fast Food,510,Madurai,Dinner,49,Cash on Delivery,Hotel Aryaas,0,5
105229,25,Pizza,326,Madurai,Dinner,51,Credit Card,SS Hyderabad Biryani,20,3
105230,37,North Indian,280,Coimbatore,Dinner,32,Credit Card,Hotel Aryaas,30,4
105231,39,Biryani,736,Madurai,Dinner,43,Debit Card,KFC,75,4
105232,32,South Indian,548,Chennai,Lunch,34,Debit Card,Local Kitchen,50,5
105233,41,North Indian,459,Chennai,Lunch,27,UPI,Local Kitchen,50,3
105234,32,South Indian,803,Coimbatore,Dinner,53,Credit Card,A2B,20,4
105235,34,Biryani,662,Salem,Breakfast,54,Debit Card,Burger King,50,5
105236,18,South Indian,689,Bangalore,Evening,38,UPI,Anjappar,0,4
105237,40,Fast Food,510,Bangalore,Dinner,29,UPI,Burger King,30,5
105238,39,South Indian,261,Bangalore,Lunch,25,UPI,Hotel Aryaas,30,4
105239,19,South Indian,300,Chennai,Breakfast,42,Debit Card,Hotel Aryaas,50,4
105240,31,Biryani,270,Coimbatore,Dinner,48,UPI,Hotel Aryaas,0,4
105241,59,North Indian,210,Madurai,Dinner,37,UPI,Dominos,0,4
105242,32,South Indian,378,Salem,Lunch,46,UPI,Anjappar,100,4
105243,34,South Indian,607,Chennai,Dinner,33,UPI,Saravana Bhavan,0,5
105244,53,North Indian,390,Coimbatore,Dinner,30,UPI,Burger King,20,5
105245,41,Biryani,531,Chennai,Lunch,38,Cash on Delivery,SS Hyderabad Biryani,75,5
105246,36,Biryani,364,Chennai,Evening,15,UPI,KFC,30,5
105247,44,Pizza,450,Coimbatore,Lunch,30,Credit Card,A2B,0,5
105248,49,Fast Food,359,Bangalore,Dinner,43,Cash on Delivery,Hotel Aryaas,30,4
105249,33,Pizza,469,Chennai,Evening,15,Wallet,Dominos,75,5
105250,33,Fast Food,385,Chennai,Dinner,22,Debit Card,Saravana Bhavan,100,4
105251,31,Biryani,367,Madurai,Dinner,34,Wallet,Burger King,30,4
105252,58,South Indian,515,Salem,Breakfast,23,UPI,Local Kitchen,20,4
105253,41,Biryani,218,Coimbatore,Breakfast,31,Debit Card,Chinese Wok,75,5
105254,22,Chinese,563,Madurai,Lunch,15,Wallet,Saravana Bhavan,75,4
105255,49,Chinese,501,Chennai,Breakfast,42,UPI,Saravana Bhavan,75,5
105256,33,North Indian,638,Salem,Dinner,46,UPI,Burger King,0,4
105257,21,Pizza,495,Bangalore,Dinner,20,Debit Card,A2B,20,5
105258,35,Biryani,639,Trichy,Lunch,37,UPI,Saravana Bhavan,0,3
105259,32,Pizza,458,Chennai,Lunch,33,UPI,Burger King,0,4
105260,50,Chinese,308,Bangalore,Lunch,40,Debit Card,Saravana Bhavan,20,4
105261,26,Chinese,388,Bangalore,Late Night,50,UPI,Anjappar,0,4
105262,45,Pizza,560,Coimbatore,Dinner,24,UPI,Dominos,75,5
105263,35,South Indian,507,Chennai,Dinner,48,Cash on Delivery,Hotel Aryaas,75,4
105264,20,South Indian,339,Bangalore,Lunch,52,UPI,Hotel Aryaas,100,4
105265,58,Chinese,414,Madurai,Evening,18,Cash on Delivery,Chinese Wok,0,5
105266,34,Fast Food,566,Chennai,Breakfast,45,UPI,Dominos,30,4
105267,29,Biryani,388,Bangalore,Late Night,27,Cash on Delivery,Dominos,0,5
105268,33,South Indian,576,Chennai,Dinner,42,Cash on Delivery,KFC,30,4
105269,48,Fast Food,370,Chennai,Dinner,28,UPI,Dominos,0,5
105270,29,Biryani,329,Bangalore,Dinner,30,Cash on Delivery,A2B,20,5
105271,26,Biryani,287,Coimbatore,Evening,29,Credit Card,Chinese Wok,20,4
105272,24,South Indian,547,Coimbatore,Lunch,26,Credit Card,A2B,20,5
105273,29,Fast Food,354,Coimbatore,Lunch,43,Credit Card,KFC,0,5
105274,44,Chinese,502,Bangalore,Dinner,40,UPI,Chinese Wok,0,5
105275,33,Fast Food,284,Coimbatore,Breakfast,40,Debit Card,Dominos,0,5
105276,27,South Indian,373,Salem,Breakfast,32,UPI,Saravana Bhavan,50,5
105277,25,Fast Food,434,Coimbatore,Dinner,33,UPI,Chinese Wok,75,4
105278,30,Chinese,588,Madurai,Late Night,39,Debit Card,A2B,75,5
105279,55,Fast Food,261,Chennai,Late Night,27,UPI,Local Kitchen,30,5
105280,30,North Indian,365,Bangalore,Breakfast,30,Credit Card,Chinese Wok,0,4
105281,59,North Indian,495,Bangalore,Lunch,45,UPI,Burger King,30,3
105282,34,Pizza,546,Coimbatore,Dinner,39,Credit Card,Anjappar,0,5
105283,26,North Indian,340,Coimbatore,Dinner,47,UPI,A2B,30,4
105284,51,South Indian,629,Chennai,Late Night,15,Cash on Delivery,Local Kitchen,75,4
105285,33,South Indian,380,Chennai,Dinner,50,Credit Card,Chinese Wok,0,4
105286,41,Chinese,322,Chennai,Dinner,45,UPI,Anjappar,100,5
105287,59,Chinese,274,Madurai,Lunch,45,UPI,Burger King,20,4
105288,20,North Indian,574,Madurai,Breakfast,19,Credit Card,SS Hyderabad Biryani,0,5
105289,23,Chinese,700,Coimbatore,Breakfast,30,Credit Card,SS Hyderabad Biryani,30,5
105290,42,North Indian,504,Coimbatore,Dinner,31,Wallet,Chinese Wok,75,5
105291,28,Fast Food,844,Chennai,Breakfast,37,UPI,A2B,20,5
105292,26,Pizza,377,Chennai,Dinner,53,Cash on Delivery,Chinese Wok,0,4
105293,20,Chinese,467,Madurai,Dinner,37,Debit Card,SS Hyderabad Biryani,30,5
105294,19,Chinese,430,Bangalore,Breakfast,47,Credit Card,KFC,50,4
105295,44,Fast Food,209,Chennai,Late Night,49,Cash on Delivery,Chinese Wok,0,4
105296,24,Pizza,251,Chennai,Evening,42,Cash on Delivery,KFC,20,4
105297,33,North Indian,345,Trichy,Late Night,38,Debit Card,KFC,0,4
105298,37,Biryani,671,Chennai,Late Night,48,UPI,Hotel Aryaas,50,4
105299,32,Chinese,394,Coimbatore,Lunch,20,UPI,SS Hyderabad Biryani,30,5
105300,19,Fast Food,762,Bangalore,Evening,42,Credit Card,Burger King,75,4
105301,44,North Indian,346,Bangalore,Lunch,51,UPI,Local Kitchen,50,4
105302,18,South Indian,810,Coimbatore,Dinner,37,Credit Card,Anjappar,20,3
105303,43,Fast Food,307,Trichy,Evening,41,Credit Card,Burger King,20,5
105304,51,Fast Food,290,Chennai,Late Night,45,Credit Card,Anjappar,20,4
105305,32,Chinese,556,Madurai,Lunch,31,Credit Card,SS Hyderabad Biryani,0,5
105306,35,Biryani,224,Chennai,Dinner,65,UPI,Local Kitchen,100,4
105307,33,South Indian,257,Bangalore,Late Night,23,UPI,Chinese Wok,50,5
105308,31,North Indian,541,Trichy,Dinner,16,Credit Card,KFC,50,5
105309,51,Pizza,830,Coimbatore,Breakfast,42,Credit Card,Saravana Bhavan,50,5
105310,51,Biryani,672,Madurai,Dinner,29,UPI,Anjappar,20,5
105311,30,North Indian,489,Trichy,Lunch,37,UPI,Chinese Wok,20,5
105312,38,Chinese,517,Chennai,Breakfast,38,UPI,Saravana Bhavan,30,4
105313,54,Biryani,417,Madurai,Lunch,39,Credit Card,Local Kitchen,50,4
105314,57,Biryani,289,Salem,Lunch,22,Credit Card,Hotel Aryaas,20,5
105315,34,Biryani,454,Bangalore,Dinner,27,UPI,SS Hyderabad Biryani,30,4
105316,33,Pizza,340,Chennai,Evening,46,Credit Card,Anjappar,50,2
105317,28,Biryani,548,Chennai,Dinner,29,UPI,Anjappar,20,4
105318,57,Fast Food,725,Chennai,Breakfast,34,Debit Card,Chinese Wok,75,5
105319,25,Chinese,290,Chennai,Breakfast,29,Cash on Delivery,A2B,0,5
105320,36,South Indian,229,Bangalore,Breakfast,40,UPI,Local Kitchen,75,3
105321,28,Pizza,940,Chennai,Lunch,30,UPI,Dominos,0,5
105322,28,Chinese,693,Chennai,Evening,51,Debit Card,Hotel Aryaas,30,3
105323,32,Biryani,727,Coimbatore,Dinner,27,Wallet,Anjappar,30,5
105324,60,North Indian,222,Coimbatore,Late Night,20,Credit Card,Local Kitchen,0,5
105325,20,Fast Food,607,Bangalore,Evening,22,UPI,KFC,100,4
105326,36,South Indian,430,Madurai,Breakfast,46,Wallet,A2B,0,4
105327,22,Chinese,735,Chennai,Lunch,22,Credit Card,Saravana Bhavan,30,4
105328,25,Biryani,543,Chennai,Dinner,21,Credit Card,A2B,30,5
105329,32,North Indian,577,Chennai,Dinner,42,Credit Card,SS Hyderabad Biryani,100,4
105330,34,South Indian,608,Coimbatore,Dinner,52,UPI,SS Hyderabad Biryani,30,4
105331,28,Biryani,192,Chennai,Lunch,56,Debit Card,Burger King,0,4
105332,29,North Indian,569,Madurai,Lunch,33,Credit Card,Burger King,20,5
105333,22,South Indian,724,Chennai,Lunch,15,Wallet,KFC,75,5
105334,29,Chinese,469,Salem,Dinner,33,UPI,Dominos,50,5
105335,58,South Indian,294,Coimbatore,Lunch,47,Credit Card,Local Kitchen,0,4
105336,56,Pizza,415,Coimbatore,Dinner,24,Credit Card,SS Hyderabad Biryani,30,4
105337,30,Biryani,399,Madurai,Evening,29,Cash on Delivery,Dominos,0,5
105338,36,Fast Food,477,Madurai,Dinner,38,UPI,Anjappar,0,4
105339,53,South Indian,788,Bangalore,Lunch,46,Debit Card,Burger King,100,4
105340,18,Biryani,404,Salem,Dinner,25,Credit Card,Hotel Aryaas,50,5
105341,45,Chinese,340,Coimbatore,Breakfast,45,Credit Card,Dominos,0,3
105342,56,Fast Food,668,Trichy,Late Night,42,Cash on Delivery,Local Kitchen,20,3
105343,22,Fast Food,346,Coimbatore,Breakfast,32,Credit Card,KFC,50,4
105344,25,Biryani,445,Trichy,Breakfast,42,Debit Card,Saravana Bhavan,75,4
105345,57,Chinese,672,Chennai,Lunch,45,Credit Card,Hotel Aryaas,0,5
105346,35,Pizza,366,Coimbatore,Dinner,51,UPI,Saravana Bhavan,0,4
105347,18,Fast Food,609,Bangalore,Lunch,50,UPI,Hotel Aryaas,0,4
105348,28,South Indian,413,Chennai,Evening,23,UPI,SS Hyderabad Biryani,30,5
105349,33,Fast Food,269,Chennai,Breakfast,39,Debit Card,Chinese Wok,30,3
105350,41,Chinese,539,Coimbatore,Breakfast,34,UPI,SS Hyderabad Biryani,0,4
105351,42,Biryani,493,Bangalore,Dinner,38,Debit Card,Chinese Wok,30,5
105352,60,South Indian,497,Trichy,Lunch,35,UPI,KFC,20,4
105353,28,Chinese,270,Bangalore,Dinner,36,Credit Card,Local Kitchen,0,5
105354,35,North Indian,519,Trichy,Dinner,34,UPI,Saravana Bhavan,0,5
105355,35,Fast Food,525,Bangalore,Dinner,28,UPI,Dominos,0,5
105356,32,Pizza,751,Chennai,Lunch,37,UPI,KFC,20,4
105357,25,South Indian,510,Chennai,Evening,44,Cash on Delivery,SS Hyderabad Biryani,30,5
105358,59,North Indian,345,Bangalore,Late Night,33,UPI,Burger King,0,4
105359,48,Fast Food,640,Coimbatore,Dinner,29,UPI,Burger King,50,5
105360,34,Fast Food,809,Chennai,Lunch,37,Cash on Delivery,Saravana Bhavan,30,3
105361,37,Pizza,567,Coimbatore,Evening,38,UPI,Hotel Aryaas,50,3
105362,27,Biryani,437,Bangalore,Late Night,28,Credit Card,Burger King,20,4
105363,35,Biryani,275,Coimbatore,Evening,31,Cash on Delivery,Dominos,75,4
105364,41,Biryani,422,Trichy,Dinner,23,Debit Card,Saravana Bhavan,75,4
105365,34,Pizza,643,Madurai,Evening,38,Debit Card,Dominos,30,4
105366,60,Biryani,401,Madurai,Lunch,31,Credit Card,SS Hyderabad Biryani,50,4
105367,37,Pizza,263,Salem,Lunch,48,Debit Card,A2B,0,4
105368,31,South Indian,552,Coimbatore,Breakfast,40,Wallet,KFC,50,5
105369,43,Biryani,448,Bangalore,Lunch,42,Cash on Delivery,Local Kitchen,30,4
105370,25,Fast Food,374,Trichy,Dinner,36,Credit Card,Hotel Aryaas,0,5
105371,31,Biryani,334,Bangalore,Dinner,43,UPI,SS Hyderabad Biryani,20,4
105372,30,Chinese,393,Madurai,Dinner,18,Wallet,Hotel Aryaas,75,5
105373,32,Chinese,303,Coimbatore,Dinner,34,UPI,Saravana Bhavan,0,5
105374,44,South Indian,496,Bangalore,Evening,32,UPI,SS Hyderabad Biryani,20,5
105375,34,Biryani,333,Chennai,Lunch,46,UPI,KFC,75,4
105376,44,Chinese,214,Salem,Late Night,22,UPI,SS Hyderabad Biryani,20,5
105377,36,Pizza,592,Trichy,Evening,37,Debit Card,Saravana Bhavan,0,5
105378,30,Chinese,524,Trichy,Evening,48,UPI,SS Hyderabad Biryani,30,5
105379,45,Pizza,415,Madurai,Late Night,34,UPI,KFC,0,5
105380,27,Biryani,293,Chennai,Evening,34,UPI,Chinese Wok,100,5
105381,27,Pizza,755,Chennai,Dinner,37,UPI,Burger King,50,4
105382,34,Fast Food,612,Trichy,Dinner,33,Debit Card,Chinese Wok,30,5
105383,28,Biryani,263,Coimbatore,Lunch,39,Credit Card,Chinese Wok,20,4
105384,18,Pizza,498,Chennai,Breakfast,46,Debit Card,Hotel Aryaas,30,3
105385,39,North Indian,366,Bangalore,Late Night,38,Debit Card,Hotel Aryaas,20,4
105386,34,Chinese,326,Coimbatore,Evening,34,UPI,Anjappar,0,4
105387,33,Fast Food,684,Bangalore,Breakfast,43,Debit Card,KFC,20,3
105388,58,Fast Food,639,Coimbatore,Evening,50,Debit Card,Burger King,0,4
105389,36,South Indian,326,Madurai,Dinner,28,UPI,Saravana Bhavan,75,5
105390,49,North Indian,423,Trichy,Dinner,54,UPI,Local Kitchen,100,4
105391,25,Biryani,381,Chennai,Late Night,29,UPI,Local Kitchen,0,4
105392,36,Pizza,349,Coimbatore,Late Night,38,UPI,Dominos,100,4
105393,49,Fast Food,476,Coimbatore,Late Night,38,Credit Card,Local Kitchen,30,4
105394,36,Pizza,302,Salem,Breakfast,39,UPI,Anjappar,0,4
105395,41,North Indian,282,Coimbatore,Dinner,18,UPI,Dominos,30,5
105396,31,South Indian,411,Coimbatore,Lunch,22,UPI,Local Kitchen,0,5
105397,22,Fast Food,393,Bangalore,Lunch,31,UPI,Chinese Wok,0,3
105398,33,Pizza,247,Coimbatore,Dinner,28,UPI,Chinese Wok,0,4
105399,31,South Indian,635,Salem,Evening,40,Credit Card,KFC,75,3
105400,49,Chinese,942,Trichy,Late Night,47,UPI,Chinese Wok,100,4
105401,27,Chinese,703,Bangalore,Breakfast,15,Cash on Delivery,Dominos,20,5
105402,58,Biryani,273,Bangalore,Dinner,23,Cash on Delivery,Chinese Wok,0,4
105403,57,Pizza,674,Chennai,Lunch,29,Debit Card,A2B,20,4
105404,27,Biryani,295,Madurai,Lunch,23,UPI,Burger King,20,5
105405,30,North Indian,527,Madurai,Evening,31,Cash on Delivery,Hotel Aryaas,30,5
105406,51,Fast Food,382,Coimbatore,Evening,26,UPI,Burger King,0,4
105407,58,Chinese,565,Chennai,Evening,39,UPI,Saravana Bhavan,30,5
105408,33,Fast Food,435,Salem,Late Night,62,Debit Card,Chinese Wok,20,3
105409,29,Fast Food,613,Coimbatore,Dinner,26,UPI,Burger King,30,5
105410,35,Fast Food,710,Bangalore,Lunch,47,Credit Card,Chinese Wok,30,4
105411,40,Chinese,466,Chennai,Lunch,61,Debit Card,Chinese Wok,30,3
105412,28,South Indian,344,Coimbatore,Evening,28,UPI,KFC,0,4
105413,42,Pizza,522,Trichy,Evening,56,UPI,Local Kitchen,0,3
105414,20,Fast Food,994,Coimbatore,Dinner,26,Wallet,Dominos,20,5
105415,20,Chinese,311,Bangalore,Lunch,47,Debit Card,KFC,50,5
105416,31,Chinese,309,Chennai,Dinner,26,UPI,Saravana Bhavan,20,4
105417,30,Biryani,398,Coimbatore,Breakfast,16,Credit Card,Local Kitchen,20,5
105418,29,Fast Food,408,Salem,Dinner,45,UPI,Anjappar,50,5
105419,34,South Indian,421,Bangalore,Dinner,40,Cash on Delivery,Hotel Aryaas,75,4
105420,29,Fast Food,704,Trichy,Lunch,34,UPI,A2B,50,5
105421,26,Fast Food,555,Trichy,Dinner,18,Debit Card,KFC,20,5
105422,29,Chinese,526,Salem,Dinner,48,Wallet,Anjappar,0,4
105423,58,Biryani,456,Trichy,Dinner,45,Wallet,Chinese Wok,100,5
105424,32,Chinese,347,Chennai,Evening,16,UPI,Burger King,20,4
105425,33,North Indian,402,Salem,Late Night,37,Wallet,SS Hyderabad Biryani,20,5
105426,36,South Indian,378,Chennai,Dinner,40,UPI,SS Hyderabad Biryani,30,4
105427,59,South Indian,455,Chennai,Evening,23,UPI,KFC,30,4
105428,27,Biryani,280,Chennai,Lunch,44,UPI,Dominos,0,3
105429,40,Pizza,302,Coimbatore,Breakfast,59,Credit Card,Dominos,75,5
105430,41,Fast Food,296,Bangalore,Lunch,45,Credit Card,Anjappar,75,4
105431,37,South Indian,246,Coimbatore,Late Night,52,Debit Card,Saravana Bhavan,0,5
105432,22,North Indian,622,Chennai,Evening,43,Wallet,Saravana Bhavan,75,5
105433,40,South Indian,603,Coimbatore,Dinner,23,UPI,Local Kitchen,0,5
105434,21,Chinese,423,Coimbatore,Lunch,43,UPI,Anjappar,0,4
105435,37,South Indian,445,Madurai,Evening,21,Credit Card,Hotel Aryaas,30,5
105436,42,Biryani,283,Chennai,Late Night,29,Debit Card,Chinese Wok,100,5
105437,26,Pizza,1038,Chennai,Breakfast,32,UPI,Chinese Wok,30,4
105438,47,Biryani,462,Chennai,Dinner,30,Cash on Delivery,KFC,20,5
105439,19,Chinese,478,Coimbatore,Late Night,26,UPI,Chinese Wok,30,4
105440,47,Biryani,521,Bangalore,Late Night,32,Debit Card,Saravana Bhavan,0,5
105441,33,Pizza,646,Coimbatore,Dinner,33,UPI,Dominos,100,5
105442,27,Biryani,535,Coimbatore,Dinner,47,Credit Card,Hotel Aryaas,100,3
105443,24,South Indian,461,Coimbatore,Dinner,38,Cash on Delivery,Saravana Bhavan,50,5
105444,56,South Indian,441,Coimbatore,Lunch,44,UPI,SS Hyderabad Biryani,0,3
105445,21,South Indian,298,Salem,Dinner,32,Cash on Delivery,Local Kitchen,30,4
105446,26,Fast Food,649,Chennai,Late Night,44,Credit Card,SS Hyderabad Biryani,20,4
105447,30,South Indian,534,Trichy,Evening,15,Debit Card,A2B,100,5
105448,38,Fast Food,465,Madurai,Lunch,21,Debit Card,A2B,0,4
105449,35,South Indian,399,Chennai,Dinner,44,UPI,Local Kitchen,20,4
105450,24,Fast Food,419,Salem,Dinner,28,Cash on Delivery,Anjappar,30,4
105451,29,South Indian,432,Madurai,Lunch,35,UPI,Saravana Bhavan,75,5
105452,27,Fast Food,354,Madurai,Dinner,15,Credit Card,Local Kitchen,50,5
105453,27,North Indian,586,Coimbatore,Dinner,30,Cash on Delivery,KFC,100,4
105454,32,South Indian,338,Bangalore,Dinner,22,UPI,Chinese Wok,0,5
105455,41,Biryani,614,Chennai,Lunch,27,Credit Card,KFC,0,5
105456,27,South Indian,556,Chennai,Lunch,35,UPI,A2B,30,5
105457,31,Pizza,442,Trichy,Dinner,35,UPI,Burger King,20,4
105458,31,Biryani,275,Trichy,Dinner,32,UPI,A2B,20,5
105459,58,Chinese,479,Chennai,Lunch,43,Cash on Delivery,Dominos,50,4
105460,57,South Indian,396,Madurai,Lunch,30,UPI,Dominos,30,5
105461,45,Biryani,590,Madurai,Lunch,31,UPI,SS Hyderabad Biryani,20,4
105462,27,Pizza,456,Chennai,Evening,22,Cash on Delivery,KFC,30,5
105463,21,Fast Food,577,Coimbatore,Late Night,46,UPI,Anjappar,100,2
105464,29,Fast Food,290,Coimbatore,Dinner,26,Debit Card,Saravana Bhavan,20,5
105465,28,Pizza,433,Madurai,Dinner,20,Credit Card,Burger King,30,5
105466,34,Chinese,296,Trichy,Evening,22,Debit Card,Hotel Aryaas,20,4
105467,44,North Indian,331,Chennai,Evening,36,UPI,Local Kitchen,30,5
105468,48,Chinese,498,Bangalore,Lunch,33,Debit Card,Hotel Aryaas,75,4
105469,47,Chinese,299,Madurai,Dinner,32,Cash on Delivery,Hotel Aryaas,50,5
105470,30,Pizza,301,Madurai,Evening,44,UPI,Saravana Bhavan,0,3
105471,40,Biryani,472,Chennai,Dinner,24,UPI,Chinese Wok,0,5
105472,29,Pizza,303,Bangalore,Evening,39,Wallet,Dominos,0,4
105473,21,South Indian,660,Trichy,Lunch,35,UPI,Local Kitchen,75,5
105474,41,Biryani,234,Coimbatore,Lunch,38,UPI,Dominos,30,4
105475,18,South Indian,683,Coimbatore,Dinner,35,UPI,Saravana Bhavan,20,4
105476,32,Biryani,559,Trichy,Lunch,27,UPI,A2B,20,3
105477,30,Chinese,266,Chennai,Lunch,15,Credit Card,Chinese Wok,20,5
105478,41,South Indian,362,Trichy,Late Night,42,UPI,Burger King,20,4
105479,43,North Indian,793,Coimbatore,Dinner,34,UPI,KFC,50,4
105480,29,Biryani,476,Chennai,Lunch,35,Cash on Delivery,Saravana Bhavan,50,3
105481,45,South Indian,430,Chennai,Lunch,34,Debit Card,A2B,20,4
105482,29,Biryani,840,Chennai,Lunch,19,UPI,Hotel Aryaas,50,5
105483,33,South Indian,580,Chennai,Dinner,36,UPI,Burger King,30,3
105484,42,Chinese,413,Madurai,Dinner,34,Wallet,Local Kitchen,30,3
105485,41,Chinese,523,Chennai,Lunch,33,Wallet,A2B,50,5
105486,59,Pizza,366,Salem,Dinner,51,Wallet,KFC,0,4
105487,27,Pizza,468,Bangalore,Lunch,35,Wallet,Saravana Bhavan,75,5
105488,39,Biryani,682,Coimbatore,Lunch,33,Credit Card,SS Hyderabad Biryani,20,4
105489,37,Fast Food,424,Coimbatore,Late Night,32,UPI,A2B,20,4
105490,53,Chinese,462,Madurai,Lunch,23,Wallet,Burger King,20,3
105491,25,South Indian,335,Coimbatore,Dinner,35,Debit Card,Dominos,75,5
105492,43,Biryani,677,Chennai,Dinner,37,Debit Card,A2B,75,4
105493,36,South Indian,427,Trichy,Breakfast,27,Debit Card,Burger King,0,4
105494,28,Fast Food,364,Coimbatore,Evening,41,Credit Card,Burger King,30,4
105495,33,Fast Food,360,Chennai,Evening,39,Credit Card,Anjappar,20,5
105496,30,Pizza,658,Bangalore,Late Night,33,UPI,Burger King,0,5
105497,36,Fast Food,447,Bangalore,Evening,42,UPI,A2B,30,5
105498,51,Biryani,604,Chennai,Evening,30,UPI,Saravana Bhavan,20,5
105499,36,Biryani,365,Trichy,Lunch,42,Credit Card,Saravana Bhavan,50,5
105500,38,Pizza,504,Bangalore,Dinner,29,Cash on Delivery,Burger King,75,4
105501,34,North Indian,652,Bangalore,Lunch,50,UPI,Saravana Bhavan,0,4
105502,20,Chinese,721,Coimbatore,Breakfast,28,Cash on Delivery,A2B,30,4
105503,27,Fast Food,455,Salem,Late Night,32,UPI,Dominos,30,5
105504,34,North Indian,459,Chennai,Lunch,25,Wallet,Local Kitchen,20,5
105505,29,Chinese,600,Bangalore,Lunch,39,UPI,Chinese Wok,75,5
105506,26,Pizza,422,Coimbatore,Dinner,23,Credit Card,Saravana Bhavan,75,5
105507,34,Pizza,534,Madurai,Dinner,33,UPI,Chinese Wok,50,4
105508,29,Fast Food,556,Chennai,Breakfast,20,UPI,Burger King,30,5
105509,28,South Indian,254,Chennai,Lunch,39,UPI,SS Hyderabad Biryani,0,4
105510,33,Biryani,603,Trichy,Breakfast,40,Debit Card,SS Hyderabad Biryani,20,4
105511,24,Fast Food,677,Coimbatore,Breakfast,35,UPI,Dominos,50,4
105512,54,Pizza,410,Coimbatore,Dinner,29,Wallet,A2B,0,5
105513,49,North Indian,636,Bangalore,Dinner,41,Debit Card,Local Kitchen,50,3
105514,41,Chinese,453,Madurai,Dinner,25,UPI,SS Hyderabad Biryani,30,4
105515,23,South Indian,603,Chennai,Evening,27,Credit Card,SS Hyderabad Biryani,20,5
105516,44,Biryani,389,Chennai,Dinner,41,UPI,Dominos,75,4
105517,45,Biryani,404,Salem,Dinner,39,Credit Card,Chinese Wok,30,4
105518,43,Fast Food,303,Bangalore,Late Night,39,Debit Card,Local Kitchen,20,4
105519,23,South Indian,476,Coimbatore,Evening,57,UPI,A2B,0,4
105520,39,South Indian,153,Trichy,Dinner,36,Debit Card,Anjappar,0,5
105521,46,Biryani,411,Bangalore,Evening,30,Credit Card,A2B,100,5
105522,36,North Indian,248,Chennai,Evening,33,Credit Card,Saravana Bhavan,75,5
105523,39,Fast Food,664,Chennai,Dinner,15,Debit Card,Burger King,50,5
105524,33,Pizza,812,Coimbatore,Lunch,38,UPI,Hotel Aryaas,30,4
105525,35,South Indian,525,Trichy,Dinner,48,UPI,A2B,75,3
105526,19,Biryani,649,Chennai,Dinner,31,UPI,SS Hyderabad Biryani,50,4
105527,39,Pizza,337,Chennai,Dinner,47,Debit Card,KFC,30,4
105528,22,Chinese,402,Trichy,Dinner,24,UPI,KFC,50,5
105529,32,South Indian,534,Chennai,Evening,26,Cash on Delivery,Burger King,0,4
105530,29,South Indian,472,Bangalore,Lunch,26,Credit Card,Burger King,75,5
105531,35,Biryani,401,Chennai,Late Night,19,Debit Card,Saravana Bhavan,0,4
105532,24,Chinese,998,Bangalore,Evening,49,UPI,Burger King,75,4
105533,40,North Indian,321,Coimbatore,Dinner,39,UPI,Dominos,0,5
105534,44,Biryani,967,Chennai,Breakfast,40,Debit Card,Dominos,20,3
105535,25,Fast Food,536,Bangalore,Lunch,27,UPI,Hotel Aryaas,50,4
105536,23,North Indian,472,Madurai,Lunch,42,UPI,A2B,0,4
105537,25,Fast Food,421,Madurai,Dinner,29,UPI,Anjappar,100,4
105538,50,Chinese,330,Bangalore,Lunch,29,UPI,SS Hyderabad Biryani,50,4
105539,35,South Indian,345,Bangalore,Breakfast,45,UPI,Chinese Wok,20,3
105540,33,South Indian,747,Bangalore,Lunch,26,Cash on Delivery,Local Kitchen,75,5
105541,23,Fast Food,927,Bangalore,Lunch,24,UPI,Saravana Bhavan,0,4
105542,39,Fast Food,389,Madurai,Lunch,23,Debit Card,Saravana Bhavan,0,4
105543,49,Biryani,421,Bangalore,Lunch,33,UPI,Anjappar,20,5
105544,46,Chinese,709,Bangalore,Dinner,55,Cash on Delivery,Burger King,0,4
105545,38,Chinese,373,Chennai,Evening,31,Debit Card,Local Kitchen,75,4
105546,21,Chinese,229,Chennai,Evening,21,UPI,Burger King,20,5
105547,23,Chinese,309,Chennai,Late Night,28,Debit Card,Burger King,30,4
105548,20,Fast Food,381,Salem,Evening,29,UPI,Local Kitchen,75,4
105549,28,Biryani,423,Madurai,Late Night,34,Cash on Delivery,Hotel Aryaas,0,4
105550,25,Pizza,377,Bangalore,Lunch,38,Cash on Delivery,SS Hyderabad Biryani,100,4
105551,28,South Indian,462,Chennai,Evening,15,UPI,Anjappar,50,5
105552,31,Fast Food,355,Chennai,Evening,22,Credit Card,SS Hyderabad Biryani,0,4
105553,56,Biryani,559,Trichy,Dinner,21,Credit Card,KFC,30,4
105554,37,Biryani,695,Trichy,Dinner,44,Credit Card,Burger King,75,5
105555,46,Fast Food,323,Chennai,Lunch,24,UPI,Local Kitchen,75,4
105556,41,Pizza,426,Madurai,Dinner,37,UPI,A2B,50,5
105557,23,North Indian,358,Coimbatore,Evening,39,Cash on Delivery,Local Kitchen,100,5
105558,42,North Indian,593,Coimbatore,Breakfast,29,UPI,Chinese Wok,30,4
105559,28,North Indian,318,Madurai,Dinner,15,UPI,Burger King,20,5
105560,39,North Indian,581,Bangalore,Dinner,46,UPI,KFC,0,3
105561,30,South Indian,415,Madurai,Lunch,47,UPI,Saravana Bhavan,30,3
105562,60,Biryani,857,Chennai,Breakfast,34,Debit Card,Hotel Aryaas,75,5
105563,28,Pizza,583,Coimbatore,Dinner,27,Credit Card,Chinese Wok,0,5
105564,28,Biryani,729,Coimbatore,Late Night,52,Credit Card,Hotel Aryaas,0,4
105565,54,Fast Food,734,Coimbatore,Breakfast,27,Debit Card,Burger King,100,5
105566,19,Fast Food,373,Bangalore,Late Night,42,Cash on Delivery,Saravana Bhavan,50,3
105567,41,South Indian,522,Coimbatore,Evening,19,UPI,Dominos,20,5
105568,42,Fast Food,682,Coimbatore,Late Night,39,UPI,SS Hyderabad Biryani,75,5
105569,46,Biryani,570,Coimbatore,Dinner,21,UPI,Saravana Bhavan,0,5
105570,58,South Indian,190,Madurai,Dinner,38,Cash on Delivery,Dominos,50,4
105571,58,Pizza,275,Bangalore,Dinner,34,Credit Card,SS Hyderabad Biryani,0,5
105572,21,South Indian,364,Bangalore,Breakfast,30,UPI,Anjappar,30,4
105573,45,Pizza,260,Chennai,Breakfast,30,UPI,KFC,30,5
105574,39,Biryani,878,Coimbatore,Evening,45,Cash on Delivery,Hotel Aryaas,50,4
105575,39,Biryani,861,Chennai,Lunch,33,UPI,Hotel Aryaas,75,4
105576,24,South Indian,329,Chennai,Evening,38,UPI,Chinese Wok,50,4
105577,39,South Indian,473,Chennai,Late Night,62,Debit Card,Chinese Wok,20,3
105578,59,Chinese,327,Chennai,Lunch,21,Cash on Delivery,Saravana Bhavan,75,4
105579,53,Pizza,542,Bangalore,Evening,26,UPI,Hotel Aryaas,0,5
105580,32,Chinese,373,Salem,Evening,17,Debit Card,Anjappar,50,4
105581,20,North Indian,393,Chennai,Dinner,17,UPI,Hotel Aryaas,30,5
105582,30,Fast Food,917,Trichy,Lunch,53,Debit Card,KFC,20,3
105583,45,Biryani,529,Chennai,Lunch,30,Credit Card,Hotel Aryaas,50,4
105584,41,South Indian,675,Bangalore,Dinner,15,Cash on Delivery,KFC,0,5
105585,33,Biryani,613,Bangalore,Dinner,31,UPI,A2B,75,5
105586,20,Fast Food,511,Trichy,Dinner,29,Debit Card,SS Hyderabad Biryani,20,5
105587,32,Biryani,324,Chennai,Dinner,24,Debit Card,Saravana Bhavan,75,4
105588,33,Fast Food,180,Coimbatore,Evening,30,Cash on Delivery,KFC,20,5
105589,54,Biryani,430,Chennai,Dinner,36,Credit Card,SS Hyderabad Biryani,50,4
105590,39,Biryani,381,Coimbatore,Evening,30,Credit Card,A2B,75,5
105591,29,Chinese,261,Salem,Lunch,43,UPI,Saravana Bhavan,50,4
105592,35,South Indian,478,Madurai,Evening,33,Cash on Delivery,Chinese Wok,0,4
105593,21,Chinese,330,Madurai,Lunch,34,Cash on Delivery,Anjappar,50,4
105594,58,Chinese,880,Bangalore,Evening,32,UPI,SS Hyderabad Biryani,50,5
105595,30,Biryani,454,Trichy,Lunch,22,UPI,Local Kitchen,100,5
105596,33,Fast Food,206,Coimbatore,Dinner,22,Credit Card,Anjappar,20,5
105597,30,Biryani,546,Chennai,Evening,35,UPI,Hotel Aryaas,100,5
105598,40,Pizza,560,Trichy,Dinner,26,UPI,A2B,50,4
105599,39,Chinese,747,Chennai,Evening,40,UPI,A2B,20,4
105600,41,Biryani,481,Chennai,Late Night,31,Debit Card,KFC,30,5
105601,28,Fast Food,600,Chennai,Breakfast,26,Cash on Delivery,SS Hyderabad Biryani,50,5
105602,29,North Indian,457,Bangalore,Dinner,37,UPI,Burger King,0,5
105603,24,South Indian,363,Bangalore,Dinner,34,Wallet,Hotel Aryaas,20,4
105604,39,Pizza,653,Chennai,Late Night,17,Credit Card,Local Kitchen,75,4
105605,20,Fast Food,286,Madurai,Evening,16,Cash on Delivery,Local Kitchen,0,5
105606,37,Biryani,605,Madurai,Lunch,40,UPI,Chinese Wok,30,5
105607,49,Pizza,318,Salem,Lunch,27,Credit Card,Anjappar,30,5
105608,51,Chinese,751,Bangalore,Lunch,36,UPI,Saravana Bhavan,20,5
105609,33,Chinese,371,Madurai,Evening,36,UPI,Local Kitchen,20,4
105610,33,South Indian,389,Madurai,Dinner,46,Wallet,A2B,75,4
105611,22,South Indian,274,Chennai,Lunch,50,Cash on Delivery,Burger King,0,5
105612,40,Chinese,455,Coimbatore,Lunch,23,Debit Card,Dominos,0,5
105613,45,Fast Food,458,Coimbatore,Lunch,33,UPI,SS Hyderabad Biryani,75,3
105614,27,Fast Food,976,Chennai,Lunch,33,UPI,Chinese Wok,0,4
105615,32,Pizza,678,Coimbatore,Late Night,49,UPI,Anjappar,0,3
105616,47,Fast Food,351,Coimbatore,Dinner,20,Debit Card,Burger King,30,5
105617,50,South Indian,504,Chennai,Lunch,48,UPI,Dominos,100,5
105618,27,Chinese,414,Chennai,Lunch,40,Wallet,Local Kitchen,20,5
105619,35,North Indian,341,Coimbatore,Late Night,29,UPI,KFC,30,5
105620,26,South Indian,362,Madurai,Breakfast,43,UPI,Dominos,75,4
105621,23,South Indian,389,Trichy,Dinner,30,Cash on Delivery,SS Hyderabad Biryani,50,5
105622,53,Pizza,459,Bangalore,Late Night,18,Debit Card,Chinese Wok,100,5
105623,45,Pizza,389,Coimbatore,Evening,35,Credit Card,Dominos,30,5
105624,43,Chinese,194,Coimbatore,Breakfast,31,Cash on Delivery,A2B,20,4
105625,20,South Indian,426,Chennai,Lunch,29,Wallet,Saravana Bhavan,20,3
105626,47,Fast Food,454,Chennai,Late Night,26,Cash on Delivery,Chinese Wok,100,3
105627,32,South Indian,625,Madurai,Breakfast,40,Cash on Delivery,Local Kitchen,75,4
105628,30,Pizza,318,Coimbatore,Evening,34,UPI,SS Hyderabad Biryani,75,5
105629,35,Pizza,538,Madurai,Dinner,29,Credit Card,Saravana Bhavan,0,4
105630,22,Biryani,931,Madurai,Dinner,28,Debit Card,Hotel Aryaas,30,5
105631,43,South Indian,364,Chennai,Evening,29,Credit Card,Chinese Wok,0,5
105632,36,South Indian,458,Bangalore,Lunch,28,Credit Card,Burger King,30,5
105633,26,North Indian,841,Coimbatore,Dinner,30,Cash on Delivery,Burger King,0,5
105634,26,Chinese,449,Coimbatore,Lunch,41,UPI,Anjappar,0,3
105635,26,Fast Food,282,Bangalore,Lunch,30,Credit Card,Local Kitchen,20,5
105636,20,Biryani,433,Salem,Dinner,36,Credit Card,Hotel Aryaas,75,5
105637,37,South Indian,820,Trichy,Lunch,30,UPI,Burger King,0,5
105638,47,Biryani,858,Trichy,Breakfast,16,UPI,Local Kitchen,75,5
105639,18,Pizza,641,Chennai,Lunch,36,Debit Card,Chinese Wok,30,5
105640,20,Chinese,562,Chennai,Evening,27,Cash on Delivery,Chinese Wok,0,4
105641,36,South Indian,398,Chennai,Dinner,41,Credit Card,Chinese Wok,100,5
105642,45,South Indian,415,Chennai,Dinner,51,Credit Card,A2B,0,4
105643,29,North Indian,323,Coimbatore,Dinner,27,Debit Card,Dominos,0,4
105644,30,Fast Food,306,Bangalore,Dinner,43,Wallet,Local Kitchen,0,5
105645,37,Fast Food,581,Bangalore,Dinner,30,UPI,Chinese Wok,75,5
105646,28,North Indian,412,Trichy,Lunch,31,Debit Card,Anjappar,20,5
105647,19,Pizza,577,Salem,Evening,38,Credit Card,Saravana Bhavan,75,5
105648,42,Pizza,263,Chennai,Dinner,15,Credit Card,Saravana Bhavan,0,5
105649,38,Biryani,375,Trichy,Breakfast,17,UPI,Burger King,100,5
105650,36,Biryani,248,Coimbatore,Lunch,35,Wallet,Hotel Aryaas,75,4
105651,42,Biryani,766,Coimbatore,Evening,15,UPI,Burger King,30,4
105652,40,Fast Food,594,Madurai,Dinner,45,UPI,KFC,0,3
105653,26,Pizza,451,Chennai,Evening,47,UPI,Hotel Aryaas,0,4
105654,30,Fast Food,727,Trichy,Dinner,38,Debit Card,Anjappar,0,5
105655,24,Chinese,323,Bangalore,Evening,33,Debit Card,Burger King,50,5
105656,24,Fast Food,729,Trichy,Late Night,45,UPI,Local Kitchen,20,5
105657,40,Fast Food,178,Salem,Evening,29,UPI,Saravana Bhavan,0,5
105658,48,North Indian,516,Bangalore,Evening,30,UPI,A2B,20,5
105659,57,Fast Food,261,Chennai,Breakfast,33,Debit Card,Anjappar,30,5
105660,38,Fast Food,484,Chennai,Lunch,26,Cash on Delivery,A2B,0,5
105661,26,Fast Food,388,Coimbatore,Dinner,47,UPI,SS Hyderabad Biryani,30,3
105662,23,Biryani,426,Chennai,Lunch,47,Credit Card,Chinese Wok,50,4
105663,45,South Indian,758,Trichy,Lunch,25,UPI,Burger King,30,4
105664,36,Fast Food,719,Coimbatore,Dinner,27,Credit Card,Burger King,20,4
105665,38,Chinese,710,Salem,Breakfast,31,Credit Card,Saravana Bhavan,20,5
105666,44,Pizza,821,Madurai,Dinner,46,Credit Card,Local Kitchen,20,4
105667,41,South Indian,434,Chennai,Lunch,30,UPI,SS Hyderabad Biryani,75,4
105668,46,Biryani,451,Coimbatore,Evening,36,Cash on Delivery,Anjappar,0,5
105669,20,South Indian,411,Coimbatore,Dinner,23,Debit Card,Anjappar,20,5
105670,43,Biryani,461,Coimbatore,Dinner,49,Wallet,Hotel Aryaas,100,3
105671,48,South Indian,1006,Bangalore,Evening,22,UPI,Dominos,75,4
105672,28,Chinese,571,Chennai,Dinner,30,UPI,Hotel Aryaas,0,5
105673,39,Biryani,334,Madurai,Dinner,17,Debit Card,Hotel Aryaas,20,5
105674,29,Pizza,255,Coimbatore,Dinner,46,Debit Card,A2B,0,3
105675,57,North Indian,237,Madurai,Lunch,34,Wallet,Chinese Wok,50,5
105676,19,Pizza,273,Trichy,Lunch,52,UPI,Chinese Wok,0,4
105677,36,Fast Food,480,Chennai,Lunch,24,Cash on Delivery,Chinese Wok,20,4
105678,25,South Indian,320,Chennai,Lunch,44,Credit Card,Anjappar,75,5
105679,41,North Indian,490,Madurai,Breakfast,38,UPI,Anjappar,0,5
105680,26,Fast Food,280,Salem,Lunch,26,UPI,Saravana Bhavan,20,5
105681,27,Pizza,469,Coimbatore,Dinner,27,Cash on Delivery,KFC,75,5
105682,34,Biryani,301,Chennai,Dinner,39,UPI,Chinese Wok,30,4
105683,53,Biryani,321,Chennai,Lunch,34,Credit Card,Chinese Wok,50,4
105684,27,Chinese,449,Coimbatore,Dinner,27,Credit Card,SS Hyderabad Biryani,100,3
105685,25,Pizza,366,Coimbatore,Dinner,51,UPI,Hotel Aryaas,75,5
105686,43,Pizza,597,Coimbatore,Evening,34,Debit Card,Burger King,20,5
105687,34,North Indian,593,Bangalore,Evening,30,UPI,Local Kitchen,20,5
105688,53,Biryani,472,Chennai,Breakfast,23,Debit Card,KFC,0,4
105689,25,Fast Food,707,Chennai,Dinner,29,UPI,Chinese Wok,20,4
105690,39,North Indian,318,Coimbatore,Evening,15,UPI,Dominos,50,4
105691,27,Biryani,297,Trichy,Evening,34,Debit Card,KFC,20,5
105692,25,Chinese,247,Coimbatore,Evening,41,Cash on Delivery,Burger King,75,4
105693,40,South Indian,486,Salem,Dinner,48,UPI,Chinese Wok,30,4
105694,37,Biryani,270,Bangalore,Dinner,30,Credit Card,Burger King,20,5
105695,43,Fast Food,379,Chennai,Evening,39,UPI,Anjappar,20,4
105696,29,South Indian,336,Chennai,Breakfast,31,Cash on Delivery,Hotel Aryaas,50,5
105697,33,Pizza,258,Madurai,Dinner,16,Wallet,Saravana Bhavan,20,5
105698,32,Chinese,386,Bangalore,Dinner,15,Credit Card,Chinese Wok,50,5
105699,59,Chinese,348,Bangalore,Dinner,33,UPI,Local Kitchen,20,3
105700,29,South Indian,406,Madurai,Late Night,15,Cash on Delivery,SS Hyderabad Biryani,75,4
105701,29,Fast Food,481,Madurai,Lunch,31,Credit Card,KFC,0,4
105702,30,Biryani,853,Chennai,Lunch,30,UPI,KFC,20,5
105703,36,Fast Food,343,Trichy,Dinner,16,UPI,Hotel Aryaas,30,3
105704,28,Biryani,541,Bangalore,Lunch,15,Credit Card,Hotel Aryaas,50,5
105705,53,Biryani,296,Coimbatore,Breakfast,27,Credit Card,Burger King,0,5
105706,28,South Indian,793,Bangalore,Evening,49,UPI,Anjappar,75,3
105707,51,Fast Food,414,Bangalore,Lunch,36,UPI,Saravana Bhavan,0,4
105708,23,Biryani,706,Chennai,Lunch,27,UPI,Burger King,0,5
105709,39,South Indian,499,Coimbatore,Late Night,26,Credit Card,Burger King,20,5
105710,52,South Indian,534,Coimbatore,Lunch,37,UPI,A2B,75,4
105711,25,Biryani,171,Coimbatore,Lunch,35,UPI,A2B,0,5
105712,58,North Indian,740,Chennai,Lunch,41,UPI,KFC,30,4
105713,33,Biryani,584,Chennai,Dinner,51,Cash on Delivery,Saravana Bhavan,20,4
105714,56,Pizza,1036,Chennai,Dinner,45,UPI,Chinese Wok,50,4
105715,40,Biryani,462,Coimbatore,Lunch,45,Cash on Delivery,Burger King,0,4
105716,29,Pizza,654,Trichy,Lunch,33,Credit Card,Anjappar,30,5
105717,26,Biryani,618,Chennai,Dinner,15,Debit Card,A2B,75,5
105718,29,Chinese,601,Coimbatore,Lunch,15,Cash on Delivery,Burger King,0,5
105719,22,Fast Food,584,Coimbatore,Late Night,38,UPI,Burger King,75,4
105720,25,Chinese,319,Madurai,Dinner,28,Debit Card,SS Hyderabad Biryani,0,4
105721,23,Fast Food,452,Chennai,Lunch,50,Debit Card,Burger King,0,3
105722,32,Biryani,316,Chennai,Dinner,48,Wallet,Local Kitchen,20,5
105723,44,Pizza,491,Chennai,Lunch,35,UPI,Hotel Aryaas,30,4
105724,25,Biryani,517,Salem,Lunch,29,Credit Card,Local Kitchen,20,5
105725,24,North Indian,281,Bangalore,Lunch,24,Wallet,Local Kitchen,0,4
105726,39,Biryani,329,Chennai,Dinner,50,UPI,Local Kitchen,30,4
105727,26,South Indian,398,Chennai,Lunch,35,Wallet,SS Hyderabad Biryani,0,4
105728,23,Chinese,316,Chennai,Evening,27,Cash on Delivery,Hotel Aryaas,0,3
105729,25,Fast Food,338,Chennai,Breakfast,33,UPI,Burger King,75,5
105730,54,Biryani,512,Madurai,Dinner,31,UPI,Chinese Wok,30,5
105731,45,Chinese,405,Coimbatore,Lunch,52,UPI,Local Kitchen,20,4
105732,30,Pizza,598,Bangalore,Lunch,36,UPI,A2B,20,5
105733,39,North Indian,402,Coimbatore,Dinner,34,UPI,Dominos,30,4
105734,35,Fast Food,535,Bangalore,Dinner,20,Wallet,SS Hyderabad Biryani,0,4
105735,40,South Indian,338,Chennai,Dinner,39,Credit Card,Anjappar,50,4
105736,40,Fast Food,396,Coimbatore,Lunch,34,UPI,Chinese Wok,20,5
105737,38,Fast Food,489,Bangalore,Dinner,39,UPI,Hotel Aryaas,30,3
105738,28,Chinese,449,Chennai,Evening,35,Credit Card,Hotel Aryaas,0,5
105739,20,Fast Food,249,Bangalore,Lunch,31,Credit Card,Hotel Aryaas,0,5
105740,33,South Indian,155,Trichy,Dinner,34,Debit Card,Saravana Bhavan,0,4
105741,51,Fast Food,425,Chennai,Dinner,26,Credit Card,KFC,20,5
105742,36,Chinese,578,Trichy,Dinner,36,Cash on Delivery,Burger King,0,4
105743,46,North Indian,451,Chennai,Late Night,47,Debit Card,Hotel Aryaas,50,4
105744,60,Chinese,281,Coimbatore,Dinner,43,UPI,Anjappar,0,4
105745,25,South Indian,622,Bangalore,Breakfast,31,UPI,A2B,75,4
105746,40,Pizza,214,Bangalore,Dinner,32,UPI,Saravana Bhavan,50,5
105747,40,Chinese,532,Chennai,Lunch,40,UPI,Dominos,20,5
105748,59,Biryani,323,Madurai,Evening,38,UPI,KFC,30,5
105749,59,Biryani,474,Salem,Lunch,34,UPI,Saravana Bhavan,50,5
105750,40,Biryani,255,Chennai,Lunch,28,UPI,Hotel Aryaas,20,4
105751,27,South Indian,465,Trichy,Dinner,25,Credit Card,Anjappar,0,5
105752,44,Pizza,783,Bangalore,Evening,25,UPI,Anjappar,20,5
105753,23,Fast Food,400,Salem,Dinner,32,Credit Card,SS Hyderabad Biryani,30,5
105754,44,Fast Food,442,Chennai,Dinner,37,Wallet,Hotel Aryaas,75,5
105755,53,North Indian,512,Madurai,Lunch,17,Credit Card,KFC,0,5
105756,31,Pizza,413,Chennai,Dinner,41,Credit Card,Hotel Aryaas,0,4
105757,38,Chinese,740,Trichy,Dinner,23,Debit Card,Hotel Aryaas,100,5
105758,32,Fast Food,258,Bangalore,Dinner,27,UPI,Saravana Bhavan,20,5
105759,32,Biryani,451,Coimbatore,Dinner,31,UPI,KFC,20,5
105760,29,Biryani,531,Chennai,Evening,38,Wallet,KFC,50,5
105761,43,Biryani,516,Trichy,Evening,49,Debit Card,Saravana Bhavan,20,3
105762,55,Fast Food,361,Bangalore,Evening,29,UPI,KFC,0,4
105763,55,South Indian,696,Coimbatore,Lunch,45,UPI,A2B,100,4
105764,26,Biryani,613,Coimbatore,Dinner,30,UPI,Dominos,30,4
105765,50,Biryani,309,Trichy,Lunch,47,Wallet,Saravana Bhavan,20,4
105766,42,Biryani,704,Coimbatore,Late Night,33,Credit Card,Hotel Aryaas,50,5
105767,28,Chinese,276,Chennai,Dinner,19,UPI,Dominos,0,5
105768,21,South Indian,422,Salem,Lunch,27,Credit Card,Dominos,75,5
105769,28,South Indian,586,Coimbatore,Breakfast,34,UPI,Chinese Wok,75,5
105770,53,Fast Food,302,Coimbatore,Dinner,32,UPI,Local Kitchen,20,4
105771,38,Fast Food,632,Chennai,Dinner,24,UPI,Anjappar,0,4
105772,42,Biryani,404,Trichy,Late Night,21,Credit Card,Burger King,75,4
105773,28,Fast Food,560,Chennai,Lunch,42,Debit Card,Saravana Bhavan,100,4
105774,42,North Indian,670,Bangalore,Breakfast,15,Debit Card,Dominos,0,5
105775,19,North Indian,396,Trichy,Late Night,39,Debit Card,SS Hyderabad Biryani,100,5
105776,31,Chinese,699,Chennai,Lunch,23,Debit Card,Local Kitchen,20,5
105777,38,North Indian,409,Trichy,Dinner,53,Cash on Delivery,Saravana Bhavan,75,4
105778,25,Chinese,819,Coimbatore,Breakfast,15,UPI,Hotel Aryaas,30,5
105779,45,Biryani,245,Bangalore,Dinner,15,UPI,Hotel Aryaas,30,5
105780,27,North Indian,460,Coimbatore,Lunch,30,UPI,SS Hyderabad Biryani,30,3
105781,39,Biryani,618,Madurai,Dinner,44,UPI,A2B,100,4
105782,32,Chinese,538,Chennai,Dinner,56,UPI,Saravana Bhavan,30,3
105783,37,Fast Food,345,Chennai,Late Night,44,Cash on Delivery,Anjappar,20,4
105784,23,Fast Food,846,Salem,Breakfast,35,UPI,Dominos,30,4
105785,18,Chinese,352,Chennai,Lunch,24,UPI,Anjappar,0,5
105786,53,South Indian,601,Trichy,Breakfast,26,UPI,A2B,20,4
105787,28,Fast Food,420,Chennai,Dinner,27,UPI,Dominos,0,3
105788,45,Fast Food,423,Coimbatore,Dinner,30,UPI,Anjappar,30,3
105789,60,Fast Food,715,Trichy,Dinner,31,UPI,Local Kitchen,30,5
105790,26,North Indian,389,Chennai,Lunch,36,Cash on Delivery,Saravana Bhavan,50,4
105791,28,Pizza,413,Trichy,Evening,28,UPI,A2B,20,5
105792,39,South Indian,311,Coimbatore,Evening,36,UPI,Local Kitchen,100,5
105793,58,Biryani,634,Coimbatore,Lunch,38,Cash on Delivery,Dominos,20,4
105794,53,Pizza,327,Bangalore,Dinner,23,UPI,SS Hyderabad Biryani,0,3
105795,34,Biryani,826,Coimbatore,Breakfast,21,UPI,Hotel Aryaas,20,5
105796,44,Biryani,722,Coimbatore,Dinner,45,UPI,KFC,30,5
105797,25,Fast Food,544,Madurai,Dinner,35,Debit Card,Hotel Aryaas,50,3
105798,59,Pizza,255,Coimbatore,Late Night,32,Debit Card,Saravana Bhavan,0,5
105799,57,Biryani,339,Chennai,Dinner,20,UPI,Local Kitchen,50,5
105800,25,Biryani,773,Trichy,Lunch,42,Wallet,Anjappar,20,3
105801,29,South Indian,342,Trichy,Dinner,34,Credit Card,Dominos,0,4
105802,23,Fast Food,371,Coimbatore,Lunch,49,Debit Card,KFC,0,4
105803,28,South Indian,466,Bangalore,Lunch,36,Debit Card,Hotel Aryaas,75,5
105804,45,South Indian,523,Madurai,Dinner,31,Credit Card,A2B,0,5
105805,31,South Indian,442,Bangalore,Dinner,28,Debit Card,KFC,0,5
105806,22,Biryani,739,Coimbatore,Breakfast,50,UPI,KFC,75,4
105807,30,Biryani,683,Salem,Lunch,44,UPI,Hotel Aryaas,20,5
105808,59,Pizza,360,Chennai,Dinner,36,UPI,Chinese Wok,100,4
105809,38,Pizza,399,Bangalore,Lunch,43,UPI,A2B,20,4
105810,32,Fast Food,465,Trichy,Dinner,37,Wallet,Dominos,50,5
105811,25,Biryani,604,Madurai,Lunch,16,Cash on Delivery,KFC,0,4
105812,59,Biryani,360,Trichy,Lunch,43,UPI,Saravana Bhavan,0,4
105813,45,South Indian,510,Coimbatore,Dinner,41,UPI,Anjappar,75,4
105814,28,Chinese,624,Chennai,Dinner,23,Credit Card,Local Kitchen,100,4
105815,21,Fast Food,392,Trichy,Dinner,40,UPI,A2B,75,4
105816,20,Chinese,693,Coimbatore,Dinner,26,Debit Card,KFC,75,5
105817,24,Chinese,452,Madurai,Lunch,30,Credit Card,Chinese Wok,30,4
105818,36,North Indian,545,Chennai,Dinner,36,Credit Card,Dominos,0,4
105819,54,Biryani,613,Madurai,Evening,35,Debit Card,SS Hyderabad Biryani,20,5
105820,34,Biryani,289,Bangalore,Dinner,33,UPI,Dominos,20,4
105821,47,Biryani,546,Chennai,Evening,18,UPI,Anjappar,20,4
105822,33,Pizza,424,Coimbatore,Lunch,34,UPI,Dominos,100,4
105823,41,Pizza,378,Madurai,Lunch,51,Debit Card,SS Hyderabad Biryani,0,4
105824,42,South Indian,719,Chennai,Dinner,37,UPI,Burger King,30,3
105825,26,Biryani,816,Bangalore,Breakfast,32,Cash on Delivery,Anjappar,100,5
105826,30,Fast Food,634,Bangalore,Late Night,41,UPI,Hotel Aryaas,0,5
105827,38,Fast Food,335,Chennai,Lunch,35,Credit Card,SS Hyderabad Biryani,50,3
105828,21,South Indian,197,Madurai,Lunch,30,UPI,A2B,30,4
105829,30,Fast Food,559,Coimbatore,Lunch,43,Wallet,SS Hyderabad Biryani,20,5
105830,35,Biryani,772,Chennai,Breakfast,37,UPI,Saravana Bhavan,100,5
105831,60,Chinese,435,Coimbatore,Dinner,38,Credit Card,Saravana Bhavan,20,4
105832,33,Fast Food,491,Bangalore,Dinner,32,Wallet,Hotel Aryaas,0,4
105833,45,South Indian,841,Salem,Dinner,33,UPI,A2B,50,4
105834,32,Biryani,795,Chennai,Breakfast,42,Credit Card,Hotel Aryaas,20,5
105835,44,Pizza,488,Coimbatore,Late Night,29,Credit Card,Local Kitchen,20,5
105836,37,South Indian,567,Chennai,Lunch,57,UPI,Hotel Aryaas,100,4
105837,51,North Indian,472,Madurai,Late Night,28,Debit Card,KFC,20,5
105838,32,South Indian,322,Coimbatore,Lunch,28,Credit Card,Anjappar,30,5
105839,37,North Indian,412,Madurai,Dinner,44,UPI,Dominos,50,3
105840,38,North Indian,454,Coimbatore,Dinner,34,Debit Card,KFC,30,5
105841,32,South Indian,437,Trichy,Evening,40,Credit Card,Saravana Bhavan,20,5
105842,25,North Indian,324,Bangalore,Breakfast,49,Credit Card,SS Hyderabad Biryani,30,4
105843,22,Fast Food,349,Salem,Dinner,38,Wallet,Dominos,20,4
105844,18,Fast Food,305,Chennai,Breakfast,37,Credit Card,Hotel Aryaas,0,5
105845,50,Biryani,665,Bangalore,Evening,28,Debit Card,Chinese Wok,20,4
105846,27,South Indian,269,Madurai,Dinner,25,Cash on Delivery,Anjappar,30,5
105847,26,Chinese,780,Bangalore,Dinner,19,Credit Card,KFC,0,4
105848,42,Pizza,500,Chennai,Late Night,27,Debit Card,A2B,30,4
105849,29,Biryani,225,Salem,Lunch,29,UPI,Chinese Wok,0,5
105850,34,South Indian,248,Coimbatore,Lunch,27,UPI,Burger King,30,5
105851,25,Biryani,544,Chennai,Lunch,31,Debit Card,SS Hyderabad Biryani,0,5
105852,57,Chinese,432,Coimbatore,Dinner,29,Cash on Delivery,KFC,75,5
105853,48,Biryani,209,Bangalore,Late Night,42,UPI,KFC,75,5
105854,49,North Indian,710,Madurai,Late Night,21,Debit Card,Chinese Wok,30,4
105855,32,Fast Food,434,Coimbatore,Late Night,44,UPI,Chinese Wok,0,4
105856,43,Fast Food,374,Coimbatore,Dinner,41,Credit Card,Anjappar,75,4
105857,25,Pizza,485,Bangalore,Late Night,25,Debit Card,Chinese Wok,50,4
105858,18,South Indian,424,Coimbatore,Evening,21,UPI,KFC,75,5
105859,19,Biryani,308,Salem,Late Night,40,UPI,Local Kitchen,30,4
105860,37,South Indian,512,Trichy,Dinner,40,UPI,KFC,20,5
105861,33,Biryani,408,Coimbatore,Lunch,26,Wallet,KFC,30,5
105862,34,North Indian,230,Chennai,Breakfast,21,Credit Card,Local Kitchen,30,4
105863,18,South Indian,509,Trichy,Lunch,30,UPI,Saravana Bhavan,0,5
105864,32,Fast Food,329,Chennai,Dinner,15,UPI,Dominos,75,5
105865,41,South Indian,605,Chennai,Dinner,39,UPI,Dominos,0,5
105866,33,Biryani,449,Chennai,Lunch,28,Credit Card,Hotel Aryaas,50,4
105867,42,Pizza,448,Chennai,Dinner,36,Debit Card,Hotel Aryaas,75,4
105868,27,North Indian,288,Trichy,Lunch,52,Wallet,Local Kitchen,30,4
105869,45,Pizza,555,Bangalore,Dinner,30,Cash on Delivery,KFC,20,5
105870,37,Fast Food,460,Salem,Dinner,41,Credit Card,SS Hyderabad Biryani,0,5
105871,26,Fast Food,550,Chennai,Late Night,31,Debit Card,A2B,50,5
105872,27,Biryani,415,Coimbatore,Lunch,30,Credit Card,Dominos,30,4
105873,38,Chinese,279,Salem,Late Night,49,UPI,Hotel Aryaas,50,3
105874,46,South Indian,664,Trichy,Lunch,28,Debit Card,Burger King,100,4
105875,32,South Indian,635,Madurai,Evening,39,UPI,Dominos,30,5
105876,28,North Indian,355,Chennai,Evening,37,UPI,A2B,50,4
105877,49,Biryani,389,Madurai,Dinner,38,Wallet,Saravana Bhavan,0,5
105878,40,Biryani,278,Coimbatore,Late Night,40,Credit Card,Burger King,0,3
105879,33,Biryani,279,Bangalore,Dinner,39,Credit Card,Chinese Wok,30,5
105880,34,Fast Food,480,Bangalore,Late Night,28,Cash on Delivery,Local Kitchen,30,4
105881,26,Biryani,537,Bangalore,Lunch,30,Debit Card,Local Kitchen,100,5
105882,38,South Indian,519,Madurai,Evening,37,UPI,Anjappar,30,4
105883,30,Fast Food,549,Bangalore,Evening,15,Credit Card,Local Kitchen,75,5
105884,60,Biryani,772,Chennai,Lunch,38,UPI,A2B,50,4
105885,33,Chinese,417,Coimbatore,Late Night,28,UPI,Chinese Wok,75,4
105886,34,Biryani,678,Bangalore,Dinner,44,Wallet,KFC,75,4
105887,36,Chinese,874,Coimbatore,Evening,15,Debit Card,KFC,30,5
105888,53,Fast Food,274,Coimbatore,Dinner,39,Wallet,Burger King,0,5
105889,45,South Indian,511,Chennai,Evening,37,Cash on Delivery,SS Hyderabad Biryani,30,5
105890,33,North Indian,440,Coimbatore,Breakfast,36,UPI,A2B,0,5
105891,41,Biryani,353,Salem,Dinner,47,Cash on Delivery,SS Hyderabad Biryani,50,4
105892,37,South Indian,388,Coimbatore,Dinner,34,Debit Card,KFC,0,5
105893,34,Pizza,234,Bangalore,Late Night,37,UPI,Saravana Bhavan,30,3
105894,26,South Indian,289,Madurai,Breakfast,22,Credit Card,KFC,0,5
105895,33,Fast Food,546,Chennai,Evening,35,UPI,SS Hyderabad Biryani,0,4
105896,27,Fast Food,563,Trichy,Breakfast,31,UPI,SS Hyderabad Biryani,20,4
105897,53,Chinese,448,Coimbatore,Lunch,31,UPI,Saravana Bhavan,50,4
105898,30,North Indian,586,Trichy,Dinner,18,Credit Card,Saravana Bhavan,50,5
105899,56,Biryani,402,Chennai,Lunch,51,UPI,Local Kitchen,20,5
105900,35,Biryani,409,Chennai,Dinner,24,UPI,Chinese Wok,0,3
105901,38,Fast Food,401,Coimbatore,Evening,31,Debit Card,Dominos,20,4
105902,35,Fast Food,391,Coimbatore,Lunch,19,Debit Card,Hotel Aryaas,30,5
105903,24,Fast Food,330,Trichy,Evening,20,UPI,Dominos,100,4
105904,31,Fast Food,386,Chennai,Breakfast,20,Wallet,Chinese Wok,30,5
105905,23,Biryani,610,Bangalore,Dinner,49,Debit Card,A2B,0,4
105906,38,Biryani,655,Chennai,Breakfast,18,Debit Card,Local Kitchen,75,5
105907,33,North Indian,244,Trichy,Breakfast,28,UPI,Saravana Bhavan,50,4
105908,44,Biryani,671,Madurai,Dinner,30,Wallet,KFC,75,4
105909,27,Biryani,333,Coimbatore,Late Night,27,Wallet,Anjappar,30,5
105910,25,Fast Food,400,Chennai,Dinner,25,Credit Card,Dominos,20,4
105911,32,North Indian,494,Bangalore,Lunch,30,Wallet,Saravana Bhavan,75,5
105912,54,Chinese,928,Chennai,Lunch,22,Credit Card,KFC,30,5
105913,41,Pizza,376,Chennai,Dinner,43,UPI,SS Hyderabad Biryani,50,4
105914,32,Biryani,705,Bangalore,Dinner,50,Cash on Delivery,Chinese Wok,30,4
105915,34,Pizza,325,Salem,Evening,47,Credit Card,KFC,75,5
105916,22,Fast Food,255,Trichy,Evening,15,UPI,Anjappar,30,5
105917,59,Fast Food,636,Bangalore,Lunch,15,UPI,Saravana Bhavan,75,5
105918,40,South Indian,416,Bangalore,Lunch,18,Credit Card,Saravana Bhavan,20,5
105919,28,Pizza,699,Salem,Dinner,39,Debit Card,Chinese Wok,75,3
105920,37,Pizza,746,Bangalore,Lunch,29,Cash on Delivery,KFC,50,5
105921,23,Pizza,326,Coimbatore,Lunch,58,Credit Card,Hotel Aryaas,20,3
105922,58,North Indian,324,Trichy,Lunch,34,UPI,Chinese Wok,75,3
105923,26,Fast Food,450,Chennai,Evening,45,Credit Card,Hotel Aryaas,30,5
105924,39,South Indian,694,Chennai,Breakfast,45,Credit Card,Anjappar,20,5
105925,27,Biryani,640,Bangalore,Evening,24,Debit Card,Saravana Bhavan,20,5
105926,41,Pizza,298,Chennai,Late Night,26,Credit Card,SS Hyderabad Biryani,0,5
105927,44,Biryani,353,Coimbatore,Breakfast,49,Wallet,Saravana Bhavan,0,4
105928,40,Pizza,489,Coimbatore,Dinner,17,Credit Card,Local Kitchen,50,5
105929,38,Fast Food,847,Bangalore,Dinner,32,Debit Card,SS Hyderabad Biryani,20,4
105930,51,Fast Food,225,Salem,Lunch,41,Cash on Delivery,A2B,30,5
105931,22,Biryani,236,Chennai,Lunch,39,Cash on Delivery,Hotel Aryaas,75,4
105932,30,Fast Food,711,Coimbatore,Breakfast,30,UPI,SS Hyderabad Biryani,50,3
105933,27,Pizza,343,Chennai,Dinner,30,Credit Card,A2B,100,4
105934,59,Biryani,466,Bangalore,Dinner,21,Wallet,KFC,30,4
105935,31,Fast Food,303,Madurai,Lunch,25,Wallet,Burger King,0,5
105936,42,Biryani,769,Coimbatore,Dinner,50,UPI,KFC,20,4
105937,40,Fast Food,403,Chennai,Dinner,36,UPI,Saravana Bhavan,0,3
105938,27,Biryani,445,Bangalore,Lunch,28,UPI,Chinese Wok,50,4
105939,27,Fast Food,445,Bangalore,Dinner,40,Debit Card,Burger King,30,5
105940,28,Pizza,332,Chennai,Lunch,29,Cash on Delivery,Dominos,0,4
105941,32,South Indian,519,Coimbatore,Dinner,23,Credit Card,A2B,0,4
105942,27,Fast Food,730,Coimbatore,Lunch,28,Debit Card,SS Hyderabad Biryani,0,5
105943,19,South Indian,938,Salem,Dinner,20,Cash on Delivery,Burger King,50,5
105944,50,Biryani,297,Trichy,Lunch,50,Debit Card,Saravana Bhavan,0,5
105945,58,Fast Food,430,Madurai,Dinner,40,UPI,Chinese Wok,50,4
105946,30,South Indian,168,Trichy,Lunch,40,Debit Card,Burger King,30,4
105947,30,Fast Food,269,Madurai,Dinner,29,UPI,Dominos,30,4
105948,18,Chinese,487,Trichy,Breakfast,33,Debit Card,KFC,0,5
105949,40,South Indian,491,Chennai,Lunch,29,UPI,Saravana Bhavan,75,5
105950,45,Pizza,366,Coimbatore,Lunch,20,UPI,Chinese Wok,30,4
105951,25,North Indian,387,Madurai,Breakfast,43,UPI,Saravana Bhavan,20,4
105952,25,Biryani,259,Bangalore,Dinner,42,Credit Card,Dominos,50,5
105953,44,Fast Food,537,Chennai,Late Night,38,Wallet,Saravana Bhavan,0,4
105954,38,Fast Food,316,Coimbatore,Dinner,34,UPI,Chinese Wok,30,4
105955,20,Biryani,941,Coimbatore,Dinner,25,Wallet,Hotel Aryaas,50,5
105956,38,Pizza,768,Chennai,Breakfast,37,UPI,Chinese Wok,50,4
105957,29,Chinese,357,Coimbatore,Lunch,24,Wallet,Saravana Bhavan,0,4
105958,31,South Indian,325,Bangalore,Dinner,26,Wallet,Dominos,20,4
105959,43,South Indian,603,Trichy,Late Night,24,UPI,Burger King,20,4
105960,45,Biryani,359,Madurai,Dinner,27,Cash on Delivery,Local Kitchen,100,5
105961,31,South Indian,218,Trichy,Evening,26,Credit Card,KFC,50,4
105962,56,Pizza,593,Trichy,Lunch,41,Debit Card,KFC,20,4
105963,32,South Indian,454,Coimbatore,Lunch,24,Debit Card,Burger King,0,4
105964,43,Fast Food,480,Coimbatore,Evening,34,UPI,Chinese Wok,0,4
105965,34,Chinese,334,Chennai,Dinner,40,Debit Card,Chinese Wok,100,4
105966,52,Fast Food,1094,Salem,Breakfast,46,UPI,Saravana Bhavan,30,5
105967,53,South Indian,869,Chennai,Dinner,38,Debit Card,Hotel Aryaas,50,5
105968,22,South Indian,229,Madurai,Late Night,15,Credit Card,Dominos,0,5
105969,55,Fast Food,371,Coimbatore,Dinner,32,Debit Card,Burger King,50,5
105970,45,Chinese,298,Salem,Late Night,41,Credit Card,A2B,0,3
105971,44,Pizza,497,Coimbatore,Breakfast,24,Cash on Delivery,Anjappar,50,5
105972,26,Biryani,561,Trichy,Late Night,47,Cash on Delivery,Hotel Aryaas,75,4
105973,45,North Indian,715,Coimbatore,Evening,47,UPI,Dominos,20,4
105974,48,South Indian,1087,Coimbatore,Dinner,39,UPI,Anjappar,75,5
105975,29,Chinese,752,Bangalore,Lunch,44,UPI,Anjappar,30,4
105976,56,Pizza,395,Salem,Evening,46,Cash on Delivery,Dominos,75,5
105977,20,South Indian,779,Bangalore,Breakfast,35,Wallet,SS Hyderabad Biryani,30,3
105978,25,Pizza,398,Salem,Breakfast,43,UPI,SS Hyderabad Biryani,0,4
105979,35,Biryani,520,Madurai,Late Night,22,Credit Card,Chinese Wok,50,5
105980,36,Biryani,299,Madurai,Dinner,41,Debit Card,A2B,20,4
105981,39,Chinese,349,Coimbatore,Evening,38,Credit Card,Dominos,0,4
105982,18,Pizza,325,Coimbatore,Evening,59,Cash on Delivery,Burger King,50,4
105983,57,North Indian,455,Chennai,Dinner,30,UPI,Local Kitchen,30,5
105984,20,Chinese,572,Salem,Lunch,47,Cash on Delivery,Dominos,100,4
105985,25,South Indian,438,Salem,Dinner,44,UPI,A2B,0,3
105986,18,Fast Food,668,Madurai,Evening,33,UPI,Dominos,20,4
105987,36,North Indian,494,Coimbatore,Dinner,16,UPI,Anjappar,0,4
105988,55,Fast Food,641,Chennai,Late Night,30,Cash on Delivery,A2B,30,4
105989,40,Chinese,398,Salem,Evening,33,UPI,Anjappar,75,4
105990,45,South Indian,274,Chennai,Evening,44,UPI,KFC,100,5
105991,18,South Indian,382,Trichy,Late Night,37,Cash on Delivery,Local Kitchen,20,5
105992,35,Fast Food,406,Coimbatore,Late Night,34,Credit Card,SS Hyderabad Biryani,30,5
105993,33,North Indian,451,Coimbatore,Late Night,42,Cash on Delivery,Dominos,0,5
105994,34,South Indian,699,Trichy,Dinner,42,Debit Card,Saravana Bhavan,50,4
105995,21,North Indian,548,Chennai,Lunch,44,UPI,Burger King,75,4
105996,40,Biryani,447,Coimbatore,Lunch,25,UPI,Saravana Bhavan,30,5
105997,34,South Indian,375,Salem,Breakfast,44,UPI,Hotel Aryaas,75,3
105998,43,Chinese,296,Madurai,Dinner,47,UPI,Saravana Bhavan,100,3
105999,34,Chinese,401,Madurai,Lunch,61,UPI,Saravana Bhavan,30,4
106000,25,North Indian,919,Madurai,Dinner,39,Cash on Delivery,A2B,30,5
106001,39,Biryani,267,Chennai,Late Night,45,UPI,Burger King,20,4
106002,25,Biryani,413,Chennai,Late Night,39,UPI,Chinese Wok,50,4
106003,49,South Indian,430,Coimbatore,Breakfast,40,Wallet,Saravana Bhavan,75,4
106004,38,Biryani,381,Coimbatore,Lunch,45,Credit Card,Dominos,0,4
106005,25,North Indian,432,Coimbatore,Dinner,18,Credit Card,Chinese Wok,20,5
106006,57,Fast Food,341,Madurai,Dinner,37,Cash on Delivery,Hotel Aryaas,0,5
106007,34,South Indian,740,Chennai,Dinner,37,Debit Card,KFC,50,3
106008,21,Biryani,299,Bangalore,Dinner,28,Cash on Delivery,Chinese Wok,0,4
106009,38,South Indian,331,Chennai,Evening,19,Debit Card,Dominos,0,5
106010,28,Fast Food,345,Chennai,Evening,29,Credit Card,Saravana Bhavan,50,5
106011,45,Biryani,300,Coimbatore,Evening,37,Debit Card,Chinese Wok,30,3
106012,45,Fast Food,387,Trichy,Dinner,32,Credit Card,Burger King,0,4
106013,59,Fast Food,668,Chennai,Evening,37,UPI,Burger King,75,5
106014,34,North Indian,269,Bangalore,Dinner,25,UPI,Dominos,20,5
106015,33,Biryani,524,Bangalore,Late Night,36,UPI,Saravana Bhavan,20,4
106016,43,South Indian,447,Chennai,Lunch,37,UPI,Hotel Aryaas,50,4
106017,24,North Indian,583,Bangalore,Late Night,21,Credit Card,KFC,0,4
106018,35,Pizza,429,Salem,Dinner,20,Credit Card,SS Hyderabad Biryani,20,5
106019,35,North Indian,639,Bangalore,Dinner,42,Debit Card,SS Hyderabad Biryani,0,4
106020,22,North Indian,424,Chennai,Lunch,35,Cash on Delivery,Dominos,50,5
106021,32,South Indian,248,Bangalore,Lunch,24,Debit Card,Chinese Wok,20,4
106022,48,Chinese,463,Bangalore,Lunch,30,UPI,Local Kitchen,75,5
106023,48,Biryani,589,Chennai,Lunch,39,UPI,SS Hyderabad Biryani,20,4
106024,23,South Indian,237,Chennai,Lunch,25,UPI,Local Kitchen,75,4
106025,22,Pizza,537,Chennai,Dinner,49,Cash on Delivery,Anjappar,0,5
106026,28,South Indian,399,Chennai,Evening,40,Credit Card,Hotel Aryaas,50,5
106027,50,Chinese,406,Chennai,Late Night,42,Cash on Delivery,Anjappar,100,3
106028,24,Chinese,384,Coimbatore,Dinner,36,UPI,A2B,20,5
106029,42,Fast Food,469,Coimbatore,Lunch,40,Debit Card,Anjappar,0,4
106030,23,Pizza,624,Trichy,Dinner,55,Debit Card,Chinese Wok,30,3
106031,38,South Indian,348,Bangalore,Late Night,30,Debit Card,KFC,20,5
106032,30,Biryani,554,Trichy,Dinner,30,Credit Card,Hotel Aryaas,30,5
106033,44,Pizza,310,Bangalore,Breakfast,55,Debit Card,Burger King,30,4
106034,27,Fast Food,545,Chennai,Late Night,47,Wallet,Burger King,20,4
106035,39,Chinese,552,Coimbatore,Lunch,32,Wallet,KFC,30,5
106036,27,South Indian,595,Trichy,Dinner,26,UPI,Hotel Aryaas,0,5
106037,41,Fast Food,478,Chennai,Evening,30,Credit Card,A2B,30,5
106038,50,Pizza,592,Chennai,Lunch,54,UPI,SS Hyderabad Biryani,20,4
106039,24,South Indian,293,Coimbatore,Lunch,35,Cash on Delivery,Hotel Aryaas,100,5
106040,49,Fast Food,683,Coimbatore,Late Night,45,Wallet,Dominos,0,4
106041,37,Biryani,455,Coimbatore,Late Night,36,Credit Card,SS Hyderabad Biryani,50,4
106042,24,North Indian,751,Chennai,Evening,37,Wallet,Local Kitchen,20,4
106043,32,Biryani,421,Chennai,Lunch,40,Debit Card,Saravana Bhavan,50,4
106044,25,Pizza,399,Madurai,Lunch,33,Debit Card,A2B,100,4
106045,41,Fast Food,336,Coimbatore,Lunch,31,Credit Card,A2B,75,4
106046,43,Chinese,472,Bangalore,Evening,50,UPI,Local Kitchen,0,4
106047,23,North Indian,510,Bangalore,Lunch,32,Wallet,Burger King,75,5
106048,34,Biryani,317,Bangalore,Breakfast,39,UPI,Anjappar,20,5
106049,45,South Indian,336,Chennai,Evening,45,Debit Card,Hotel Aryaas,0,4
106050,55,Pizza,291,Bangalore,Dinner,40,UPI,Dominos,0,4
106051,34,Chinese,438,Chennai,Dinner,42,Debit Card,Local Kitchen,0,4
106052,56,South Indian,728,Coimbatore,Dinner,18,UPI,Dominos,0,5
106053,35,Chinese,394,Bangalore,Dinner,36,UPI,Hotel Aryaas,30,5
106054,31,Chinese,325,Chennai,Evening,47,Wallet,SS Hyderabad Biryani,100,5
106055,47,Pizza,337,Chennai,Evening,57,Credit Card,SS Hyderabad Biryani,75,4
106056,34,Pizza,339,Chennai,Dinner,46,Credit Card,Chinese Wok,30,5
106057,33,Fast Food,625,Chennai,Dinner,37,Debit Card,Local Kitchen,20,3
106058,34,North Indian,621,Coimbatore,Evening,40,UPI,Anjappar,0,3
106059,47,South Indian,399,Salem,Dinner,41,Credit Card,Anjappar,0,4
106060,46,Biryani,662,Coimbatore,Late Night,15,Credit Card,Chinese Wok,50,5
106061,31,Fast Food,434,Coimbatore,Dinner,22,Wallet,KFC,30,4
106062,30,Biryani,385,Bangalore,Dinner,35,Debit Card,Local Kitchen,0,3
106063,34,Biryani,506,Bangalore,Dinner,33,UPI,A2B,75,4
106064,36,Fast Food,774,Salem,Lunch,30,Debit Card,KFC,30,5
106065,27,Biryani,307,Trichy,Evening,38,Credit Card,Hotel Aryaas,75,5
106066,44,Chinese,550,Madurai,Late Night,39,UPI,Dominos,50,3
106067,34,Biryani,618,Salem,Evening,19,Cash on Delivery,Burger King,20,5
106068,30,Biryani,689,Chennai,Lunch,20,UPI,Saravana Bhavan,50,4
106069,23,Biryani,608,Bangalore,Dinner,30,UPI,Burger King,100,4
106070,27,Biryani,274,Trichy,Lunch,40,UPI,Dominos,50,5
106071,56,Fast Food,539,Bangalore,Dinner,32,Wallet,Dominos,20,4
106072,29,South Indian,437,Salem,Lunch,29,Debit Card,Saravana Bhavan,30,5
106073,25,North Indian,1066,Chennai,Dinner,48,UPI,Anjappar,20,3
106074,33,Pizza,865,Coimbatore,Dinner,41,Credit Card,Dominos,20,5
106075,29,Pizza,452,Salem,Evening,32,UPI,SS Hyderabad Biryani,20,5
106076,19,Biryani,420,Coimbatore,Evening,52,UPI,Local Kitchen,30,4
106077,29,Fast Food,699,Madurai,Lunch,35,Cash on Delivery,A2B,20,5
106078,35,Biryani,282,Chennai,Lunch,44,Cash on Delivery,Hotel Aryaas,0,5
106079,35,Pizza,412,Madurai,Evening,24,Wallet,Dominos,50,5
106080,30,Biryani,573,Salem,Lunch,20,UPI,Anjappar,20,5
106081,33,South Indian,317,Coimbatore,Dinner,26,Debit Card,A2B,20,5
106082,58,Fast Food,243,Chennai,Dinner,39,UPI,Burger King,75,4
106083,31,Fast Food,545,Chennai,Lunch,33,UPI,Burger King,50,5
106084,28,North Indian,488,Trichy,Breakfast,32,Cash on Delivery,Anjappar,100,4
106085,27,Chinese,681,Madurai,Breakfast,36,UPI,SS Hyderabad Biryani,30,4
106086,33,Pizza,307,Chennai,Dinner,36,Credit Card,Hotel Aryaas,20,5
106087,43,South Indian,390,Chennai,Lunch,46,UPI,A2B,0,4
106088,26,Pizza,310,Trichy,Breakfast,28,Debit Card,Anjappar,75,4
106089,41,Chinese,548,Trichy,Evening,20,UPI,KFC,20,5
106090,19,North Indian,218,Chennai,Late Night,50,UPI,Anjappar,50,3
106091,32,Fast Food,494,Coimbatore,Dinner,29,Debit Card,Dominos,50,5
106092,44,South Indian,772,Madurai,Dinner,46,Credit Card,Anjappar,0,4
106093,30,Chinese,826,Bangalore,Lunch,38,Debit Card,A2B,100,5
106094,36,Fast Food,562,Salem,Breakfast,49,UPI,KFC,0,4
106095,26,Pizza,488,Coimbatore,Breakfast,28,UPI,Local Kitchen,50,4
106096,42,North Indian,740,Bangalore,Late Night,43,Cash on Delivery,Hotel Aryaas,0,3
106097,20,South Indian,426,Bangalore,Lunch,31,UPI,Hotel Aryaas,100,5
106098,48,Fast Food,492,Salem,Evening,27,UPI,Anjappar,20,4
106099,26,South Indian,517,Coimbatore,Evening,51,Credit Card,Anjappar,30,4
106100,50,Pizza,433,Chennai,Dinner,27,UPI,A2B,20,4
106101,30,Chinese,368,Coimbatore,Lunch,26,Credit Card,Hotel Aryaas,75,5
106102,42,Biryani,548,Trichy,Dinner,23,Cash on Delivery,Local Kitchen,30,4
106103,29,South Indian,492,Coimbatore,Late Night,30,UPI,KFC,50,5
106104,52,Biryani,562,Coimbatore,Evening,36,Credit Card,Hotel Aryaas,0,4
106105,24,Pizza,377,Bangalore,Dinner,32,UPI,Chinese Wok,100,3
106106,26,Fast Food,459,Chennai,Evening,38,Wallet,Local Kitchen,20,4
106107,34,South Indian,488,Chennai,Dinner,18,UPI,SS Hyderabad Biryani,0,4
106108,22,Pizza,583,Coimbatore,Lunch,34,UPI,KFC,0,4
106109,26,Biryani,362,Bangalore,Lunch,20,UPI,Local Kitchen,0,4
106110,56,Biryani,513,Madurai,Dinner,30,UPI,Dominos,0,5
106111,58,Fast Food,544,Trichy,Evening,32,Credit Card,Burger King,30,4
106112,31,Fast Food,281,Salem,Late Night,34,Debit Card,A2B,20,4
106113,54,Fast Food,429,Coimbatore,Dinner,38,Credit Card,Burger King,30,4
106114,35,North Indian,522,Madurai,Dinner,21,Cash on Delivery,KFC,0,4
106115,28,Pizza,327,Chennai,Breakfast,30,UPI,A2B,30,4
106116,41,Pizza,697,Chennai,Dinner,57,Debit Card,Saravana Bhavan,30,5
106117,39,North Indian,498,Chennai,Dinner,33,UPI,Saravana Bhavan,20,4
106118,60,Fast Food,514,Coimbatore,Dinner,32,Debit Card,Saravana Bhavan,30,4
106119,28,Fast Food,750,Chennai,Lunch,15,Cash on Delivery,Chinese Wok,20,5
106120,40,Fast Food,401,Coimbatore,Late Night,36,Wallet,SS Hyderabad Biryani,0,4
106121,20,Pizza,656,Bangalore,Lunch,18,Debit Card,A2B,50,5
106122,23,Chinese,511,Coimbatore,Lunch,15,Wallet,Saravana Bhavan,75,4
106123,18,Fast Food,489,Bangalore,Late Night,38,Debit Card,Saravana Bhavan,0,4
106124,60,Fast Food,670,Coimbatore,Dinner,38,Wallet,Hotel Aryaas,75,5
106125,45,South Indian,550,Chennai,Evening,18,Cash on Delivery,Dominos,30,5
106126,44,South Indian,683,Chennai,Late Night,20,UPI,Saravana Bhavan,50,4
106127,34,Pizza,299,Chennai,Breakfast,26,Credit Card,Saravana Bhavan,50,4
106128,29,Fast Food,671,Chennai,Breakfast,53,UPI,Anjappar,75,2
106129,25,North Indian,334,Bangalore,Dinner,37,UPI,Anjappar,0,5
106130,28,South Indian,241,Madurai,Lunch,40,Credit Card,SS Hyderabad Biryani,100,4
106131,31,Chinese,208,Coimbatore,Late Night,46,UPI,SS Hyderabad Biryani,75,4
106132,43,North Indian,759,Coimbatore,Dinner,49,UPI,Anjappar,0,4
106133,35,North Indian,696,Trichy,Lunch,35,UPI,Chinese Wok,20,4
106134,22,Biryani,672,Chennai,Dinner,39,UPI,Dominos,30,4
106135,18,Biryani,215,Chennai,Breakfast,34,Wallet,Burger King,75,4
106136,23,South Indian,322,Bangalore,Dinner,15,Cash on Delivery,Saravana Bhavan,20,4
106137,32,South Indian,575,Bangalore,Late Night,37,Wallet,SS Hyderabad Biryani,0,5
106138,55,Chinese,565,Bangalore,Dinner,29,Cash on Delivery,Burger King,50,5
106139,38,North Indian,549,Madurai,Evening,15,Debit Card,Chinese Wok,20,5
106140,45,Biryani,402,Chennai,Lunch,26,Credit Card,Dominos,50,4
106141,33,South Indian,476,Coimbatore,Lunch,29,UPI,Hotel Aryaas,20,5
106142,30,Biryani,411,Chennai,Evening,43,UPI,Anjappar,75,4
106143,23,North Indian,475,Madurai,Dinner,32,Debit Card,Dominos,20,4
106144,50,North Indian,746,Trichy,Breakfast,27,UPI,Dominos,30,5
106145,44,South Indian,412,Coimbatore,Evening,21,UPI,Anjappar,100,5
106146,25,Biryani,470,Chennai,Dinner,32,UPI,SS Hyderabad Biryani,0,5
106147,34,Pizza,240,Chennai,Evening,35,UPI,SS Hyderabad Biryani,30,4
106148,34,Chinese,779,Chennai,Lunch,40,UPI,Saravana Bhavan,75,4
106149,38,Fast Food,738,Coimbatore,Late Night,42,Cash on Delivery,Chinese Wok,50,5
106150,56,Pizza,336,Bangalore,Lunch,20,Debit Card,Local Kitchen,20,5
106151,36,North Indian,376,Salem,Dinner,36,UPI,Saravana Bhavan,75,5
106152,35,South Indian,376,Coimbatore,Lunch,32,UPI,KFC,30,3
106153,20,South Indian,290,Chennai,Evening,31,UPI,SS Hyderabad Biryani,30,4
106154,21,Fast Food,670,Chennai,Evening,36,UPI,Hotel Aryaas,20,4
106155,26,South Indian,365,Chennai,Evening,51,UPI,Hotel Aryaas,0,4
106156,19,South Indian,145,Chennai,Evening,31,Debit Card,Chinese Wok,0,4
106157,42,Fast Food,429,Madurai,Lunch,35,Debit Card,Local Kitchen,30,4
106158,42,Biryani,312,Chennai,Evening,24,UPI,Anjappar,75,5
106159,25,Fast Food,347,Salem,Evening,23,Debit Card,Chinese Wok,0,5
106160,46,Biryani,313,Bangalore,Lunch,22,Credit Card,Burger King,20,5
106161,25,South Indian,324,Bangalore,Late Night,18,Wallet,Local Kitchen,20,5
106162,29,South Indian,273,Coimbatore,Dinner,27,Debit Card,Chinese Wok,50,4
106163,27,South Indian,206,Madurai,Dinner,52,Credit Card,Saravana Bhavan,30,4
106164,31,Fast Food,440,Coimbatore,Dinner,26,Credit Card,Dominos,20,5
106165,28,South Indian,760,Coimbatore,Lunch,31,UPI,Hotel Aryaas,0,4
106166,34,Pizza,502,Chennai,Dinner,20,Cash on Delivery,Chinese Wok,100,4
106167,32,South Indian,564,Salem,Dinner,32,Credit Card,Hotel Aryaas,75,5
106168,59,North Indian,502,Coimbatore,Breakfast,23,Credit Card,Dominos,0,5
106169,20,South Indian,221,Coimbatore,Evening,31,Credit Card,Anjappar,0,5
106170,25,Chinese,208,Coimbatore,Evening,30,UPI,A2B,20,5
106171,20,Biryani,326,Chennai,Lunch,33,Cash on Delivery,Burger King,0,3
106172,38,Chinese,467,Chennai,Evening,45,Cash on Delivery,Chinese Wok,50,5
106173,20,Pizza,605,Chennai,Late Night,52,UPI,Hotel Aryaas,0,3
106174,46,North Indian,760,Madurai,Dinner,52,UPI,KFC,75,4
106175,34,North Indian,357,Coimbatore,Lunch,35,UPI,KFC,30,5
106176,35,Fast Food,415,Madurai,Dinner,36,UPI,SS Hyderabad Biryani,30,4
106177,36,South Indian,549,Madurai,Lunch,35,UPI,Burger King,0,4
106178,25,South Indian,503,Chennai,Dinner,42,Cash on Delivery,Hotel Aryaas,0,5
106179,26,South Indian,493,Bangalore,Dinner,27,Credit Card,Local Kitchen,0,5
106180,29,Biryani,314,Madurai,Dinner,24,Credit Card,KFC,0,4
106181,37,Pizza,331,Bangalore,Dinner,15,Wallet,Anjappar,0,4
106182,26,North Indian,254,Bangalore,Evening,43,Debit Card,Hotel Aryaas,20,4
106183,24,South Indian,249,Madurai,Evening,36,UPI,Chinese Wok,75,5
106184,58,Fast Food,351,Chennai,Dinner,26,UPI,KFC,0,5
106185,19,Biryani,242,Madurai,Dinner,50,UPI,KFC,20,4
106186,45,Chinese,537,Chennai,Dinner,27,UPI,A2B,20,4
106187,44,Fast Food,638,Bangalore,Late Night,49,Cash on Delivery,Chinese Wok,30,4
106188,29,North Indian,393,Chennai,Dinner,25,Debit Card,Chinese Wok,0,5
106189,25,Chinese,423,Trichy,Dinner,36,UPI,Anjappar,30,5
106190,25,Chinese,522,Coimbatore,Dinner,38,Credit Card,SS Hyderabad Biryani,0,5
106191,41,South Indian,658,Bangalore,Lunch,29,UPI,SS Hyderabad Biryani,30,5
106192,39,Biryani,601,Madurai,Evening,21,UPI,Saravana Bhavan,50,5
106193,44,North Indian,864,Trichy,Dinner,34,UPI,A2B,0,5
106194,55,Chinese,552,Madurai,Evening,26,Cash on Delivery,Burger King,100,5
106195,40,North Indian,559,Chennai,Dinner,18,UPI,Hotel Aryaas,50,5
106196,25,South Indian,509,Trichy,Breakfast,16,Cash on Delivery,Dominos,100,5
106197,27,Chinese,510,Bangalore,Lunch,36,Debit Card,Hotel Aryaas,20,3
106198,47,Biryani,365,Bangalore,Dinner,15,Debit Card,Chinese Wok,100,5
106199,26,Chinese,435,Salem,Breakfast,31,Debit Card,Chinese Wok,30,5
106200,21,Pizza,378,Chennai,Lunch,42,UPI,Burger King,0,4
106201,41,Pizza,276,Chennai,Evening,19,Cash on Delivery,Saravana Bhavan,50,5
106202,31,Pizza,743,Bangalore,Dinner,20,UPI,Local Kitchen,50,3
106203,54,Fast Food,905,Madurai,Dinner,37,Wallet,Dominos,100,4
106204,39,North Indian,507,Coimbatore,Late Night,15,Cash on Delivery,Hotel Aryaas,20,4
106205,22,North Indian,413,Bangalore,Lunch,33,Wallet,Local Kitchen,30,4
106206,56,Biryani,375,Coimbatore,Dinner,29,Wallet,Burger King,100,4
106207,28,North Indian,372,Bangalore,Lunch,48,UPI,Dominos,75,4
106208,30,Fast Food,682,Trichy,Lunch,50,Wallet,Dominos,75,5
106209,31,Chinese,340,Chennai,Evening,37,UPI,Burger King,75,5
106210,20,Fast Food,489,Madurai,Breakfast,27,Debit Card,Chinese Wok,75,4
106211,34,North Indian,388,Madurai,Evening,35,Cash on Delivery,Saravana Bhavan,20,5
106212,24,Biryani,800,Coimbatore,Evening,43,UPI,Anjappar,0,4
106213,31,South Indian,357,Coimbatore,Lunch,41,UPI,A2B,100,5
106214,30,South Indian,403,Chennai,Dinner,15,Cash on Delivery,Chinese Wok,50,5
106215,43,Fast Food,276,Madurai,Evening,19,UPI,Anjappar,0,5
106216,45,Chinese,324,Coimbatore,Late Night,41,UPI,Burger King,50,5
106217,25,Biryani,438,Coimbatore,Dinner,21,Credit Card,Anjappar,20,5
106218,31,Chinese,400,Coimbatore,Lunch,37,Debit Card,Dominos,0,4
106219,31,North Indian,374,Coimbatore,Evening,42,Cash on Delivery,Anjappar,30,4
106220,25,Pizza,496,Madurai,Dinner,40,Credit Card,Chinese Wok,0,3
106221,44,Pizza,418,Madurai,Dinner,39,Credit Card,A2B,100,5
106222,41,Fast Food,557,Coimbatore,Dinner,29,Cash on Delivery,Dominos,100,5
106223,26,Fast Food,445,Bangalore,Dinner,20,Credit Card,Dominos,50,4
106224,31,South Indian,425,Madurai,Breakfast,52,Credit Card,Chinese Wok,0,5
106225,23,Biryani,439,Coimbatore,Evening,15,UPI,Saravana Bhavan,0,5
106226,38,North Indian,226,Chennai,Dinner,35,Wallet,A2B,30,4
106227,24,Biryani,498,Trichy,Dinner,28,Credit Card,Local Kitchen,50,5
106228,59,North Indian,654,Bangalore,Dinner,47,Debit Card,Anjappar,0,3
106229,44,Biryani,245,Bangalore,Dinner,34,UPI,Burger King,30,4
106230,31,Pizza,511,Chennai,Breakfast,25,Debit Card,Saravana Bhavan,50,4
106231,36,Biryani,403,Trichy,Late Night,29,Credit Card,KFC,0,4
106232,53,Biryani,492,Bangalore,Late Night,43,UPI,Chinese Wok,0,4
106233,35,Chinese,682,Trichy,Lunch,45,Cash on Delivery,KFC,100,4
106234,26,Fast Food,376,Salem,Lunch,40,Cash on Delivery,KFC,20,5
106235,31,Chinese,578,Salem,Dinner,35,UPI,Burger King,20,4
106236,47,South Indian,360,Trichy,Dinner,24,UPI,Saravana Bhavan,0,4
106237,39,Biryani,800,Chennai,Evening,27,UPI,KFC,0,4
106238,39,North Indian,532,Trichy,Lunch,39,Credit Card,A2B,20,5
106239,49,South Indian,706,Chennai,Evening,44,Credit Card,A2B,30,4
106240,51,Chinese,599,Trichy,Lunch,19,Debit Card,Burger King,30,5
106241,54,South Indian,386,Coimbatore,Evening,17,UPI,Local Kitchen,0,5
106242,22,South Indian,555,Bangalore,Dinner,32,UPI,Hotel Aryaas,50,5
106243,35,Fast Food,512,Chennai,Dinner,36,Debit Card,Dominos,30,4
106244,42,Biryani,485,Madurai,Dinner,36,Wallet,Local Kitchen,50,5
106245,43,South Indian,477,Chennai,Dinner,39,Wallet,Hotel Aryaas,100,5
106246,37,South Indian,684,Coimbatore,Dinner,29,Debit Card,A2B,0,4
106247,25,Fast Food,511,Trichy,Dinner,46,UPI,Hotel Aryaas,20,4
106248,44,Chinese,223,Madurai,Lunch,49,UPI,A2B,0,4
106249,42,Chinese,629,Chennai,Evening,39,Debit Card,A2B,50,4
106250,22,Biryani,253,Coimbatore,Lunch,29,UPI,Dominos,20,5
106251,33,Fast Food,735,Chennai,Late Night,15,UPI,Chinese Wok,50,5
106252,26,Fast Food,217,Bangalore,Dinner,27,Wallet,Burger King,20,5
106253,30,Biryani,582,Salem,Dinner,35,UPI,Burger King,0,4
106254,18,Fast Food,628,Bangalore,Late Night,40,Cash on Delivery,A2B,0,4
106255,31,Biryani,480,Chennai,Dinner,30,UPI,A2B,30,4
106256,35,North Indian,383,Coimbatore,Late Night,33,UPI,Local Kitchen,100,4
106257,38,Chinese,684,Salem,Lunch,51,Credit Card,Dominos,75,4
106258,39,Biryani,331,Chennai,Dinner,23,UPI,SS Hyderabad Biryani,100,5
106259,46,Biryani,228,Bangalore,Dinner,17,Wallet,A2B,50,5
106260,27,Chinese,403,Coimbatore,Dinner,15,Credit Card,SS Hyderabad Biryani,20,5
106261,24,South Indian,557,Madurai,Lunch,43,Debit Card,KFC,30,5
106262,48,Pizza,495,Trichy,Dinner,21,Debit Card,Chinese Wok,50,5
106263,25,North Indian,639,Coimbatore,Evening,30,Cash on Delivery,Saravana Bhavan,20,4
106264,58,South Indian,240,Bangalore,Dinner,42,Cash on Delivery,KFC,0,4
106265,47,Biryani,542,Bangalore,Dinner,49,Credit Card,Anjappar,0,3
106266,34,Pizza,617,Chennai,Lunch,34,Cash on Delivery,KFC,30,5
106267,59,North Indian,482,Chennai,Lunch,24,Debit Card,SS Hyderabad Biryani,0,5
106268,23,South Indian,860,Bangalore,Dinner,37,Debit Card,SS Hyderabad Biryani,30,4
106269,29,Chinese,367,Chennai,Dinner,23,UPI,KFC,75,5
106270,38,Fast Food,476,Trichy,Dinner,33,UPI,Burger King,0,3
106271,30,Fast Food,425,Chennai,Dinner,20,Debit Card,Burger King,0,4
106272,54,Chinese,673,Chennai,Dinner,26,UPI,Anjappar,0,5
106273,21,North Indian,734,Coimbatore,Lunch,56,Credit Card,Local Kitchen,0,4
106274,35,Chinese,348,Chennai,Dinner,45,Credit Card,Burger King,20,5
106275,37,Pizza,317,Coimbatore,Dinner,27,UPI,KFC,30,4
106276,39,Biryani,526,Coimbatore,Dinner,30,Credit Card,SS Hyderabad Biryani,30,5
106277,28,Biryani,453,Madurai,Lunch,41,Credit Card,SS Hyderabad Biryani,50,5
106278,30,South Indian,560,Salem,Lunch,30,UPI,A2B,0,4
106279,47,Biryani,557,Madurai,Lunch,46,UPI,Hotel Aryaas,20,4
106280,26,Chinese,398,Chennai,Late Night,18,UPI,Chinese Wok,20,4
106281,45,Fast Food,246,Salem,Evening,33,Credit Card,Saravana Bhavan,30,4
106282,36,Pizza,398,Coimbatore,Evening,26,Debit Card,Burger King,0,3
106283,43,Pizza,356,Coimbatore,Breakfast,37,UPI,SS Hyderabad Biryani,0,4
106284,41,South Indian,363,Coimbatore,Breakfast,35,UPI,Hotel Aryaas,0,4
106285,26,Biryani,685,Coimbatore,Dinner,34,UPI,Burger King,0,4
106286,36,Chinese,323,Trichy,Dinner,38,Cash on Delivery,Saravana Bhavan,0,4
106287,49,North Indian,293,Coimbatore,Dinner,37,Credit Card,KFC,20,4
106288,32,Chinese,467,Bangalore,Lunch,23,Credit Card,A2B,20,5
106289,58,Biryani,383,Chennai,Evening,33,UPI,A2B,30,5
106290,33,Biryani,580,Madurai,Dinner,33,UPI,A2B,0,3
106291,25,Fast Food,513,Madurai,Lunch,33,Wallet,Local Kitchen,20,4
106292,31,Biryani,541,Coimbatore,Dinner,56,Cash on Delivery,Burger King,100,3
106293,56,Pizza,523,Madurai,Lunch,34,Debit Card,KFC,50,4
106294,29,Pizza,508,Madurai,Lunch,50,UPI,Hotel Aryaas,20,5
106295,49,Fast Food,402,Bangalore,Evening,15,Credit Card,Burger King,30,5
106296,50,Fast Food,480,Bangalore,Late Night,28,Debit Card,KFC,50,4
106297,30,Fast Food,987,Bangalore,Lunch,31,UPI,A2B,0,4
106298,22,North Indian,433,Chennai,Dinner,49,Credit Card,Burger King,0,4
106299,42,South Indian,292,Bangalore,Dinner,15,UPI,Anjappar,30,4
106300,29,Chinese,507,Coimbatore,Lunch,44,UPI,Hotel Aryaas,50,4
106301,44,Fast Food,304,Coimbatore,Lunch,39,UPI,SS Hyderabad Biryani,30,4
106302,33,Chinese,592,Trichy,Late Night,39,Debit Card,Local Kitchen,50,4
106303,34,Fast Food,319,Chennai,Lunch,32,UPI,Chinese Wok,50,4
106304,44,Fast Food,364,Chennai,Dinner,36,Cash on Delivery,Local Kitchen,30,4
106305,31,Chinese,337,Chennai,Late Night,33,UPI,SS Hyderabad Biryani,100,3
106306,33,South Indian,616,Chennai,Lunch,27,UPI,Local Kitchen,30,5
106307,31,Fast Food,578,Chennai,Evening,43,Cash on Delivery,Anjappar,0,3
106308,31,Biryani,535,Salem,Lunch,35,Credit Card,KFC,30,4
106309,35,Fast Food,378,Chennai,Lunch,26,UPI,Hotel Aryaas,30,5
106310,45,Fast Food,525,Bangalore,Lunch,38,UPI,KFC,20,4
106311,30,Chinese,605,Chennai,Dinner,32,UPI,SS Hyderabad Biryani,30,4
106312,35,North Indian,444,Bangalore,Dinner,30,Debit Card,Saravana Bhavan,50,3
106313,40,Biryani,341,Salem,Dinner,17,Credit Card,Anjappar,50,4
106314,28,Fast Food,540,Coimbatore,Late Night,29,Credit Card,Hotel Aryaas,0,4
106315,28,Biryani,627,Trichy,Lunch,28,UPI,SS Hyderabad Biryani,0,4
106316,55,South Indian,588,Salem,Lunch,37,UPI,Dominos,30,4
106317,42,South Indian,612,Bangalore,Lunch,30,Cash on Delivery,Anjappar,20,5
106318,36,Chinese,497,Coimbatore,Lunch,61,Cash on Delivery,Chinese Wok,50,2
106319,39,Fast Food,622,Bangalore,Lunch,19,Debit Card,SS Hyderabad Biryani,0,5
106320,19,South Indian,666,Trichy,Evening,22,Credit Card,Hotel Aryaas,20,4
106321,38,Pizza,431,Chennai,Dinner,29,Wallet,Burger King,20,5
106322,34,North Indian,421,Coimbatore,Late Night,38,Credit Card,Chinese Wok,20,4
106323,35,North Indian,394,Coimbatore,Lunch,31,Debit Card,Anjappar,50,5
106324,30,Pizza,292,Coimbatore,Dinner,28,Debit Card,A2B,0,5
106325,22,North Indian,273,Trichy,Dinner,22,Debit Card,SS Hyderabad Biryani,0,4
106326,26,Fast Food,895,Coimbatore,Evening,38,Credit Card,Local Kitchen,30,5
106327,56,Biryani,216,Coimbatore,Lunch,61,UPI,Burger King,30,5
106328,32,Biryani,426,Bangalore,Late Night,23,UPI,A2B,100,5
106329,33,Chinese,696,Chennai,Dinner,40,Cash on Delivery,Local Kitchen,0,4
106330,20,North Indian,370,Chennai,Late Night,50,UPI,Chinese Wok,20,3
106331,19,Biryani,353,Bangalore,Evening,35,UPI,Hotel Aryaas,50,5
106332,41,Chinese,291,Coimbatore,Evening,37,UPI,Hotel Aryaas,100,3
106333,35,Chinese,437,Coimbatore,Lunch,33,UPI,SS Hyderabad Biryani,100,5
106334,34,North Indian,615,Chennai,Late Night,52,Credit Card,Anjappar,20,4
106335,27,Chinese,406,Bangalore,Lunch,42,Credit Card,KFC,30,4
106336,42,North Indian,459,Trichy,Breakfast,45,Debit Card,Burger King,100,5
106337,25,Fast Food,554,Trichy,Evening,33,UPI,Chinese Wok,100,4
106338,26,Fast Food,333,Chennai,Evening,41,UPI,Saravana Bhavan,0,4
106339,33,South Indian,299,Bangalore,Lunch,33,Credit Card,KFC,20,3
106340,28,Fast Food,595,Trichy,Dinner,42,UPI,Anjappar,50,4
106341,27,Biryani,429,Coimbatore,Evening,30,Cash on Delivery,Chinese Wok,30,4
106342,39,Chinese,296,Salem,Evening,46,Credit Card,Hotel Aryaas,30,5
106343,39,Chinese,799,Trichy,Breakfast,39,Credit Card,Burger King,20,4
106344,45,Chinese,267,Chennai,Dinner,29,UPI,A2B,75,4
106345,32,Fast Food,406,Chennai,Lunch,43,Cash on Delivery,Burger King,0,3
106346,21,South Indian,963,Chennai,Lunch,31,Credit Card,Chinese Wok,0,5
106347,28,Fast Food,484,Chennai,Dinner,22,Credit Card,Anjappar,50,5
106348,59,Biryani,662,Trichy,Lunch,31,Debit Card,A2B,75,5
106349,37,South Indian,333,Salem,Lunch,31,Wallet,Chinese Wok,100,5
106350,41,Biryani,531,Chennai,Dinner,22,UPI,Dominos,20,4
106351,18,Biryani,419,Bangalore,Lunch,39,UPI,Burger King,0,4
106352,34,Chinese,479,Bangalore,Lunch,38,UPI,Burger King,20,3
106353,19,Biryani,349,Coimbatore,Dinner,34,Debit Card,Dominos,0,4
106354,36,North Indian,447,Bangalore,Dinner,42,UPI,SS Hyderabad Biryani,30,5
106355,54,South Indian,819,Salem,Dinner,30,Credit Card,Saravana Bhavan,20,4
106356,58,North Indian,507,Chennai,Evening,19,Debit Card,Local Kitchen,0,4
106357,35,Biryani,692,Chennai,Evening,28,Debit Card,Dominos,0,3
106358,33,South Indian,595,Chennai,Dinner,26,UPI,Dominos,20,5
106359,56,Fast Food,753,Coimbatore,Lunch,30,Debit Card,Hotel Aryaas,75,5
106360,40,Pizza,672,Coimbatore,Lunch,35,Wallet,Local Kitchen,75,4
106361,21,Fast Food,800,Coimbatore,Dinner,54,UPI,Anjappar,30,3
106362,33,Fast Food,446,Bangalore,Evening,19,Debit Card,Saravana Bhavan,20,4
106363,27,Pizza,480,Madurai,Dinner,43,Credit Card,Hotel Aryaas,20,4
106364,33,Fast Food,396,Coimbatore,Lunch,24,UPI,A2B,0,5
106365,33,Biryani,291,Coimbatore,Lunch,39,UPI,Chinese Wok,100,4
106366,36,Fast Food,747,Trichy,Dinner,28,Cash on Delivery,Saravana Bhavan,20,4
106367,30,Chinese,328,Trichy,Evening,36,Credit Card,SS Hyderabad Biryani,20,5
106368,25,Fast Food,254,Chennai,Dinner,50,UPI,SS Hyderabad Biryani,20,3
106369,34,South Indian,385,Coimbatore,Lunch,19,Wallet,Hotel Aryaas,50,4
106370,46,Biryani,602,Trichy,Lunch,37,Debit Card,Local Kitchen,50,4
106371,39,South Indian,727,Chennai,Breakfast,38,UPI,Anjappar,100,4
106372,30,Chinese,596,Coimbatore,Evening,44,Debit Card,SS Hyderabad Biryani,0,4
106373,55,Fast Food,571,Coimbatore,Late Night,35,UPI,Local Kitchen,100,4
106374,53,South Indian,978,Chennai,Dinner,68,UPI,Local Kitchen,30,4
106375,26,Biryani,286,Chennai,Dinner,46,UPI,Hotel Aryaas,100,3
106376,20,Biryani,477,Coimbatore,Dinner,40,UPI,Burger King,50,4
106377,42,Biryani,372,Madurai,Dinner,38,Cash on Delivery,KFC,100,5
106378,46,South Indian,548,Trichy,Evening,40,UPI,Saravana Bhavan,0,4
106379,58,South Indian,384,Salem,Lunch,35,UPI,A2B,30,4
106380,51,North Indian,206,Chennai,Dinner,35,Debit Card,Dominos,100,4
106381,37,Biryani,547,Chennai,Lunch,19,Cash on Delivery,Saravana Bhavan,0,5
106382,35,South Indian,526,Madurai,Evening,40,UPI,Local Kitchen,50,4
106383,19,South Indian,370,Bangalore,Dinner,40,Debit Card,Saravana Bhavan,75,5
106384,27,South Indian,395,Coimbatore,Lunch,38,UPI,Chinese Wok,20,5
106385,33,Pizza,312,Chennai,Lunch,38,UPI,Saravana Bhavan,20,5
106386,38,Biryani,442,Coimbatore,Lunch,42,Credit Card,KFC,75,5
106387,35,Biryani,1200,Coimbatore,Dinner,39,UPI,Hotel Aryaas,30,4
106388,42,Chinese,845,Chennai,Lunch,35,Cash on Delivery,Saravana Bhavan,30,4
106389,28,Fast Food,402,Salem,Evening,37,Cash on Delivery,Burger King,20,4
106390,36,Biryani,474,Chennai,Lunch,46,Debit Card,Chinese Wok,30,3
106391,22,Fast Food,347,Salem,Evening,49,UPI,Chinese Wok,20,5
106392,32,Fast Food,673,Trichy,Lunch,24,UPI,KFC,30,5
106393,43,South Indian,260,Coimbatore,Late Night,30,Debit Card,Dominos,75,4
106394,41,Biryani,309,Madurai,Evening,44,UPI,Saravana Bhavan,75,5
106395,60,Fast Food,226,Bangalore,Dinner,40,UPI,Chinese Wok,0,5
106396,28,South Indian,345,Chennai,Dinner,28,UPI,Burger King,30,5
106397,34,South Indian,332,Coimbatore,Evening,35,UPI,Anjappar,100,5
106398,30,North Indian,283,Bangalore,Lunch,42,UPI,Anjappar,20,4
106399,32,Biryani,363,Bangalore,Evening,53,UPI,Saravana Bhavan,0,4
106400,48,North Indian,472,Bangalore,Dinner,58,UPI,Dominos,0,4
106401,40,South Indian,345,Coimbatore,Evening,16,Credit Card,Saravana Bhavan,20,5
106402,50,Pizza,287,Coimbatore,Breakfast,43,UPI,SS Hyderabad Biryani,75,3
106403,26,South Indian,384,Coimbatore,Breakfast,28,UPI,Hotel Aryaas,75,5
106404,50,South Indian,478,Coimbatore,Lunch,46,UPI,A2B,50,4
106405,21,Pizza,281,Bangalore,Lunch,20,UPI,SS Hyderabad Biryani,100,5
106406,51,North Indian,528,Trichy,Late Night,27,Debit Card,Hotel Aryaas,0,5
106407,30,Fast Food,251,Bangalore,Lunch,32,UPI,Saravana Bhavan,20,5
106408,29,Biryani,383,Madurai,Evening,41,Cash on Delivery,SS Hyderabad Biryani,50,4
106409,34,South Indian,372,Bangalore,Dinner,30,Cash on Delivery,Chinese Wok,75,5
106410,55,North Indian,213,Bangalore,Dinner,27,Cash on Delivery,SS Hyderabad Biryani,0,4
106411,20,Fast Food,882,Bangalore,Evening,17,Cash on Delivery,Dominos,30,5
106412,30,Chinese,446,Chennai,Lunch,27,Debit Card,Dominos,50,5
106413,48,Chinese,355,Salem,Lunch,41,Cash on Delivery,Hotel Aryaas,0,4
106414,31,Pizza,191,Chennai,Evening,49,Debit Card,SS Hyderabad Biryani,0,4
106415,26,South Indian,556,Coimbatore,Evening,24,UPI,Chinese Wok,0,3
106416,32,Fast Food,375,Chennai,Lunch,25,Debit Card,KFC,20,5
106417,31,North Indian,555,Chennai,Lunch,27,Credit Card,Local Kitchen,0,5
106418,53,South Indian,343,Madurai,Late Night,33,UPI,Saravana Bhavan,30,4
106419,43,Chinese,566,Coimbatore,Breakfast,36,Debit Card,A2B,0,5
106420,34,Fast Food,274,Trichy,Evening,31,Cash on Delivery,Saravana Bhavan,20,4
106421,59,Chinese,739,Chennai,Late Night,18,Credit Card,Dominos,20,4
106422,33,Fast Food,421,Chennai,Dinner,15,Credit Card,Chinese Wok,100,4
106423,21,Fast Food,477,Chennai,Evening,29,UPI,Local Kitchen,75,4
106424,28,Chinese,580,Bangalore,Lunch,39,Debit Card,A2B,30,4
106425,32,South Indian,448,Trichy,Late Night,34,UPI,Chinese Wok,0,5
106426,25,Chinese,559,Coimbatore,Breakfast,51,Debit Card,Hotel Aryaas,0,5
106427,56,Fast Food,272,Coimbatore,Dinner,19,UPI,Dominos,20,5
106428,43,South Indian,446,Salem,Dinner,35,UPI,KFC,30,4
106429,28,South Indian,671,Chennai,Breakfast,48,Debit Card,Hotel Aryaas,50,3
106430,37,South Indian,434,Coimbatore,Dinner,31,UPI,KFC,0,5
106431,42,Fast Food,722,Coimbatore,Late Night,21,Cash on Delivery,A2B,0,4
106432,55,Chinese,433,Chennai,Dinner,15,Wallet,Hotel Aryaas,20,5
106433,50,Pizza,457,Chennai,Evening,31,UPI,KFC,20,5
106434,34,Fast Food,300,Chennai,Dinner,29,Cash on Delivery,Dominos,30,4
106435,44,Fast Food,284,Trichy,Dinner,28,Credit Card,Burger King,20,4
106436,36,Chinese,467,Bangalore,Dinner,37,UPI,Anjappar,30,5
106437,35,Chinese,424,Trichy,Dinner,52,Credit Card,Anjappar,75,3
106438,23,Chinese,187,Bangalore,Breakfast,20,Debit Card,Burger King,0,5
106439,24,Chinese,637,Bangalore,Lunch,24,Debit Card,Saravana Bhavan,20,5
106440,35,Fast Food,275,Madurai,Breakfast,33,Credit Card,Hotel Aryaas,20,5
106441,28,Fast Food,448,Trichy,Lunch,41,UPI,Chinese Wok,30,4
106442,19,Fast Food,458,Chennai,Breakfast,30,Debit Card,Hotel Aryaas,75,4
106443,42,Biryani,616,Coimbatore,Evening,40,UPI,Local Kitchen,75,5
106444,19,Chinese,762,Madurai,Lunch,20,UPI,Dominos,75,4
106445,37,Biryani,760,Salem,Dinner,34,Debit Card,Saravana Bhavan,0,4
106446,35,North Indian,445,Salem,Dinner,34,Credit Card,Saravana Bhavan,20,4
106447,58,Pizza,666,Bangalore,Dinner,50,UPI,SS Hyderabad Biryani,20,4
106448,34,Pizza,502,Chennai,Evening,45,Debit Card,Saravana Bhavan,30,4
106449,21,North Indian,447,Chennai,Lunch,35,UPI,Burger King,50,4
106450,35,Fast Food,371,Salem,Evening,24,Debit Card,Chinese Wok,20,5
106451,47,Pizza,331,Coimbatore,Dinner,15,Credit Card,Saravana Bhavan,20,5
106452,60,Biryani,606,Chennai,Dinner,25,Credit Card,KFC,30,5
106453,32,Biryani,320,Salem,Breakfast,56,Credit Card,Saravana Bhavan,30,4
106454,29,Pizza,462,Chennai,Dinner,16,UPI,SS Hyderabad Biryani,75,5
106455,52,Biryani,630,Madurai,Dinner,25,Debit Card,Hotel Aryaas,0,4
106456,26,North Indian,326,Bangalore,Dinner,35,Cash on Delivery,Chinese Wok,50,4
106457,38,Chinese,458,Chennai,Lunch,47,Cash on Delivery,Hotel Aryaas,50,4
106458,32,Chinese,396,Coimbatore,Dinner,21,Debit Card,Hotel Aryaas,75,5
106459,20,Fast Food,429,Chennai,Evening,39,Wallet,Saravana Bhavan,75,4
106460,30,Chinese,484,Bangalore,Evening,26,Credit Card,SS Hyderabad Biryani,0,4
106461,28,Biryani,403,Coimbatore,Evening,22,UPI,Saravana Bhavan,30,5
106462,40,Pizza,675,Chennai,Lunch,28,Debit Card,Dominos,30,4
106463,56,Biryani,252,Salem,Lunch,34,Cash on Delivery,KFC,50,4
106464,28,Chinese,576,Coimbatore,Breakfast,21,UPI,Saravana Bhavan,100,5
106465,45,Fast Food,411,Chennai,Lunch,45,UPI,Chinese Wok,0,5
106466,20,Biryani,272,Chennai,Lunch,48,Wallet,Anjappar,30,4
106467,35,South Indian,404,Chennai,Lunch,27,Debit Card,Local Kitchen,30,5
106468,21,Biryani,903,Salem,Lunch,42,UPI,Burger King,0,3
106469,55,Chinese,342,Coimbatore,Dinner,19,Credit Card,Anjappar,50,5
106470,43,Fast Food,339,Coimbatore,Dinner,32,UPI,Burger King,30,5
106471,39,Fast Food,478,Trichy,Lunch,42,UPI,Anjappar,50,5
106472,45,South Indian,571,Bangalore,Lunch,41,UPI,SS Hyderabad Biryani,50,4
106473,39,Fast Food,628,Coimbatore,Dinner,35,UPI,KFC,0,3
106474,58,Fast Food,656,Trichy,Dinner,46,Credit Card,Hotel Aryaas,50,5
106475,41,Pizza,397,Madurai,Lunch,27,UPI,Anjappar,75,5
106476,54,Biryani,509,Chennai,Dinner,35,Cash on Delivery,Burger King,30,5
106477,34,Biryani,230,Bangalore,Lunch,35,Debit Card,Burger King,75,5
106478,24,Fast Food,412,Salem,Dinner,38,UPI,Dominos,0,5
106479,35,South Indian,583,Coimbatore,Late Night,40,UPI,Saravana Bhavan,75,4
106480,24,South Indian,259,Madurai,Lunch,21,Wallet,Anjappar,100,5
106481,37,Fast Food,532,Salem,Late Night,41,Credit Card,Chinese Wok,20,4
106482,34,Pizza,311,Madurai,Lunch,22,UPI,Saravana Bhavan,20,5
106483,38,Biryani,256,Chennai,Dinner,43,UPI,Burger King,50,3
106484,18,South Indian,339,Chennai,Evening,52,UPI,SS Hyderabad Biryani,20,5
106485,26,Fast Food,513,Bangalore,Dinner,29,Debit Card,Saravana Bhavan,100,4
106486,34,Chinese,561,Chennai,Breakfast,25,Credit Card,KFC,20,5
106487,56,North Indian,323,Salem,Dinner,51,Wallet,Hotel Aryaas,0,4
106488,31,South Indian,1090,Coimbatore,Dinner,33,Wallet,Dominos,75,4
106489,32,North Indian,526,Coimbatore,Evening,21,UPI,Anjappar,0,4
106490,41,Fast Food,371,Madurai,Lunch,25,Wallet,Local Kitchen,100,5
106491,37,Biryani,385,Bangalore,Lunch,25,Wallet,Anjappar,30,5
106492,29,Biryani,751,Coimbatore,Dinner,46,Debit Card,Chinese Wok,20,4
106493,32,Fast Food,616,Chennai,Dinner,24,UPI,Chinese Wok,50,5
106494,27,Fast Food,416,Bangalore,Evening,15,UPI,Hotel Aryaas,50,4
106495,58,Biryani,428,Trichy,Dinner,33,UPI,A2B,20,3
106496,24,South Indian,210,Madurai,Lunch,37,UPI,Dominos,0,4
106497,31,Fast Food,755,Coimbatore,Evening,40,Cash on Delivery,KFC,75,4
106498,19,Biryani,315,Chennai,Lunch,15,Wallet,Anjappar,100,5
106499,27,Fast Food,374,Trichy,Dinner,32,Debit Card,Burger King,100,5
106500,44,Pizza,384,Salem,Late Night,30,Debit Card,Saravana Bhavan,20,5
106501,26,Fast Food,880,Coimbatore,Dinner,38,UPI,Dominos,30,5
106502,22,Chinese,454,Madurai,Lunch,15,Credit Card,KFC,100,5
106503,33,South Indian,638,Coimbatore,Dinner,36,Debit Card,SS Hyderabad Biryani,20,5
106504,18,South Indian,208,Bangalore,Breakfast,36,UPI,Saravana Bhavan,50,5
106505,22,Fast Food,371,Trichy,Lunch,45,Debit Card,A2B,100,3
106506,45,Fast Food,541,Chennai,Lunch,38,UPI,Local Kitchen,0,5
106507,43,South Indian,442,Bangalore,Lunch,41,UPI,SS Hyderabad Biryani,50,5
106508,53,Fast Food,1013,Chennai,Dinner,22,Credit Card,Saravana Bhavan,50,5
106509,48,Biryani,590,Coimbatore,Evening,33,Credit Card,KFC,20,4
106510,40,Biryani,549,Bangalore,Late Night,47,Debit Card,Local Kitchen,100,4
106511,20,Pizza,323,Chennai,Lunch,29,Credit Card,KFC,75,4
106512,44,South Indian,615,Bangalore,Evening,42,UPI,SS Hyderabad Biryani,100,4
106513,47,Chinese,765,Coimbatore,Lunch,24,Wallet,Chinese Wok,30,4
106514,44,South Indian,431,Bangalore,Lunch,32,Debit Card,KFC,0,4
106515,34,Pizza,476,Chennai,Late Night,18,Cash on Delivery,Local Kitchen,20,4
106516,27,South Indian,873,Madurai,Evening,33,Debit Card,Hotel Aryaas,50,4
106517,47,South Indian,648,Bangalore,Late Night,26,UPI,Burger King,20,3
106518,42,North Indian,363,Salem,Evening,45,Wallet,Chinese Wok,0,4
106519,59,Chinese,862,Salem,Lunch,54,Wallet,Saravana Bhavan,100,4
106520,25,Biryani,561,Coimbatore,Lunch,17,UPI,Saravana Bhavan,20,5
106521,27,Biryani,499,Chennai,Dinner,22,UPI,Chinese Wok,0,5
106522,27,Pizza,697,Bangalore,Breakfast,43,Wallet,SS Hyderabad Biryani,30,3
106523,44,Pizza,577,Bangalore,Late Night,26,UPI,Local Kitchen,30,5
106524,26,South Indian,392,Chennai,Evening,33,Cash on Delivery,Dominos,20,4
106525,21,South Indian,578,Chennai,Lunch,49,UPI,Hotel Aryaas,20,5
106526,60,Chinese,358,Bangalore,Dinner,49,Debit Card,A2B,0,4
106527,19,South Indian,697,Salem,Lunch,21,Debit Card,Local Kitchen,20,5
106528,46,Chinese,446,Trichy,Breakfast,53,Wallet,Local Kitchen,30,4
106529,30,Biryani,280,Chennai,Dinner,41,Debit Card,SS Hyderabad Biryani,100,4
106530,47,North Indian,411,Coimbatore,Evening,44,UPI,Saravana Bhavan,100,5
106531,35,Chinese,643,Chennai,Evening,27,Credit Card,KFC,0,5
106532,52,Chinese,408,Coimbatore,Lunch,26,UPI,A2B,75,5
106533,54,Fast Food,491,Madurai,Breakfast,17,Credit Card,SS Hyderabad Biryani,20,5
106534,18,Biryani,198,Madurai,Evening,22,UPI,Local Kitchen,30,5
106535,21,Fast Food,396,Coimbatore,Evening,41,UPI,Burger King,20,5
106536,28,Chinese,253,Chennai,Dinner,39,Debit Card,Dominos,75,5
106537,40,Chinese,408,Coimbatore,Evening,42,UPI,KFC,30,5
106538,51,Fast Food,614,Salem,Dinner,36,Cash on Delivery,Dominos,0,5
106539,33,South Indian,434,Chennai,Lunch,34,UPI,Anjappar,100,5
106540,37,Pizza,381,Coimbatore,Breakfast,27,Credit Card,KFC,100,3
106541,26,Biryani,239,Madurai,Lunch,31,Cash on Delivery,Chinese Wok,20,4
106542,45,South Indian,321,Madurai,Dinner,43,Cash on Delivery,Saravana Bhavan,20,4
106543,58,Chinese,311,Salem,Dinner,42,Credit Card,Hotel Aryaas,0,4
106544,28,South Indian,543,Coimbatore,Lunch,36,UPI,Burger King,0,5
106545,34,Chinese,426,Bangalore,Breakfast,25,Credit Card,Burger King,0,5
106546,22,South Indian,584,Coimbatore,Dinner,29,Cash on Delivery,Anjappar,50,4
106547,36,North Indian,609,Salem,Dinner,20,UPI,Saravana Bhavan,30,5
106548,34,Biryani,452,Madurai,Dinner,30,UPI,Burger King,20,5
106549,25,South Indian,421,Trichy,Lunch,17,Credit Card,Anjappar,100,5
106550,32,Biryani,548,Chennai,Dinner,31,Credit Card,A2B,30,4
106551,30,Biryani,376,Madurai,Dinner,27,UPI,Burger King,100,5
106552,35,Fast Food,247,Coimbatore,Lunch,34,UPI,Dominos,20,3
106553,37,Biryani,279,Chennai,Evening,26,UPI,Dominos,75,4
106554,18,North Indian,589,Chennai,Lunch,41,UPI,Chinese Wok,75,5
106555,43,North Indian,423,Bangalore,Lunch,18,Cash on Delivery,Hotel Aryaas,75,5
106556,41,Fast Food,575,Coimbatore,Late Night,18,Credit Card,Chinese Wok,75,4
106557,31,Chinese,342,Trichy,Late Night,31,UPI,Local Kitchen,75,3
106558,20,South Indian,350,Madurai,Evening,37,Wallet,A2B,75,4
106559,43,Pizza,639,Chennai,Lunch,30,UPI,Hotel Aryaas,75,5
106560,57,Chinese,279,Madurai,Dinner,31,UPI,SS Hyderabad Biryani,20,4
106561,27,Biryani,309,Chennai,Lunch,35,Wallet,Chinese Wok,0,5
106562,29,Pizza,296,Coimbatore,Lunch,39,UPI,Dominos,0,4
106563,26,Chinese,553,Bangalore,Evening,30,Wallet,Burger King,20,4
106564,36,South Indian,565,Trichy,Evening,36,Debit Card,Anjappar,75,4
106565,25,North Indian,339,Coimbatore,Breakfast,44,UPI,Burger King,100,4
106566,30,North Indian,532,Trichy,Dinner,20,Credit Card,Burger King,20,5
106567,41,South Indian,284,Madurai,Breakfast,47,Credit Card,Dominos,30,4
106568,36,South Indian,701,Coimbatore,Dinner,46,Debit Card,A2B,20,5
106569,31,North Indian,375,Bangalore,Late Night,26,UPI,Local Kitchen,30,3
106570,32,Fast Food,437,Madurai,Dinner,39,Cash on Delivery,Dominos,30,4
106571,36,Fast Food,384,Chennai,Evening,19,Wallet,Anjappar,50,5
106572,18,Biryani,502,Trichy,Lunch,37,UPI,Saravana Bhavan,20,4
106573,22,North Indian,446,Madurai,Dinner,48,UPI,Dominos,20,5
106574,50,Chinese,589,Chennai,Late Night,24,UPI,SS Hyderabad Biryani,20,5
106575,22,Biryani,412,Salem,Lunch,26,UPI,Chinese Wok,20,4
106576,41,North Indian,393,Chennai,Evening,38,UPI,Hotel Aryaas,50,4
106577,54,Chinese,265,Salem,Lunch,31,UPI,Hotel Aryaas,30,4
106578,28,Pizza,606,Coimbatore,Evening,36,Debit Card,Saravana Bhavan,30,4
106579,31,Biryani,351,Madurai,Evening,58,UPI,Local Kitchen,0,3
106580,36,South Indian,315,Coimbatore,Late Night,30,Cash on Delivery,Saravana Bhavan,20,4
106581,50,Chinese,224,Madurai,Lunch,18,Credit Card,Hotel Aryaas,20,5
106582,55,South Indian,705,Chennai,Evening,27,UPI,Hotel Aryaas,75,5
106583,42,Chinese,645,Chennai,Late Night,36,UPI,Chinese Wok,0,5
106584,22,Pizza,322,Chennai,Evening,21,Debit Card,Dominos,0,5
106585,40,Fast Food,776,Trichy,Dinner,27,Credit Card,Anjappar,50,3
106586,32,Pizza,901,Coimbatore,Breakfast,46,Debit Card,Hotel Aryaas,30,4
106587,33,Biryani,408,Madurai,Late Night,50,UPI,SS Hyderabad Biryani,50,4
106588,20,Fast Food,757,Trichy,Lunch,30,Cash on Delivery,Dominos,0,5
106589,26,Biryani,269,Trichy,Late Night,30,UPI,Burger King,75,4
106590,44,Fast Food,599,Chennai,Lunch,22,UPI,SS Hyderabad Biryani,100,4
106591,33,Fast Food,443,Trichy,Evening,37,Debit Card,Dominos,50,4
106592,29,Pizza,469,Chennai,Lunch,58,Debit Card,KFC,0,4
106593,31,Chinese,576,Madurai,Evening,30,Credit Card,Dominos,50,2
106594,48,South Indian,440,Madurai,Lunch,31,UPI,Chinese Wok,20,5
106595,43,Chinese,458,Chennai,Late Night,39,UPI,Local Kitchen,0,5
106596,28,Biryani,379,Chennai,Lunch,29,UPI,Burger King,0,3
106597,24,Biryani,582,Coimbatore,Dinner,30,Credit Card,SS Hyderabad Biryani,0,4
106598,28,Chinese,559,Coimbatore,Lunch,48,Debit Card,SS Hyderabad Biryani,75,3
106599,54,Chinese,454,Salem,Dinner,21,Debit Card,SS Hyderabad Biryani,75,4
106600,36,Pizza,829,Coimbatore,Dinner,23,Debit Card,Local Kitchen,0,5
106601,35,Fast Food,322,Salem,Late Night,40,UPI,SS Hyderabad Biryani,50,4
106602,37,Chinese,376,Coimbatore,Evening,33,Credit Card,Hotel Aryaas,20,4
106603,31,Chinese,381,Salem,Lunch,23,UPI,Hotel Aryaas,0,4
106604,45,North Indian,338,Madurai,Lunch,37,Credit Card,Local Kitchen,30,4
106605,35,Biryani,391,Trichy,Dinner,31,Debit Card,Anjappar,30,4
106606,24,South Indian,365,Chennai,Dinner,36,Debit Card,Dominos,0,4
106607,24,South Indian,247,Bangalore,Dinner,31,UPI,Hotel Aryaas,0,4
106608,35,North Indian,355,Chennai,Breakfast,19,UPI,KFC,20,4
106609,55,Biryani,701,Coimbatore,Dinner,45,Cash on Delivery,Dominos,20,4
106610,29,South Indian,395,Bangalore,Late Night,51,Cash on Delivery,Burger King,30,4
106611,49,Fast Food,813,Madurai,Lunch,25,UPI,Anjappar,20,3
106612,43,South Indian,382,Chennai,Breakfast,50,Credit Card,Dominos,20,4
106613,27,Fast Food,501,Bangalore,Dinner,33,UPI,Local Kitchen,100,3
106614,19,Biryani,568,Bangalore,Lunch,15,Debit Card,KFC,75,4
106615,23,South Indian,350,Chennai,Dinner,38,Credit Card,KFC,20,5
106616,42,Fast Food,528,Bangalore,Dinner,15,UPI,Local Kitchen,100,4
106617,26,Biryani,479,Madurai,Late Night,29,UPI,KFC,0,5
106618,31,Fast Food,314,Chennai,Dinner,41,Debit Card,Saravana Bhavan,0,4
106619,34,Biryani,456,Madurai,Dinner,39,UPI,Chinese Wok,20,5
106620,42,North Indian,735,Bangalore,Lunch,27,Debit Card,Local Kitchen,0,3
106621,23,South Indian,400,Trichy,Lunch,40,UPI,Saravana Bhavan,50,5
106622,32,Pizza,818,Chennai,Dinner,43,Cash on Delivery,SS Hyderabad Biryani,30,4
106623,34,South Indian,388,Trichy,Dinner,28,UPI,SS Hyderabad Biryani,100,4
106624,35,North Indian,518,Chennai,Dinner,31,UPI,Burger King,50,4
106625,45,South Indian,400,Coimbatore,Evening,36,UPI,Hotel Aryaas,20,4
106626,25,South Indian,481,Chennai,Lunch,22,Cash on Delivery,Hotel Aryaas,20,5
106627,45,South Indian,277,Trichy,Lunch,26,UPI,Hotel Aryaas,0,4
106628,41,Chinese,420,Madurai,Lunch,44,Credit Card,A2B,20,4
106629,35,South Indian,805,Chennai,Dinner,57,UPI,SS Hyderabad Biryani,0,4
106630,41,Fast Food,569,Chennai,Dinner,40,UPI,Local Kitchen,75,4
106631,32,Biryani,690,Coimbatore,Breakfast,37,Credit Card,Saravana Bhavan,20,3
106632,25,South Indian,641,Chennai,Dinner,52,UPI,Local Kitchen,50,4
106633,40,South Indian,234,Bangalore,Dinner,25,Cash on Delivery,Burger King,30,5
106634,35,Biryani,507,Bangalore,Dinner,35,Credit Card,KFC,0,3
106635,39,Fast Food,625,Salem,Evening,42,UPI,A2B,0,4
106636,30,South Indian,350,Salem,Lunch,26,UPI,SS Hyderabad Biryani,20,4
106637,52,Pizza,436,Bangalore,Dinner,18,UPI,Burger King,100,5
106638,37,Biryani,288,Chennai,Evening,42,UPI,Local Kitchen,30,4
106639,22,Fast Food,828,Coimbatore,Dinner,44,UPI,Local Kitchen,75,4
106640,33,Pizza,540,Bangalore,Dinner,42,UPI,KFC,0,5
106641,43,Chinese,477,Coimbatore,Dinner,43,Cash on Delivery,Burger King,20,5
106642,44,Fast Food,335,Bangalore,Late Night,35,UPI,Local Kitchen,0,4
106643,34,Pizza,314,Salem,Dinner,35,Debit Card,SS Hyderabad Biryani,20,5
106644,51,South Indian,324,Trichy,Breakfast,36,UPI,Dominos,20,3
106645,28,South Indian,291,Chennai,Lunch,45,Cash on Delivery,Anjappar,100,4
106646,32,North Indian,410,Chennai,Breakfast,37,Debit Card,Hotel Aryaas,75,4
106647,52,North Indian,617,Trichy,Lunch,35,UPI,KFC,75,4
106648,52,Fast Food,518,Trichy,Breakfast,37,Wallet,Dominos,0,4
106649,40,Biryani,441,Chennai,Evening,38,UPI,Burger King,30,5
106650,48,Fast Food,457,Madurai,Breakfast,23,UPI,Local Kitchen,0,5
106651,22,Biryani,351,Bangalore,Evening,48,Wallet,Anjappar,75,4
106652,49,Biryani,289,Coimbatore,Dinner,27,UPI,Chinese Wok,30,5
106653,29,Fast Food,542,Chennai,Dinner,35,Credit Card,Chinese Wok,0,4
106654,26,North Indian,462,Trichy,Late Night,25,Wallet,Local Kitchen,100,4
106655,27,Pizza,268,Bangalore,Lunch,32,Debit Card,SS Hyderabad Biryani,20,5
106656,32,South Indian,822,Chennai,Dinner,39,Debit Card,KFC,0,4
106657,28,South Indian,202,Madurai,Lunch,37,Credit Card,Chinese Wok,30,5
106658,29,Biryani,742,Madurai,Evening,29,Credit Card,Burger King,30,5
106659,25,Biryani,262,Trichy,Dinner,27,Wallet,KFC,20,4
106660,29,Biryani,362,Chennai,Breakfast,37,Credit Card,SS Hyderabad Biryani,50,4
106661,36,Chinese,740,Salem,Lunch,45,Debit Card,Chinese Wok,20,4
106662,32,Biryani,462,Chennai,Dinner,48,Debit Card,Anjappar,20,4
106663,30,Pizza,400,Bangalore,Dinner,54,Credit Card,KFC,50,4
106664,43,Chinese,420,Bangalore,Dinner,27,Cash on Delivery,Saravana Bhavan,30,5
106665,51,Fast Food,322,Coimbatore,Lunch,26,UPI,A2B,20,5
106666,43,Biryani,374,Coimbatore,Evening,33,UPI,KFC,100,4
106667,30,Chinese,469,Trichy,Breakfast,32,Credit Card,Anjappar,50,4
106668,42,North Indian,369,Bangalore,Late Night,20,UPI,SS Hyderabad Biryani,20,5
106669,25,Chinese,369,Coimbatore,Dinner,42,Wallet,Chinese Wok,75,5
106670,24,Fast Food,588,Chennai,Breakfast,26,Cash on Delivery,Anjappar,20,4
106671,30,South Indian,451,Chennai,Lunch,28,UPI,Saravana Bhavan,100,5
106672,45,Fast Food,705,Chennai,Dinner,38,UPI,Saravana Bhavan,75,5
106673,27,North Indian,431,Salem,Lunch,22,Debit Card,A2B,20,4
106674,21,Chinese,267,Madurai,Late Night,31,UPI,Burger King,50,5
106675,24,South Indian,401,Salem,Dinner,41,Cash on Delivery,Hotel Aryaas,30,4
106676,48,South Indian,395,Chennai,Lunch,34,UPI,Hotel Aryaas,75,4
106677,38,South Indian,835,Madurai,Breakfast,41,Cash on Delivery,Hotel Aryaas,75,4
106678,28,Fast Food,781,Chennai,Dinner,44,Credit Card,SS Hyderabad Biryani,30,4
106679,35,Biryani,389,Madurai,Evening,33,Credit Card,KFC,30,5
106680,35,Fast Food,266,Coimbatore,Dinner,15,UPI,KFC,20,5
106681,39,North Indian,319,Chennai,Lunch,46,Wallet,Anjappar,75,3
106682,27,Chinese,324,Bangalore,Lunch,34,UPI,Local Kitchen,30,5
106683,49,Biryani,548,Coimbatore,Dinner,42,UPI,KFC,0,4
106684,29,Pizza,401,Bangalore,Evening,48,UPI,Dominos,50,3
106685,41,Fast Food,549,Bangalore,Lunch,16,Credit Card,Anjappar,0,5
106686,18,Fast Food,636,Madurai,Lunch,34,UPI,SS Hyderabad Biryani,0,5
106687,31,Fast Food,745,Salem,Dinner,49,Credit Card,Chinese Wok,100,3
106688,30,South Indian,441,Coimbatore,Dinner,32,Cash on Delivery,Hotel Aryaas,75,4
106689,35,South Indian,316,Coimbatore,Lunch,44,Credit Card,Burger King,50,5
106690,21,South Indian,617,Trichy,Dinner,23,UPI,Saravana Bhavan,30,3
106691,44,Chinese,742,Bangalore,Lunch,39,UPI,Saravana Bhavan,20,3
106692,27,Fast Food,460,Chennai,Lunch,21,UPI,Dominos,20,5
106693,40,Pizza,474,Trichy,Dinner,43,Cash on Delivery,Saravana Bhavan,20,4
106694,45,Biryani,297,Chennai,Dinner,29,UPI,Local Kitchen,30,4
106695,36,Pizza,415,Chennai,Lunch,48,UPI,Local Kitchen,20,3
106696,42,Chinese,232,Chennai,Lunch,49,Wallet,A2B,0,4
106697,39,Chinese,592,Chennai,Breakfast,28,Credit Card,Dominos,75,4
106698,30,South Indian,469,Chennai,Dinner,51,UPI,Local Kitchen,50,4
106699,45,Chinese,418,Chennai,Breakfast,28,Cash on Delivery,Dominos,30,5
106700,29,Biryani,370,Coimbatore,Lunch,41,Credit Card,A2B,20,5
106701,36,Pizza,256,Chennai,Lunch,34,UPI,Burger King,75,5
106702,42,Biryani,253,Chennai,Evening,30,Debit Card,Local Kitchen,0,5
106703,31,Biryani,457,Bangalore,Dinner,42,UPI,Chinese Wok,0,4
106704,29,South Indian,485,Chennai,Lunch,29,UPI,KFC,100,4
106705,33,Chinese,500,Chennai,Dinner,28,Debit Card,Burger King,100,5
106706,45,Biryani,901,Coimbatore,Breakfast,34,Wallet,Saravana Bhavan,50,4
106707,54,North Indian,208,Coimbatore,Evening,43,Credit Card,Dominos,30,5
106708,35,North Indian,293,Coimbatore,Lunch,36,Credit Card,Saravana Bhavan,75,4
106709,39,South Indian,823,Coimbatore,Lunch,30,UPI,Hotel Aryaas,50,5
106710,52,South Indian,363,Bangalore,Evening,29,Credit Card,Burger King,50,3
106711,23,Chinese,770,Bangalore,Dinner,32,UPI,Chinese Wok,50,5
106712,27,Fast Food,389,Salem,Dinner,39,Credit Card,SS Hyderabad Biryani,100,5
106713,41,South Indian,354,Bangalore,Evening,23,Debit Card,Dominos,20,5
106714,45,North Indian,524,Coimbatore,Lunch,27,Credit Card,Local Kitchen,20,4
106715,48,North Indian,271,Chennai,Lunch,42,UPI,Hotel Aryaas,30,4
106716,32,North Indian,235,Madurai,Evening,26,UPI,SS Hyderabad Biryani,20,5
106717,22,Fast Food,297,Chennai,Dinner,28,UPI,Burger King,0,5
106718,32,Fast Food,542,Coimbatore,Late Night,34,UPI,Anjappar,100,4
106719,27,Fast Food,627,Coimbatore,Dinner,26,UPI,Hotel Aryaas,75,5
106720,29,South Indian,716,Bangalore,Evening,29,Cash on Delivery,A2B,0,4
106721,43,Fast Food,481,Salem,Dinner,35,Debit Card,Dominos,75,4
106722,21,Fast Food,979,Salem,Lunch,41,Cash on Delivery,Anjappar,30,4
106723,46,Chinese,426,Chennai,Dinner,26,Credit Card,Chinese Wok,30,5
106724,32,Pizza,362,Chennai,Lunch,26,UPI,Saravana Bhavan,0,5
106725,37,Chinese,291,Trichy,Lunch,45,UPI,SS Hyderabad Biryani,0,3
106726,22,Pizza,806,Bangalore,Breakfast,28,UPI,KFC,20,4
106727,30,Biryani,430,Coimbatore,Evening,27,Debit Card,A2B,30,5
106728,22,Biryani,699,Madurai,Dinner,15,UPI,Local Kitchen,30,4
106729,57,Pizza,511,Bangalore,Dinner,45,UPI,SS Hyderabad Biryani,20,3
106730,45,South Indian,568,Salem,Dinner,48,Cash on Delivery,A2B,75,4
106731,33,South Indian,530,Bangalore,Late Night,34,UPI,SS Hyderabad Biryani,20,5
106732,27,Biryani,298,Coimbatore,Breakfast,36,Credit Card,A2B,0,4
106733,55,Fast Food,584,Bangalore,Evening,34,UPI,Hotel Aryaas,20,4
106734,30,Chinese,385,Trichy,Evening,23,Cash on Delivery,Local Kitchen,50,5
106735,25,Pizza,374,Bangalore,Dinner,40,Debit Card,Chinese Wok,20,5
106736,36,North Indian,1200,Bangalore,Lunch,48,Credit Card,A2B,20,4
106737,56,South Indian,734,Salem,Breakfast,34,Cash on Delivery,Hotel Aryaas,0,4
106738,18,South Indian,496,Bangalore,Lunch,41,Debit Card,Saravana Bhavan,0,4
106739,27,Pizza,794,Coimbatore,Late Night,25,Debit Card,KFC,20,5
106740,55,South Indian,485,Madurai,Dinner,24,Wallet,Dominos,50,5
106741,25,South Indian,469,Bangalore,Evening,39,UPI,Anjappar,30,4
106742,23,North Indian,472,Chennai,Dinner,49,UPI,Anjappar,75,4
106743,36,Pizza,219,Coimbatore,Breakfast,28,Credit Card,A2B,50,4
106744,49,North Indian,341,Madurai,Lunch,32,Credit Card,Dominos,30,5
106745,33,Biryani,394,Coimbatore,Dinner,39,Cash on Delivery,Anjappar,0,4
106746,60,South Indian,574,Madurai,Lunch,30,UPI,Anjappar,75,5
106747,40,Pizza,557,Coimbatore,Lunch,39,UPI,Dominos,0,5
106748,21,Biryani,540,Salem,Dinner,24,Credit Card,Hotel Aryaas,100,4
106749,60,Pizza,370,Coimbatore,Dinner,38,Credit Card,Burger King,75,4
106750,32,Biryani,1001,Chennai,Late Night,32,UPI,Anjappar,20,4
106751,28,Pizza,533,Coimbatore,Lunch,18,UPI,SS Hyderabad Biryani,100,3
106752,36,South Indian,225,Bangalore,Evening,24,UPI,Hotel Aryaas,20,5
106753,29,Biryani,342,Coimbatore,Lunch,37,Credit Card,Local Kitchen,75,4
106754,22,South Indian,883,Chennai,Dinner,48,UPI,Dominos,100,5
106755,18,Chinese,485,Bangalore,Lunch,21,UPI,SS Hyderabad Biryani,30,5
106756,33,Chinese,365,Coimbatore,Evening,44,Debit Card,A2B,30,5
106757,46,South Indian,372,Bangalore,Lunch,38,Debit Card,Chinese Wok,50,4
106758,36,North Indian,260,Madurai,Dinner,44,UPI,A2B,30,4
106759,60,South Indian,682,Madurai,Lunch,32,Debit Card,SS Hyderabad Biryani,0,4
106760,28,South Indian,310,Coimbatore,Breakfast,40,UPI,Local Kitchen,20,5
106761,28,Biryani,224,Bangalore,Evening,52,Cash on Delivery,Chinese Wok,0,5
106762,25,North Indian,345,Coimbatore,Evening,36,Wallet,Dominos,20,5
106763,25,Biryani,546,Trichy,Lunch,24,UPI,Saravana Bhavan,0,5
106764,28,South Indian,474,Trichy,Lunch,48,Debit Card,Anjappar,0,4
106765,44,Pizza,582,Coimbatore,Dinner,39,UPI,Anjappar,0,4
106766,52,Biryani,593,Chennai,Breakfast,36,Wallet,Anjappar,20,4
106767,58,South Indian,443,Chennai,Breakfast,52,Credit Card,A2B,0,5
106768,27,Fast Food,478,Coimbatore,Lunch,48,Credit Card,Saravana Bhavan,50,4
106769,50,Chinese,393,Bangalore,Late Night,39,Debit Card,KFC,75,4
106770,30,South Indian,599,Bangalore,Breakfast,25,UPI,Anjappar,20,4
106771,23,Pizza,290,Coimbatore,Dinner,30,UPI,Saravana Bhavan,75,5
106772,49,North Indian,336,Bangalore,Dinner,36,UPI,Dominos,30,5
106773,38,Chinese,594,Salem,Evening,34,Credit Card,KFC,20,5
106774,25,Chinese,632,Bangalore,Lunch,29,Debit Card,SS Hyderabad Biryani,75,5
106775,32,South Indian,791,Chennai,Dinner,32,Cash on Delivery,SS Hyderabad Biryani,50,4
106776,28,Fast Food,451,Bangalore,Dinner,45,Credit Card,A2B,100,5
106777,42,Chinese,555,Bangalore,Dinner,36,Debit Card,SS Hyderabad Biryani,100,4
106778,33,North Indian,504,Trichy,Dinner,29,UPI,Local Kitchen,50,5
106779,60,Fast Food,423,Coimbatore,Lunch,41,Debit Card,SS Hyderabad Biryani,75,3
106780,20,Fast Food,424,Coimbatore,Dinner,40,UPI,Burger King,0,3
106781,30,Fast Food,711,Bangalore,Lunch,34,UPI,Chinese Wok,0,5
106782,34,South Indian,436,Bangalore,Evening,23,Credit Card,SS Hyderabad Biryani,20,4
106783,34,Biryani,523,Madurai,Dinner,33,UPI,Chinese Wok,50,4
106784,29,South Indian,373,Chennai,Lunch,34,UPI,Saravana Bhavan,0,4
106785,42,South Indian,385,Bangalore,Breakfast,43,Cash on Delivery,A2B,50,5
106786,50,South Indian,269,Chennai,Lunch,27,Credit Card,Anjappar,50,5
106787,55,Fast Food,311,Coimbatore,Evening,31,UPI,KFC,75,4
106788,45,South Indian,529,Bangalore,Dinner,49,Credit Card,Hotel Aryaas,0,2
106789,48,Pizza,391,Chennai,Dinner,32,Cash on Delivery,SS Hyderabad Biryani,30,5
106790,35,North Indian,364,Coimbatore,Dinner,34,Credit Card,Anjappar,0,5
106791,45,South Indian,608,Madurai,Lunch,52,Cash on Delivery,Burger King,0,4
106792,29,Biryani,524,Bangalore,Lunch,25,UPI,A2B,100,4
106793,31,North Indian,447,Chennai,Lunch,47,Credit Card,Dominos,0,4
106794,29,Chinese,288,Bangalore,Lunch,30,UPI,A2B,0,4
106795,33,Fast Food,487,Chennai,Dinner,36,Credit Card,KFC,75,3
106796,28,Biryani,447,Chennai,Dinner,37,Credit Card,Chinese Wok,20,4
106797,57,Biryani,502,Coimbatore,Evening,32,Credit Card,Anjappar,75,4
106798,29,Biryani,492,Chennai,Evening,25,Credit Card,Hotel Aryaas,50,5
106799,23,Biryani,575,Salem,Breakfast,27,Credit Card,KFC,0,5
106800,35,North Indian,296,Chennai,Breakfast,32,Cash on Delivery,Dominos,30,4
106801,20,South Indian,441,Madurai,Breakfast,26,UPI,SS Hyderabad Biryani,50,5
106802,23,Chinese,411,Trichy,Dinner,34,UPI,Chinese Wok,50,5
106803,27,Pizza,393,Salem,Evening,26,UPI,Dominos,30,5
106804,33,Pizza,742,Coimbatore,Lunch,25,UPI,Dominos,20,5
106805,32,Pizza,341,Trichy,Dinner,18,UPI,Dominos,100,5
106806,44,North Indian,494,Salem,Dinner,51,Debit Card,Saravana Bhavan,20,5
106807,42,South Indian,319,Chennai,Breakfast,33,Debit Card,Hotel Aryaas,50,4
106808,32,North Indian,264,Coimbatore,Dinner,27,UPI,A2B,75,3
106809,30,Chinese,448,Chennai,Dinner,24,Wallet,Burger King,0,4
106810,29,Biryani,542,Bangalore,Lunch,29,UPI,Chinese Wok,30,4
106811,44,Chinese,200,Bangalore,Dinner,15,Cash on Delivery,A2B,30,5
106812,20,Chinese,413,Chennai,Lunch,28,UPI,Chinese Wok,30,4
106813,18,North Indian,489,Madurai,Dinner,41,UPI,SS Hyderabad Biryani,0,5
106814,44,Fast Food,473,Chennai,Late Night,28,Debit Card,A2B,0,4
106815,33,South Indian,494,Trichy,Evening,40,Credit Card,Local Kitchen,50,4
106816,24,Biryani,595,Chennai,Lunch,43,Credit Card,Anjappar,30,3
106817,27,Fast Food,232,Bangalore,Evening,40,Debit Card,SS Hyderabad Biryani,50,4
106818,55,Biryani,316,Chennai,Lunch,34,Debit Card,KFC,0,3
106819,48,South Indian,451,Chennai,Breakfast,46,Cash on Delivery,Hotel Aryaas,20,5
106820,41,Pizza,397,Madurai,Dinner,45,UPI,Anjappar,30,5
106821,34,Biryani,464,Coimbatore,Breakfast,27,UPI,Chinese Wok,0,4
106822,35,South Indian,302,Bangalore,Lunch,25,Wallet,Hotel Aryaas,0,5
106823,58,Biryani,483,Salem,Dinner,30,UPI,KFC,75,5
106824,58,Biryani,682,Chennai,Dinner,31,UPI,Saravana Bhavan,0,5
106825,27,South Indian,738,Trichy,Breakfast,46,UPI,Anjappar,0,4
106826,45,Biryani,758,Chennai,Dinner,42,Debit Card,Hotel Aryaas,50,5
106827,26,South Indian,368,Chennai,Late Night,35,Credit Card,Dominos,75,4
106828,27,Biryani,409,Chennai,Breakfast,36,UPI,SS Hyderabad Biryani,100,4
106829,40,Biryani,617,Salem,Evening,23,UPI,Dominos,75,5
106830,32,South Indian,293,Chennai,Dinner,45,UPI,Burger King,50,5
106831,55,South Indian,699,Trichy,Dinner,36,UPI,Hotel Aryaas,75,4
106832,22,Biryani,455,Salem,Lunch,24,UPI,Dominos,30,3
106833,34,South Indian,411,Coimbatore,Lunch,17,Credit Card,Local Kitchen,20,4
106834,53,Pizza,461,Bangalore,Dinner,21,UPI,SS Hyderabad Biryani,50,5
106835,52,Chinese,178,Madurai,Late Night,35,UPI,Hotel Aryaas,20,3
106836,25,Biryani,337,Coimbatore,Dinner,15,Credit Card,Local Kitchen,20,5
106837,31,South Indian,422,Chennai,Late Night,22,Wallet,Saravana Bhavan,20,4
106838,38,Chinese,602,Coimbatore,Dinner,39,UPI,Hotel Aryaas,30,4
106839,25,Biryani,477,Madurai,Late Night,30,UPI,Anjappar,75,4
106840,58,Pizza,749,Madurai,Dinner,16,Credit Card,Burger King,100,5
106841,53,North Indian,648,Chennai,Late Night,28,UPI,Burger King,50,5
106842,25,Pizza,424,Chennai,Lunch,33,Credit Card,A2B,0,4
106843,24,Pizza,702,Salem,Dinner,43,Cash on Delivery,Saravana Bhavan,20,5
106844,22,Chinese,319,Chennai,Lunch,39,UPI,SS Hyderabad Biryani,0,4
106845,53,Chinese,345,Madurai,Breakfast,38,Debit Card,SS Hyderabad Biryani,30,4
106846,26,Chinese,407,Chennai,Evening,41,Cash on Delivery,Hotel Aryaas,20,3
106847,32,Pizza,295,Trichy,Lunch,17,Cash on Delivery,SS Hyderabad Biryani,50,5
106848,33,Chinese,363,Trichy,Breakfast,46,Credit Card,A2B,30,4
106849,37,Fast Food,386,Coimbatore,Late Night,46,UPI,Hotel Aryaas,0,3
106850,21,Fast Food,597,Chennai,Dinner,28,Debit Card,Saravana Bhavan,0,4
106851,27,North Indian,734,Coimbatore,Late Night,15,Debit Card,Local Kitchen,0,5
106852,55,Biryani,607,Coimbatore,Late Night,47,Debit Card,SS Hyderabad Biryani,50,5
106853,53,Chinese,542,Coimbatore,Evening,15,Wallet,Hotel Aryaas,20,4
106854,44,North Indian,343,Bangalore,Lunch,38,Credit Card,SS Hyderabad Biryani,20,4
106855,19,Chinese,204,Chennai,Lunch,29,Credit Card,KFC,20,3
106856,30,North Indian,342,Coimbatore,Evening,28,Credit Card,A2B,50,4
106857,38,Chinese,291,Madurai,Dinner,30,UPI,Dominos,0,5
106858,28,Biryani,546,Bangalore,Evening,35,UPI,Hotel Aryaas,20,4
106859,53,Pizza,226,Coimbatore,Evening,15,Debit Card,KFC,0,5
106860,38,Fast Food,665,Bangalore,Lunch,32,UPI,A2B,0,4
106861,21,South Indian,523,Madurai,Evening,20,UPI,Dominos,0,5
106862,53,Fast Food,597,Bangalore,Breakfast,29,UPI,KFC,20,4
106863,57,Fast Food,838,Chennai,Dinner,36,Wallet,SS Hyderabad Biryani,50,5
106864,22,South Indian,595,Chennai,Breakfast,43,Credit Card,Saravana Bhavan,30,4
106865,35,Fast Food,259,Trichy,Evening,27,UPI,SS Hyderabad Biryani,0,5
106866,29,Chinese,440,Trichy,Lunch,52,Cash on Delivery,Burger King,50,4
106867,31,Pizza,258,Madurai,Dinner,25,Credit Card,SS Hyderabad Biryani,0,3
106868,26,Fast Food,269,Chennai,Lunch,25,UPI,Local Kitchen,20,4
106869,36,Biryani,385,Bangalore,Lunch,44,Debit Card,Saravana Bhavan,100,4
106870,57,Chinese,742,Trichy,Dinner,32,UPI,Burger King,75,4
106871,34,Chinese,392,Coimbatore,Late Night,36,Debit Card,KFC,75,4
106872,22,North Indian,269,Chennai,Late Night,29,UPI,Hotel Aryaas,0,4
106873,38,Biryani,488,Bangalore,Lunch,30,UPI,Hotel Aryaas,30,3
106874,30,Pizza,663,Trichy,Dinner,37,Credit Card,Hotel Aryaas,20,4
106875,48,South Indian,487,Chennai,Breakfast,47,UPI,Hotel Aryaas,75,4
106876,32,Chinese,313,Bangalore,Lunch,35,Credit Card,A2B,30,5
106877,26,Biryani,506,Bangalore,Evening,38,Debit Card,Hotel Aryaas,50,5
106878,26,South Indian,267,Bangalore,Lunch,44,Cash on Delivery,A2B,20,4
106879,43,Fast Food,370,Bangalore,Dinner,29,Debit Card,Local Kitchen,0,5
106880,28,Fast Food,520,Bangalore,Late Night,24,UPI,Hotel Aryaas,50,4
106881,43,South Indian,348,Chennai,Breakfast,24,Debit Card,Dominos,30,5
106882,26,Pizza,322,Chennai,Lunch,25,Credit Card,A2B,75,5
106883,29,Chinese,189,Bangalore,Evening,24,Cash on Delivery,KFC,0,5
106884,33,South Indian,342,Chennai,Dinner,45,Debit Card,Anjappar,100,4
106885,56,South Indian,523,Bangalore,Late Night,15,UPI,Dominos,75,4
106886,55,South Indian,230,Bangalore,Dinner,40,UPI,KFC,50,4
106887,26,North Indian,531,Chennai,Dinner,22,Credit Card,SS Hyderabad Biryani,30,5
106888,30,South Indian,663,Bangalore,Lunch,52,UPI,Anjappar,20,4
106889,25,Fast Food,629,Bangalore,Dinner,38,UPI,Dominos,0,3
106890,34,Fast Food,363,Chennai,Lunch,25,Debit Card,Hotel Aryaas,100,5
106891,33,South Indian,395,Coimbatore,Late Night,29,UPI,Burger King,0,4
106892,52,South Indian,302,Trichy,Breakfast,33,UPI,SS Hyderabad Biryani,20,5
106893,54,Biryani,323,Coimbatore,Dinner,40,UPI,KFC,0,3
106894,31,Pizza,385,Bangalore,Breakfast,37,Debit Card,Dominos,20,4
106895,34,Chinese,499,Chennai,Evening,34,Credit Card,Burger King,20,5
106896,52,Chinese,622,Chennai,Dinner,27,UPI,KFC,50,4
106897,45,Biryani,341,Chennai,Dinner,31,UPI,A2B,75,4
106898,18,Fast Food,384,Madurai,Dinner,47,UPI,Burger King,0,4
106899,29,North Indian,376,Coimbatore,Dinner,55,Wallet,Local Kitchen,75,4
106900,32,Pizza,349,Chennai,Lunch,45,UPI,KFC,50,5
106901,27,Fast Food,629,Madurai,Dinner,24,Cash on Delivery,KFC,0,5
106902,26,Biryani,546,Chennai,Dinner,48,Cash on Delivery,Local Kitchen,20,2
106903,19,South Indian,684,Chennai,Lunch,31,UPI,SS Hyderabad Biryani,0,5
106904,39,Fast Food,481,Coimbatore,Dinner,34,Debit Card,Burger King,30,4
106905,28,Chinese,357,Coimbatore,Late Night,21,Credit Card,Local Kitchen,100,5
106906,20,North Indian,325,Bangalore,Dinner,35,Wallet,SS Hyderabad Biryani,75,4
106907,27,Fast Food,216,Coimbatore,Lunch,26,Credit Card,Chinese Wok,75,4
106908,45,Biryani,334,Coimbatore,Dinner,48,Credit Card,Anjappar,0,4
106909,48,North Indian,295,Trichy,Lunch,59,Credit Card,KFC,75,4
106910,34,Biryani,582,Trichy,Dinner,34,UPI,Hotel Aryaas,0,4
106911,32,North Indian,604,Trichy,Dinner,39,UPI,Burger King,50,4
106912,59,Chinese,304,Trichy,Late Night,31,Debit Card,Anjappar,20,5
106913,26,North Indian,435,Bangalore,Dinner,35,UPI,Dominos,30,4
106914,27,Biryani,329,Bangalore,Lunch,28,UPI,KFC,50,5
106915,29,Biryani,678,Bangalore,Dinner,37,Credit Card,Burger King,30,4
106916,25,South Indian,350,Madurai,Lunch,38,Wallet,Dominos,20,4
106917,31,South Indian,469,Bangalore,Lunch,37,Cash on Delivery,Anjappar,75,4
106918,53,Fast Food,759,Chennai,Evening,41,Cash on Delivery,Hotel Aryaas,50,5
106919,38,North Indian,566,Trichy,Breakfast,30,Credit Card,Anjappar,75,4
106920,32,Pizza,463,Madurai,Late Night,61,Debit Card,Anjappar,20,4
106921,55,Chinese,439,Trichy,Dinner,27,Credit Card,KFC,0,4
106922,20,Biryani,288,Chennai,Dinner,27,Credit Card,Dominos,20,5
106923,26,Chinese,396,Chennai,Lunch,15,UPI,Local Kitchen,30,3
106924,36,Chinese,466,Coimbatore,Dinner,42,Wallet,SS Hyderabad Biryani,0,4
106925,38,South Indian,569,Bangalore,Dinner,15,Credit Card,Chinese Wok,30,5
106926,20,North Indian,387,Chennai,Evening,31,Debit Card,A2B,50,5
106927,31,Biryani,522,Coimbatore,Late Night,26,UPI,Dominos,0,5
106928,39,Fast Food,369,Chennai,Evening,20,UPI,Local Kitchen,30,4
106929,41,Biryani,627,Chennai,Dinner,35,Wallet,Dominos,0,5
106930,38,Pizza,534,Madurai,Breakfast,52,Debit Card,Chinese Wok,0,4
106931,29,Chinese,578,Trichy,Lunch,41,Cash on Delivery,Local Kitchen,20,4
106932,22,Fast Food,772,Chennai,Dinner,26,UPI,Chinese Wok,0,5
106933,32,Biryani,671,Bangalore,Dinner,54,UPI,KFC,30,4
106934,24,Biryani,313,Chennai,Dinner,27,UPI,SS Hyderabad Biryani,50,5
106935,56,Biryani,464,Chennai,Late Night,45,UPI,Burger King,20,5
106936,33,South Indian,683,Madurai,Evening,17,UPI,Local Kitchen,100,4
106937,29,Fast Food,569,Madurai,Dinner,32,Credit Card,Chinese Wok,50,5
106938,43,Fast Food,280,Trichy,Evening,22,UPI,SS Hyderabad Biryani,100,5
106939,34,Pizza,334,Coimbatore,Dinner,55,Wallet,A2B,30,2
106940,29,South Indian,498,Trichy,Lunch,27,Cash on Delivery,Dominos,30,3
106941,45,Chinese,501,Chennai,Evening,24,UPI,Saravana Bhavan,50,4
106942,49,Biryani,282,Chennai,Late Night,39,Debit Card,Local Kitchen,20,5
106943,40,Fast Food,369,Chennai,Lunch,32,Credit Card,Dominos,0,5
106944,20,South Indian,585,Madurai,Lunch,55,UPI,SS Hyderabad Biryani,0,5
106945,36,Biryani,393,Chennai,Breakfast,37,Cash on Delivery,Local Kitchen,0,5
106946,43,Biryani,623,Chennai,Lunch,35,UPI,Local Kitchen,30,5
106947,25,Pizza,416,Bangalore,Evening,41,Credit Card,Burger King,50,5
106948,27,North Indian,530,Chennai,Breakfast,32,UPI,Hotel Aryaas,30,4
106949,50,Biryani,354,Chennai,Dinner,36,Cash on Delivery,Anjappar,0,4
106950,19,Fast Food,604,Chennai,Dinner,26,Credit Card,SS Hyderabad Biryani,20,5
106951,43,North Indian,670,Chennai,Dinner,28,Cash on Delivery,Saravana Bhavan,0,4
106952,33,Biryani,340,Madurai,Late Night,25,UPI,Local Kitchen,0,5
106953,33,Chinese,569,Bangalore,Dinner,38,UPI,Hotel Aryaas,0,5
106954,18,North Indian,583,Chennai,Lunch,27,UPI,KFC,30,4
106955,45,North Indian,427,Chennai,Breakfast,42,Cash on Delivery,KFC,50,5
106956,30,South Indian,678,Trichy,Dinner,25,UPI,Anjappar,20,4
106957,35,Biryani,241,Bangalore,Dinner,24,UPI,Dominos,0,5
106958,40,Biryani,296,Madurai,Lunch,36,UPI,A2B,20,5
106959,41,Pizza,747,Coimbatore,Lunch,35,UPI,Local Kitchen,20,5
106960,57,North Indian,637,Chennai,Dinner,43,Debit Card,Local Kitchen,0,4
106961,35,South Indian,359,Salem,Dinner,22,UPI,Dominos,100,4
106962,31,Pizza,679,Bangalore,Dinner,19,Credit Card,KFC,0,5
106963,56,Chinese,721,Chennai,Lunch,46,Credit Card,Saravana Bhavan,0,5
106964,39,Chinese,624,Coimbatore,Dinner,20,UPI,Saravana Bhavan,20,5
106965,29,Pizza,508,Coimbatore,Dinner,42,UPI,SS Hyderabad Biryani,50,4
106966,24,Chinese,447,Chennai,Dinner,15,Credit Card,Saravana Bhavan,30,4
106967,47,South Indian,614,Salem,Dinner,40,UPI,Dominos,30,4
106968,30,Fast Food,429,Trichy,Dinner,34,UPI,KFC,30,4
106969,39,Chinese,486,Chennai,Dinner,38,UPI,SS Hyderabad Biryani,0,5
106970,33,South Indian,342,Coimbatore,Evening,42,Debit Card,A2B,100,3
106971,26,Fast Food,317,Madurai,Lunch,43,UPI,Saravana Bhavan,30,4
106972,37,Pizza,478,Chennai,Dinner,39,Cash on Delivery,Hotel Aryaas,75,4
106973,21,Chinese,452,Bangalore,Dinner,42,UPI,A2B,20,5
106974,32,North Indian,763,Madurai,Dinner,45,Cash on Delivery,KFC,20,4
106975,35,Biryani,717,Bangalore,Late Night,47,Credit Card,Chinese Wok,0,4
106976,32,Chinese,305,Madurai,Late Night,39,Credit Card,KFC,20,4
106977,43,Fast Food,575,Madurai,Dinner,25,UPI,Chinese Wok,0,5
106978,46,North Indian,613,Salem,Breakfast,31,UPI,Anjappar,75,4
106979,43,Biryani,425,Coimbatore,Evening,33,Debit Card,Hotel Aryaas,20,3
106980,20,Chinese,546,Trichy,Late Night,27,Credit Card,Chinese Wok,20,5
106981,26,Pizza,1044,Chennai,Lunch,23,Credit Card,Burger King,0,3
106982,35,Fast Food,428,Coimbatore,Late Night,43,UPI,Dominos,100,4
106983,55,North Indian,227,Chennai,Breakfast,37,Credit Card,A2B,30,5
106984,46,Pizza,752,Bangalore,Dinner,27,Credit Card,Dominos,30,5
106985,47,Fast Food,513,Chennai,Evening,34,UPI,Chinese Wok,0,4
106986,29,Biryani,536,Trichy,Lunch,37,Wallet,Chinese Wok,50,4
106987,32,Fast Food,775,Bangalore,Late Night,22,Cash on Delivery,Hotel Aryaas,50,5
106988,33,Fast Food,302,Chennai,Dinner,26,UPI,A2B,75,4
106989,25,Pizza,696,Madurai,Lunch,31,Credit Card,Local Kitchen,20,5
106990,19,North Indian,422,Trichy,Evening,32,Credit Card,Local Kitchen,75,4
106991,56,Biryani,196,Bangalore,Dinner,18,UPI,Hotel Aryaas,20,5
106992,27,South Indian,260,Chennai,Lunch,41,UPI,Saravana Bhavan,0,4
106993,27,South Indian,702,Trichy,Dinner,34,UPI,Local Kitchen,50,4
106994,22,Biryani,462,Madurai,Lunch,32,UPI,Anjappar,0,4
106995,54,Fast Food,642,Coimbatore,Lunch,27,Wallet,Burger King,75,4
106996,36,Fast Food,718,Coimbatore,Lunch,24,Credit Card,Burger King,0,5
106997,40,South Indian,592,Coimbatore,Lunch,34,UPI,Dominos,20,4
106998,53,Chinese,342,Trichy,Lunch,36,Debit Card,Hotel Aryaas,0,5
106999,30,Chinese,438,Chennai,Late Night,54,Wallet,Local Kitchen,30,3
107000,38,Biryani,450,Chennai,Breakfast,55,UPI,Saravana Bhavan,100,4
107001,20,Pizza,379,Trichy,Lunch,29,Debit Card,SS Hyderabad Biryani,0,5
107002,26,Chinese,387,Chennai,Lunch,24,Cash on Delivery,Dominos,0,4
107003,46,Pizza,590,Salem,Dinner,21,Cash on Delivery,Local Kitchen,0,5
107004,43,South Indian,308,Coimbatore,Dinner,35,Debit Card,KFC,100,4
107005,30,North Indian,352,Bangalore,Dinner,22,Cash on Delivery,Hotel Aryaas,20,5
107006,31,Pizza,562,Chennai,Breakfast,20,UPI,SS Hyderabad Biryani,30,5
107007,35,South Indian,641,Trichy,Dinner,27,UPI,Hotel Aryaas,20,4
107008,18,Fast Food,669,Madurai,Dinner,28,UPI,A2B,50,4
107009,27,North Indian,711,Salem,Evening,27,UPI,A2B,30,4
107010,26,Chinese,390,Madurai,Evening,18,UPI,Local Kitchen,100,5
107011,28,North Indian,310,Chennai,Dinner,33,Cash on Delivery,Dominos,20,5
107012,45,Pizza,390,Coimbatore,Lunch,33,Cash on Delivery,Saravana Bhavan,20,4
107013,28,South Indian,298,Coimbatore,Lunch,47,UPI,KFC,50,4
107014,26,Biryani,524,Bangalore,Lunch,22,Wallet,Anjappar,0,5
107015,34,Fast Food,585,Salem,Evening,39,UPI,Hotel Aryaas,50,4
107016,49,North Indian,572,Coimbatore,Lunch,52,UPI,Chinese Wok,50,4
107017,27,Fast Food,399,Madurai,Dinner,19,Debit Card,Dominos,75,4
107018,22,Biryani,577,Salem,Dinner,23,UPI,KFC,50,5
107019,30,Chinese,520,Chennai,Dinner,21,UPI,Burger King,0,4
107020,43,Chinese,646,Trichy,Evening,38,Wallet,Anjappar,20,4
107021,35,Fast Food,635,Coimbatore,Dinner,38,Credit Card,Anjappar,0,3
107022,45,Fast Food,559,Madurai,Dinner,44,Credit Card,Saravana Bhavan,50,4
107023,57,South Indian,870,Coimbatore,Evening,35,Wallet,SS Hyderabad Biryani,50,4
107024,44,Biryani,513,Coimbatore,Dinner,52,Cash on Delivery,Saravana Bhavan,30,3
107025,37,Pizza,333,Chennai,Dinner,39,UPI,Hotel Aryaas,100,5
107026,34,Fast Food,692,Salem,Lunch,47,UPI,KFC,20,3
107027,20,Pizza,331,Trichy,Evening,36,UPI,Anjappar,75,4
107028,59,Pizza,480,Chennai,Lunch,30,UPI,Anjappar,0,5
107029,31,Chinese,470,Salem,Late Night,32,Wallet,Hotel Aryaas,100,3
107030,25,Fast Food,458,Bangalore,Breakfast,48,Cash on Delivery,Dominos,20,3
107031,40,South Indian,269,Trichy,Lunch,42,UPI,Dominos,75,4
107032,28,South Indian,728,Chennai,Evening,41,Wallet,A2B,0,5
107033,37,Fast Food,435,Coimbatore,Dinner,44,UPI,Burger King,20,2
107034,37,Pizza,789,Bangalore,Evening,37,Debit Card,SS Hyderabad Biryani,100,4
107035,33,South Indian,431,Chennai,Dinner,62,UPI,Local Kitchen,20,3
107036,46,Pizza,223,Coimbatore,Dinner,32,UPI,Anjappar,50,5
107037,28,Biryani,461,Coimbatore,Dinner,35,Credit Card,KFC,30,4
107038,33,Biryani,572,Chennai,Dinner,30,Debit Card,Local Kitchen,30,5
107039,35,North Indian,479,Coimbatore,Breakfast,39,UPI,Local Kitchen,30,4
107040,39,South Indian,398,Salem,Late Night,16,Cash on Delivery,Chinese Wok,30,5
107041,44,South Indian,322,Coimbatore,Dinner,15,Wallet,Hotel Aryaas,30,5
107042,31,South Indian,388,Chennai,Late Night,28,UPI,SS Hyderabad Biryani,0,4
107043,39,Biryani,557,Bangalore,Dinner,40,Debit Card,Dominos,0,4
107044,25,Chinese,608,Bangalore,Dinner,44,UPI,A2B,50,5
107045,55,Biryani,352,Madurai,Lunch,21,UPI,Dominos,50,5
107046,31,South Indian,640,Madurai,Lunch,17,Cash on Delivery,Anjappar,50,5
107047,42,South Indian,492,Chennai,Lunch,27,UPI,SS Hyderabad Biryani,100,5
107048,19,North Indian,513,Coimbatore,Lunch,27,Cash on Delivery,Chinese Wok,0,3
107049,26,South Indian,533,Madurai,Dinner,36,UPI,Dominos,75,4
107050,34,Biryani,381,Trichy,Lunch,35,UPI,Burger King,0,4
107051,50,South Indian,757,Bangalore,Breakfast,49,Wallet,SS Hyderabad Biryani,30,3
107052,35,Biryani,809,Chennai,Dinner,30,UPI,SS Hyderabad Biryani,20,5
107053,54,Biryani,309,Coimbatore,Late Night,21,Debit Card,Burger King,0,4
107054,34,Biryani,276,Chennai,Dinner,37,Credit Card,Anjappar,0,3
107055,34,South Indian,502,Madurai,Dinner,24,UPI,SS Hyderabad Biryani,20,4
107056,24,Biryani,338,Chennai,Dinner,24,Credit Card,Hotel Aryaas,100,4
107057,45,South Indian,564,Chennai,Dinner,51,UPI,Chinese Wok,30,4
107058,27,North Indian,506,Coimbatore,Evening,43,Debit Card,Chinese Wok,0,5
107059,52,Chinese,389,Coimbatore,Late Night,30,Credit Card,Chinese Wok,50,3
107060,53,Biryani,272,Coimbatore,Lunch,52,UPI,Anjappar,0,4
107061,56,Fast Food,477,Coimbatore,Dinner,42,Debit Card,Hotel Aryaas,0,3
107062,35,Chinese,237,Madurai,Dinner,38,Debit Card,Dominos,50,4
107063,40,North Indian,605,Coimbatore,Dinner,27,Debit Card,Anjappar,20,4
107064,44,Biryani,315,Bangalore,Dinner,15,UPI,Saravana Bhavan,100,5
107065,24,Pizza,475,Coimbatore,Dinner,25,Debit Card,A2B,50,5
107066,37,South Indian,312,Coimbatore,Dinner,29,Credit Card,KFC,20,5
107067,19,South Indian,437,Bangalore,Lunch,22,Credit Card,Dominos,100,5
107068,34,North Indian,271,Coimbatore,Lunch,35,Credit Card,A2B,75,4
107069,25,Chinese,816,Madurai,Breakfast,15,Credit Card,A2B,20,5
107070,26,Pizza,477,Bangalore,Lunch,47,Debit Card,A2B,20,4
107071,30,Fast Food,279,Trichy,Lunch,29,Wallet,Hotel Aryaas,30,5
107072,32,South Indian,338,Coimbatore,Dinner,41,Debit Card,Burger King,30,5
107073,38,South Indian,346,Coimbatore,Evening,41,UPI,Chinese Wok,30,4
107074,21,Fast Food,566,Bangalore,Dinner,22,Credit Card,Burger King,0,5
107075,34,South Indian,517,Chennai,Evening,17,UPI,A2B,0,5
107076,26,Fast Food,351,Coimbatore,Dinner,28,UPI,Anjappar,30,5
107077,36,Biryani,374,Bangalore,Lunch,38,UPI,Burger King,30,3
107078,38,Fast Food,412,Chennai,Dinner,35,Wallet,KFC,100,4
107079,35,Chinese,342,Coimbatore,Dinner,46,Debit Card,Burger King,30,5
107080,42,North Indian,339,Bangalore,Lunch,38,UPI,Burger King,0,3
107081,30,South Indian,469,Salem,Lunch,39,Credit Card,Dominos,20,4
107082,43,Chinese,593,Trichy,Lunch,26,UPI,Anjappar,0,5
107083,32,Biryani,401,Coimbatore,Dinner,31,UPI,Chinese Wok,0,5
107084,34,North Indian,374,Bangalore,Dinner,32,Credit Card,SS Hyderabad Biryani,30,5
107085,39,South Indian,474,Chennai,Dinner,40,Credit Card,KFC,50,5
107086,18,Pizza,230,Chennai,Lunch,42,Cash on Delivery,Dominos,100,3
107087,39,Pizza,523,Madurai,Lunch,32,UPI,Hotel Aryaas,30,4
107088,38,Fast Food,732,Chennai,Breakfast,32,Credit Card,Dominos,0,5
107089,29,South Indian,455,Chennai,Breakfast,38,Credit Card,SS Hyderabad Biryani,75,4
107090,22,North Indian,381,Salem,Lunch,53,Wallet,A2B,75,3
107091,22,Biryani,393,Trichy,Lunch,17,Credit Card,SS Hyderabad Biryani,20,5
107092,54,Chinese,327,Madurai,Dinner,25,UPI,Local Kitchen,30,4
107093,40,North Indian,441,Trichy,Evening,25,UPI,Burger King,30,5
107094,24,Fast Food,673,Madurai,Evening,21,UPI,Saravana Bhavan,20,5
107095,30,Pizza,468,Chennai,Dinner,26,Wallet,Chinese Wok,20,5
107096,37,North Indian,455,Bangalore,Dinner,38,Credit Card,A2B,100,5
107097,46,Chinese,492,Coimbatore,Dinner,43,UPI,Chinese Wok,75,4
107098,20,Fast Food,443,Coimbatore,Lunch,36,Debit Card,SS Hyderabad Biryani,20,4
107099,27,Fast Food,385,Trichy,Dinner,36,UPI,SS Hyderabad Biryani,30,4
107100,51,Biryani,772,Coimbatore,Late Night,25,Credit Card,Chinese Wok,0,4
107101,18,Pizza,588,Chennai,Lunch,15,UPI,Burger King,50,4
107102,26,Pizza,354,Chennai,Breakfast,38,Cash on Delivery,A2B,75,5
107103,57,Chinese,521,Chennai,Dinner,47,Wallet,SS Hyderabad Biryani,30,5
107104,38,Fast Food,351,Trichy,Late Night,44,Cash on Delivery,Dominos,0,5
107105,28,Biryani,349,Bangalore,Breakfast,33,UPI,Dominos,30,5
107106,21,Chinese,229,Bangalore,Breakfast,35,Cash on Delivery,A2B,0,3
107107,19,Chinese,381,Bangalore,Dinner,48,UPI,Dominos,75,4
107108,27,North Indian,374,Bangalore,Lunch,27,Wallet,SS Hyderabad Biryani,30,5
107109,50,Chinese,461,Madurai,Late Night,29,UPI,Saravana Bhavan,75,5
107110,32,Pizza,537,Bangalore,Lunch,16,UPI,Burger King,20,5
107111,42,Chinese,575,Salem,Dinner,39,Cash on Delivery,A2B,20,4
107112,53,Chinese,497,Salem,Breakfast,29,UPI,Dominos,100,4
107113,32,South Indian,459,Salem,Lunch,31,Credit Card,Dominos,75,5
107114,26,North Indian,623,Bangalore,Late Night,41,UPI,Hotel Aryaas,0,3
107115,34,Chinese,423,Salem,Lunch,26,Debit Card,Anjappar,75,4
107116,53,Fast Food,232,Coimbatore,Lunch,39,Debit Card,Saravana Bhavan,100,3
107117,45,Biryani,230,Trichy,Dinner,39,Debit Card,Chinese Wok,30,3
107118,21,Fast Food,374,Trichy,Lunch,30,UPI,Burger King,75,3
107119,41,South Indian,430,Trichy,Breakfast,42,Cash on Delivery,Anjappar,20,4
107120,36,Fast Food,386,Trichy,Lunch,33,Credit Card,Hotel Aryaas,0,4
107121,52,Fast Food,234,Coimbatore,Dinner,41,UPI,Chinese Wok,30,4
107122,24,South Indian,591,Chennai,Dinner,28,UPI,Saravana Bhavan,100,5
107123,35,Biryani,351,Coimbatore,Dinner,40,Cash on Delivery,Local Kitchen,30,3
107124,50,Pizza,375,Madurai,Dinner,30,UPI,A2B,0,4
107125,32,South Indian,478,Chennai,Evening,37,Debit Card,SS Hyderabad Biryani,20,4
107126,34,South Indian,497,Coimbatore,Evening,38,Cash on Delivery,Dominos,0,4
107127,21,Biryani,319,Bangalore,Dinner,30,UPI,A2B,30,5
107128,28,Fast Food,299,Bangalore,Dinner,30,Cash on Delivery,Burger King,30,3
107129,29,Fast Food,249,Salem,Late Night,32,UPI,Local Kitchen,50,5
107130,56,Pizza,566,Bangalore,Late Night,35,UPI,Hotel Aryaas,0,5
107131,28,Pizza,492,Madurai,Lunch,40,Credit Card,SS Hyderabad Biryani,75,4
107132,33,Fast Food,405,Bangalore,Evening,36,Credit Card,SS Hyderabad Biryani,75,4
107133,40,South Indian,247,Trichy,Dinner,15,UPI,A2B,20,5
107134,25,Fast Food,438,Chennai,Lunch,43,Credit Card,Hotel Aryaas,50,4
107135,34,North Indian,834,Chennai,Breakfast,38,UPI,A2B,30,4
107136,42,North Indian,411,Salem,Dinner,46,UPI,Local Kitchen,30,5
107137,49,South Indian,425,Madurai,Dinner,42,Credit Card,Burger King,0,4
107138,38,Chinese,414,Bangalore,Dinner,30,Credit Card,Anjappar,75,5
107139,40,Pizza,307,Coimbatore,Dinner,22,UPI,SS Hyderabad Biryani,100,5
107140,24,Chinese,194,Coimbatore,Dinner,52,Debit Card,Anjappar,50,3
107141,56,Chinese,562,Bangalore,Lunch,47,UPI,Hotel Aryaas,0,4
107142,24,North Indian,365,Chennai,Dinner,41,Credit Card,SS Hyderabad Biryani,30,2
107143,44,South Indian,276,Coimbatore,Evening,26,UPI,Hotel Aryaas,20,5
107144,28,Chinese,424,Coimbatore,Dinner,21,UPI,SS Hyderabad Biryani,30,4
107145,55,Pizza,629,Bangalore,Evening,30,Cash on Delivery,Local Kitchen,50,4
107146,42,Chinese,347,Bangalore,Late Night,43,Debit Card,Anjappar,0,3
107147,43,Chinese,256,Salem,Evening,15,UPI,Local Kitchen,0,5
107148,27,Fast Food,806,Bangalore,Late Night,27,Cash on Delivery,Dominos,50,4
107149,33,Fast Food,436,Trichy,Dinner,61,UPI,Chinese Wok,0,4
107150,38,Biryani,564,Bangalore,Dinner,30,UPI,Hotel Aryaas,30,3
107151,43,South Indian,627,Bangalore,Evening,34,Credit Card,Local Kitchen,20,5
107152,23,South Indian,269,Chennai,Evening,34,UPI,Local Kitchen,75,4
107153,57,North Indian,338,Chennai,Dinner,51,Cash on Delivery,Saravana Bhavan,75,3
107154,51,South Indian,451,Bangalore,Dinner,31,Credit Card,Chinese Wok,75,5
107155,28,Pizza,389,Coimbatore,Evening,16,UPI,Chinese Wok,0,5
107156,45,Fast Food,332,Madurai,Dinner,44,UPI,Burger King,100,4
107157,34,Pizza,518,Bangalore,Dinner,23,Debit Card,Dominos,0,5
107158,33,South Indian,508,Trichy,Breakfast,19,Wallet,Local Kitchen,75,4
107159,29,Chinese,499,Salem,Breakfast,49,Cash on Delivery,Anjappar,20,4
107160,36,Fast Food,469,Chennai,Breakfast,41,UPI,Local Kitchen,100,4
107161,42,South Indian,508,Coimbatore,Lunch,30,Debit Card,KFC,0,4
107162,32,Chinese,612,Bangalore,Evening,46,UPI,Local Kitchen,50,4
107163,38,South Indian,371,Coimbatore,Dinner,44,UPI,Saravana Bhavan,100,3
107164,41,North Indian,726,Chennai,Evening,27,Credit Card,SS Hyderabad Biryani,50,5
107165,41,North Indian,374,Trichy,Breakfast,36,Debit Card,Hotel Aryaas,50,5
107166,20,North Indian,230,Salem,Evening,33,UPI,Local Kitchen,50,4
107167,48,Chinese,455,Madurai,Late Night,27,Credit Card,SS Hyderabad Biryani,100,4
107168,33,North Indian,422,Bangalore,Lunch,34,Cash on Delivery,Dominos,50,4
107169,28,Pizza,300,Coimbatore,Late Night,42,UPI,Burger King,30,5
107170,27,Fast Food,821,Bangalore,Lunch,25,UPI,Chinese Wok,0,5
107171,34,South Indian,480,Coimbatore,Lunch,42,Credit Card,SS Hyderabad Biryani,50,4
107172,51,Fast Food,467,Bangalore,Dinner,15,Cash on Delivery,KFC,0,4
107173,31,Biryani,548,Chennai,Evening,36,Debit Card,Burger King,0,4
107174,43,Biryani,710,Trichy,Dinner,27,Debit Card,Hotel Aryaas,50,4
107175,23,Biryani,437,Madurai,Dinner,50,Debit Card,Dominos,20,4
107176,33,Chinese,366,Madurai,Lunch,18,Credit Card,Chinese Wok,0,5
107177,60,South Indian,397,Salem,Dinner,32,Credit Card,Anjappar,50,5
107178,43,Fast Food,712,Coimbatore,Dinner,26,UPI,Chinese Wok,75,5
107179,26,Pizza,654,Chennai,Dinner,28,Credit Card,Anjappar,0,5
107180,34,Pizza,836,Trichy,Evening,23,Cash on Delivery,A2B,20,5
107181,27,North Indian,337,Salem,Breakfast,36,Credit Card,Dominos,0,5
107182,32,Chinese,434,Bangalore,Dinner,36,Wallet,SS Hyderabad Biryani,75,4
107183,44,South Indian,419,Chennai,Late Night,17,UPI,KFC,0,5
107184,43,Fast Food,1064,Madurai,Breakfast,40,UPI,Local Kitchen,20,4
107185,27,Fast Food,646,Chennai,Lunch,18,UPI,Burger King,75,5
107186,54,Biryani,437,Bangalore,Lunch,34,UPI,Saravana Bhavan,30,4
107187,37,Fast Food,696,Chennai,Dinner,52,Debit Card,Local Kitchen,75,5
107188,31,North Indian,423,Salem,Lunch,25,Cash on Delivery,Burger King,0,4
107189,34,Biryani,295,Coimbatore,Lunch,31,UPI,Anjappar,0,4
107190,37,Biryani,493,Trichy,Dinner,26,Wallet,Local Kitchen,20,4
107191,36,Biryani,366,Coimbatore,Breakfast,27,Cash on Delivery,A2B,50,5
107192,34,Chinese,312,Coimbatore,Lunch,37,Cash on Delivery,KFC,0,4
107193,34,Fast Food,323,Salem,Evening,50,UPI,Hotel Aryaas,0,4
107194,26,South Indian,669,Chennai,Evening,34,Credit Card,SS Hyderabad Biryani,100,4
107195,45,Biryani,1036,Bangalore,Lunch,46,UPI,KFC,20,4
107196,35,Fast Food,370,Coimbatore,Lunch,27,UPI,Hotel Aryaas,30,5
107197,24,Biryani,615,Madurai,Evening,45,UPI,Hotel Aryaas,50,4
107198,43,South Indian,494,Chennai,Dinner,51,Cash on Delivery,A2B,0,4
107199,55,Biryani,265,Coimbatore,Evening,46,Credit Card,SS Hyderabad Biryani,30,4
107200,56,Pizza,896,Madurai,Dinner,41,UPI,Dominos,0,5
107201,31,South Indian,765,Coimbatore,Lunch,40,Cash on Delivery,Hotel Aryaas,0,5
107202,25,Chinese,460,Chennai,Breakfast,26,UPI,Anjappar,20,4
107203,34,Fast Food,478,Madurai,Dinner,19,Cash on Delivery,A2B,50,4
107204,23,Fast Food,598,Bangalore,Lunch,41,UPI,Saravana Bhavan,100,5
107205,55,Biryani,1200,Chennai,Evening,26,Debit Card,Burger King,30,4
107206,26,South Indian,533,Bangalore,Dinner,27,Credit Card,Saravana Bhavan,75,4
107207,28,South Indian,631,Salem,Dinner,19,Debit Card,SS Hyderabad Biryani,100,5
107208,32,South Indian,317,Chennai,Dinner,28,Credit Card,Hotel Aryaas,20,4
107209,31,Chinese,273,Bangalore,Dinner,45,UPI,Anjappar,0,4
107210,44,Pizza,745,Madurai,Lunch,44,UPI,Hotel Aryaas,20,4
107211,33,Chinese,437,Chennai,Late Night,21,Wallet,Hotel Aryaas,20,5
107212,25,Biryani,695,Chennai,Late Night,24,UPI,Saravana Bhavan,30,4
107213,28,Chinese,645,Coimbatore,Lunch,16,Cash on Delivery,SS Hyderabad Biryani,30,3
107214,34,Biryani,350,Madurai,Dinner,38,Debit Card,Local Kitchen,30,4
107215,25,Chinese,437,Chennai,Evening,36,Debit Card,Chinese Wok,30,4
107216,38,Fast Food,410,Trichy,Dinner,37,Wallet,SS Hyderabad Biryani,0,4
107217,36,Biryani,365,Bangalore,Lunch,30,Credit Card,Saravana Bhavan,20,5
107218,41,Pizza,329,Coimbatore,Dinner,41,Debit Card,Dominos,20,5
107219,55,South Indian,564,Bangalore,Lunch,31,Cash on Delivery,Dominos,50,5
107220,53,Fast Food,342,Salem,Dinner,44,UPI,A2B,0,3
107221,56,Biryani,320,Chennai,Lunch,23,Wallet,A2B,0,4
107222,27,South Indian,460,Coimbatore,Evening,43,UPI,Anjappar,20,4
107223,24,North Indian,371,Bangalore,Dinner,38,Debit Card,KFC,30,5
107224,29,South Indian,429,Chennai,Dinner,41,Wallet,Saravana Bhavan,50,5
107225,51,North Indian,457,Chennai,Lunch,31,Debit Card,KFC,75,4
107226,58,Biryani,715,Chennai,Dinner,52,UPI,Local Kitchen,50,3
107227,48,South Indian,405,Coimbatore,Evening,27,UPI,Burger King,50,4
107228,23,Pizza,733,Chennai,Dinner,57,UPI,Burger King,0,3
107229,56,South Indian,586,Trichy,Evening,38,Credit Card,Dominos,75,5
107230,32,Biryani,653,Salem,Dinner,45,Credit Card,Anjappar,0,5
107231,18,South Indian,190,Chennai,Dinner,49,Debit Card,Chinese Wok,30,3
107232,33,South Indian,458,Coimbatore,Evening,42,Cash on Delivery,Anjappar,0,3
107233,20,Chinese,418,Chennai,Lunch,53,UPI,SS Hyderabad Biryani,30,5
107234,35,Pizza,387,Chennai,Late Night,43,UPI,Anjappar,0,5
107235,30,Pizza,528,Coimbatore,Dinner,41,UPI,Anjappar,30,5
107236,33,Chinese,479,Coimbatore,Evening,39,UPI,Local Kitchen,0,4
107237,38,Biryani,825,Salem,Lunch,38,UPI,Hotel Aryaas,0,4
107238,49,Fast Food,653,Coimbatore,Dinner,45,UPI,Local Kitchen,50,4
107239,39,Pizza,406,Coimbatore,Late Night,26,Credit Card,Local Kitchen,20,5
107240,32,North Indian,370,Chennai,Lunch,32,UPI,Hotel Aryaas,75,5
107241,45,Biryani,311,Chennai,Late Night,39,UPI,Dominos,0,3
107242,52,South Indian,633,Trichy,Lunch,27,Credit Card,Anjappar,30,5
107243,24,Fast Food,602,Chennai,Late Night,44,Debit Card,Chinese Wok,100,4
107244,35,Fast Food,743,Salem,Dinner,32,Debit Card,Saravana Bhavan,20,5
107245,28,South Indian,457,Chennai,Lunch,21,UPI,SS Hyderabad Biryani,20,5
107246,20,South Indian,653,Bangalore,Lunch,28,UPI,Anjappar,100,5
107247,40,Biryani,594,Salem,Dinner,44,UPI,Hotel Aryaas,20,4
107248,49,Pizza,447,Chennai,Dinner,24,UPI,SS Hyderabad Biryani,50,4
107249,25,Pizza,488,Coimbatore,Late Night,24,Cash on Delivery,Chinese Wok,75,5
107250,45,North Indian,291,Madurai,Dinner,39,Debit Card,SS Hyderabad Biryani,0,4
107251,48,Biryani,906,Chennai,Dinner,21,UPI,Saravana Bhavan,30,4
107252,53,South Indian,470,Madurai,Late Night,40,Cash on Delivery,Local Kitchen,50,3
107253,28,South Indian,186,Chennai,Dinner,15,Credit Card,Local Kitchen,20,5
107254,52,Fast Food,389,Chennai,Dinner,39,Debit Card,SS Hyderabad Biryani,50,4
107255,29,South Indian,287,Chennai,Dinner,33,Credit Card,Dominos,75,5
107256,35,Pizza,811,Trichy,Late Night,50,UPI,Dominos,20,4
107257,20,Biryani,409,Chennai,Breakfast,15,UPI,Anjappar,20,5
107258,20,North Indian,313,Chennai,Dinner,28,Credit Card,Anjappar,0,5
107259,42,Pizza,477,Bangalore,Evening,39,Debit Card,SS Hyderabad Biryani,100,5
107260,33,Chinese,538,Coimbatore,Evening,34,Cash on Delivery,Anjappar,0,4
107261,28,Pizza,663,Coimbatore,Evening,29,Debit Card,Chinese Wok,30,5
107262,26,Fast Food,245,Chennai,Dinner,16,Credit Card,A2B,30,4
107263,40,Chinese,356,Madurai,Lunch,38,Debit Card,Burger King,0,5
107264,18,Fast Food,470,Bangalore,Evening,57,UPI,Hotel Aryaas,30,5
107265,45,North Indian,521,Coimbatore,Lunch,27,Wallet,Burger King,20,5
107266,22,Biryani,543,Chennai,Lunch,35,UPI,Hotel Aryaas,75,4
107267,26,Fast Food,387,Bangalore,Dinner,38,Debit Card,Chinese Wok,75,4
107268,31,South Indian,346,Madurai,Lunch,30,UPI,Dominos,20,5
107269,34,Fast Food,269,Coimbatore,Lunch,34,UPI,Chinese Wok,20,5
107270,30,South Indian,503,Chennai,Evening,24,Debit Card,Saravana Bhavan,0,4
107271,29,South Indian,296,Chennai,Breakfast,20,Debit Card,Dominos,20,5
107272,57,Pizza,417,Madurai,Lunch,49,UPI,Local Kitchen,20,5
107273,39,South Indian,316,Salem,Dinner,33,Debit Card,Chinese Wok,20,4
107274,19,Fast Food,424,Chennai,Dinner,39,UPI,Dominos,30,4
107275,32,Fast Food,445,Coimbatore,Lunch,38,Wallet,SS Hyderabad Biryani,0,5
107276,50,Fast Food,537,Chennai,Lunch,24,Credit Card,Chinese Wok,0,4
107277,29,South Indian,275,Coimbatore,Late Night,21,UPI,A2B,20,5
107278,22,Chinese,563,Coimbatore,Breakfast,28,UPI,A2B,20,4
107279,43,Biryani,574,Salem,Dinner,36,UPI,Saravana Bhavan,0,4
107280,37,Fast Food,324,Chennai,Dinner,26,UPI,SS Hyderabad Biryani,30,5
107281,36,Fast Food,316,Madurai,Dinner,29,Credit Card,A2B,0,5
107282,20,Fast Food,371,Coimbatore,Late Night,15,UPI,Hotel Aryaas,0,5
107283,25,Fast Food,734,Trichy,Evening,34,UPI,A2B,30,5
107284,38,Pizza,262,Bangalore,Evening,35,UPI,KFC,0,5
107285,26,Fast Food,557,Chennai,Dinner,34,Debit Card,Hotel Aryaas,0,4
107286,34,South Indian,501,Salem,Late Night,24,Credit Card,A2B,0,4
107287,35,Chinese,769,Chennai,Dinner,24,Credit Card,Chinese Wok,100,5
107288,28,Fast Food,591,Bangalore,Dinner,23,Wallet,Dominos,0,5
107289,56,Chinese,192,Trichy,Dinner,30,UPI,Burger King,75,4
107290,47,South Indian,643,Chennai,Breakfast,27,UPI,Local Kitchen,50,5
107291,42,South Indian,366,Bangalore,Evening,48,Wallet,SS Hyderabad Biryani,75,4
107292,22,Pizza,397,Trichy,Breakfast,52,UPI,A2B,30,5
107293,23,Fast Food,296,Salem,Lunch,43,Cash on Delivery,Saravana Bhavan,0,5
107294,34,Pizza,589,Madurai,Dinner,35,UPI,Chinese Wok,50,5
107295,25,South Indian,250,Chennai,Dinner,31,Debit Card,Hotel Aryaas,30,4
107296,59,South Indian,434,Madurai,Dinner,26,Credit Card,Saravana Bhavan,30,5
107297,25,Pizza,779,Madurai,Dinner,35,Cash on Delivery,Chinese Wok,30,5
107298,34,Pizza,600,Madurai,Lunch,32,Debit Card,SS Hyderabad Biryani,0,4
107299,30,South Indian,520,Trichy,Dinner,24,UPI,A2B,20,4
107300,39,Chinese,381,Chennai,Evening,26,Debit Card,A2B,100,5
107301,24,South Indian,630,Chennai,Dinner,15,UPI,Local Kitchen,75,5
107302,32,South Indian,355,Bangalore,Lunch,24,UPI,A2B,20,4
107303,28,Biryani,549,Salem,Dinner,38,UPI,Dominos,100,4
107304,51,Biryani,654,Coimbatore,Evening,44,UPI,Saravana Bhavan,0,5
107305,20,Pizza,346,Salem,Dinner,39,Debit Card,Hotel Aryaas,20,3
107306,53,Biryani,466,Salem,Lunch,29,Wallet,Chinese Wok,30,4
107307,46,Biryani,460,Trichy,Evening,17,Debit Card,SS Hyderabad Biryani,30,5
107308,29,Pizza,569,Trichy,Evening,22,Debit Card,KFC,75,4
107309,44,Biryani,327,Trichy,Dinner,38,Debit Card,Burger King,50,4
107310,19,Fast Food,499,Trichy,Dinner,38,Cash on Delivery,Hotel Aryaas,50,3
107311,58,South Indian,423,Madurai,Late Night,27,UPI,Anjappar,100,4
107312,35,South Indian,670,Chennai,Dinner,30,Credit Card,SS Hyderabad Biryani,30,4
107313,29,Pizza,528,Chennai,Lunch,53,UPI,Hotel Aryaas,0,3
107314,30,South Indian,541,Chennai,Dinner,16,Credit Card,SS Hyderabad Biryani,30,5
107315,21,South Indian,513,Chennai,Evening,34,UPI,Anjappar,50,4
107316,60,Chinese,365,Chennai,Lunch,22,UPI,SS Hyderabad Biryani,75,5
107317,20,South Indian,336,Salem,Dinner,22,UPI,Saravana Bhavan,20,4
107318,39,South Indian,561,Bangalore,Lunch,38,Wallet,Hotel Aryaas,0,5
107319,33,North Indian,231,Coimbatore,Lunch,51,UPI,Local Kitchen,0,4
107320,56,Fast Food,357,Madurai,Dinner,40,Debit Card,Dominos,75,5
107321,27,Fast Food,455,Coimbatore,Dinner,50,Cash on Delivery,SS Hyderabad Biryani,100,5
107322,35,Biryani,532,Chennai,Dinner,15,UPI,SS Hyderabad Biryani,0,4
107323,34,South Indian,290,Trichy,Lunch,39,Debit Card,Burger King,50,3
107324,41,Biryani,431,Coimbatore,Dinner,43,UPI,Dominos,30,3
107325,21,South Indian,466,Madurai,Dinner,32,Credit Card,Saravana Bhavan,30,5
107326,26,Pizza,437,Coimbatore,Dinner,42,Wallet,SS Hyderabad Biryani,0,4
107327,27,South Indian,472,Bangalore,Dinner,60,UPI,Burger King,100,3
107328,42,Fast Food,376,Trichy,Dinner,36,UPI,Dominos,30,5
107329,26,Pizza,618,Chennai,Lunch,30,UPI,Chinese Wok,50,5
107330,36,Fast Food,519,Salem,Dinner,45,Credit Card,Hotel Aryaas,30,3
107331,27,Chinese,425,Chennai,Dinner,45,Debit Card,Anjappar,75,4
107332,49,South Indian,239,Bangalore,Lunch,31,Wallet,Saravana Bhavan,30,4
107333,55,Biryani,495,Salem,Dinner,28,UPI,Saravana Bhavan,20,5
107334,34,North Indian,286,Salem,Dinner,45,UPI,Dominos,30,4
107335,30,Biryani,243,Chennai,Dinner,30,UPI,SS Hyderabad Biryani,50,4
107336,27,North Indian,324,Chennai,Evening,33,Wallet,Dominos,20,5
107337,20,Biryani,522,Madurai,Lunch,37,UPI,Saravana Bhavan,50,5
107338,28,Fast Food,522,Chennai,Lunch,32,UPI,Hotel Aryaas,50,4
107339,39,Biryani,178,Coimbatore,Dinner,34,Debit Card,Anjappar,0,4
107340,35,Biryani,518,Madurai,Lunch,26,UPI,Saravana Bhavan,75,3
107341,56,Chinese,252,Bangalore,Breakfast,40,UPI,Hotel Aryaas,30,3
107342,31,Chinese,624,Chennai,Late Night,30,UPI,Chinese Wok,100,4
107343,41,Pizza,574,Coimbatore,Lunch,49,Wallet,Local Kitchen,0,4
107344,34,Fast Food,237,Salem,Dinner,35,UPI,Local Kitchen,75,5
107345,34,South Indian,493,Bangalore,Late Night,44,UPI,Hotel Aryaas,50,3
107346,28,Chinese,377,Madurai,Dinner,40,Credit Card,Anjappar,50,5
107347,33,South Indian,620,Coimbatore,Dinner,45,UPI,SS Hyderabad Biryani,30,5
107348,33,Chinese,353,Chennai,Late Night,30,Debit Card,SS Hyderabad Biryani,30,5
107349,41,Chinese,717,Chennai,Dinner,22,Credit Card,KFC,75,5
107350,55,Biryani,587,Bangalore,Dinner,25,UPI,SS Hyderabad Biryani,100,4
107351,30,Pizza,295,Coimbatore,Evening,24,Credit Card,A2B,30,4
107352,20,Chinese,755,Bangalore,Evening,26,Wallet,Saravana Bhavan,30,5
107353,34,Chinese,491,Madurai,Dinner,22,Cash on Delivery,KFC,0,5
107354,35,Biryani,435,Madurai,Dinner,33,Wallet,KFC,20,5
107355,25,Fast Food,336,Chennai,Dinner,41,Cash on Delivery,Burger King,0,5
107356,43,Fast Food,475,Madurai,Dinner,21,Cash on Delivery,Anjappar,0,4
107357,59,Fast Food,626,Bangalore,Evening,27,UPI,KFC,50,4
107358,56,Fast Food,519,Chennai,Lunch,44,Debit Card,SS Hyderabad Biryani,20,5
107359,26,Pizza,530,Chennai,Breakfast,19,UPI,Anjappar,75,5
107360,50,Chinese,462,Bangalore,Dinner,34,UPI,Burger King,30,5
107361,41,South Indian,672,Coimbatore,Lunch,40,Cash on Delivery,A2B,75,4
107362,33,Fast Food,492,Chennai,Lunch,55,UPI,SS Hyderabad Biryani,20,4
107363,35,North Indian,343,Chennai,Dinner,15,UPI,SS Hyderabad Biryani,75,5
107364,47,Biryani,366,Chennai,Breakfast,21,Wallet,A2B,75,5
107365,33,Pizza,449,Salem,Late Night,37,Debit Card,KFC,30,3
107366,31,North Indian,419,Madurai,Breakfast,30,UPI,A2B,100,5
107367,34,Chinese,641,Bangalore,Late Night,15,UPI,A2B,20,5
107368,36,North Indian,534,Salem,Evening,30,Credit Card,Anjappar,20,5
107369,26,Chinese,451,Bangalore,Lunch,25,Debit Card,A2B,30,3
107370,52,Biryani,356,Madurai,Dinner,18,Debit Card,KFC,50,4
107371,40,Biryani,407,Coimbatore,Dinner,30,UPI,Hotel Aryaas,20,5
107372,38,Fast Food,389,Bangalore,Evening,21,UPI,Hotel Aryaas,0,4
107373,23,Biryani,580,Chennai,Dinner,25,Debit Card,Chinese Wok,0,5
107374,37,Chinese,198,Coimbatore,Late Night,47,Wallet,Local Kitchen,75,5
107375,24,Fast Food,353,Chennai,Lunch,53,UPI,KFC,30,4
107376,22,Pizza,288,Chennai,Dinner,25,UPI,Chinese Wok,0,3
107377,35,Fast Food,351,Chennai,Lunch,35,Credit Card,Local Kitchen,75,4
107378,31,South Indian,527,Coimbatore,Evening,40,UPI,Hotel Aryaas,50,5
107379,37,North Indian,534,Trichy,Lunch,26,Credit Card,A2B,50,4
107380,22,Fast Food,514,Coimbatore,Evening,24,UPI,Burger King,20,5
107381,32,Chinese,283,Trichy,Breakfast,40,Credit Card,Dominos,50,4
107382,26,Chinese,466,Bangalore,Lunch,32,Credit Card,SS Hyderabad Biryani,30,5
107383,59,Fast Food,690,Bangalore,Evening,32,UPI,A2B,50,5
107384,36,South Indian,405,Chennai,Dinner,22,Cash on Delivery,A2B,20,5
107385,40,Fast Food,428,Salem,Dinner,24,UPI,A2B,30,4
107386,29,Pizza,364,Chennai,Dinner,35,UPI,Dominos,0,4
107387,22,Chinese,446,Madurai,Lunch,30,Credit Card,Anjappar,0,3
107388,58,South Indian,461,Bangalore,Late Night,35,Wallet,Anjappar,75,4
107389,28,Pizza,450,Coimbatore,Evening,43,Cash on Delivery,Burger King,50,4
107390,32,Fast Food,436,Chennai,Lunch,35,UPI,SS Hyderabad Biryani,75,5
107391,39,Chinese,215,Coimbatore,Dinner,27,UPI,Saravana Bhavan,30,3
107392,19,Pizza,863,Trichy,Dinner,43,Credit Card,Anjappar,20,5
107393,45,Pizza,713,Trichy,Breakfast,34,Debit Card,Burger King,75,4
107394,35,Pizza,558,Salem,Lunch,47,Cash on Delivery,Dominos,0,4
107395,28,Fast Food,424,Coimbatore,Dinner,27,Credit Card,Anjappar,50,5
107396,21,North Indian,621,Coimbatore,Evening,33,Cash on Delivery,A2B,30,4
107397,25,Fast Food,549,Chennai,Evening,31,Debit Card,Saravana Bhavan,0,5
107398,51,Chinese,670,Salem,Late Night,35,UPI,Chinese Wok,20,4
107399,40,Biryani,401,Coimbatore,Breakfast,36,Cash on Delivery,Burger King,30,4
107400,27,North Indian,399,Coimbatore,Dinner,34,UPI,Dominos,0,4
107401,21,Chinese,815,Trichy,Lunch,42,UPI,Chinese Wok,20,4
107402,40,Chinese,638,Bangalore,Breakfast,38,Cash on Delivery,Burger King,0,4
107403,36,Biryani,587,Bangalore,Lunch,58,Wallet,A2B,20,5
107404,32,Pizza,313,Chennai,Dinner,60,UPI,Hotel Aryaas,100,2
107405,30,Pizza,351,Coimbatore,Breakfast,27,UPI,A2B,30,5
107406,27,Chinese,256,Salem,Dinner,29,Credit Card,Local Kitchen,100,5
107407,40,Fast Food,287,Bangalore,Late Night,21,Credit Card,Local Kitchen,75,5
107408,58,South Indian,423,Chennai,Dinner,50,Debit Card,Dominos,20,4
107409,26,Biryani,374,Chennai,Lunch,30,Cash on Delivery,Burger King,100,5
107410,37,South Indian,444,Coimbatore,Lunch,37,Wallet,Dominos,20,4
107411,32,Fast Food,498,Bangalore,Evening,22,Debit Card,KFC,20,5
107412,33,Fast Food,329,Chennai,Evening,35,UPI,SS Hyderabad Biryani,20,4
107413,28,Biryani,511,Bangalore,Late Night,16,UPI,KFC,20,5
107414,45,Fast Food,481,Bangalore,Late Night,46,Credit Card,A2B,0,5
107415,34,Biryani,358,Madurai,Evening,52,Debit Card,Chinese Wok,75,4
107416,35,North Indian,623,Chennai,Lunch,41,UPI,Hotel Aryaas,0,4
107417,29,South Indian,431,Madurai,Late Night,25,UPI,SS Hyderabad Biryani,30,5
107418,26,Fast Food,278,Bangalore,Dinner,40,UPI,Burger King,0,5
107419,22,South Indian,294,Coimbatore,Evening,36,Credit Card,Chinese Wok,50,5
107420,41,Chinese,579,Salem,Evening,48,UPI,SS Hyderabad Biryani,30,3
107421,26,North Indian,471,Chennai,Evening,42,Credit Card,A2B,0,5
107422,40,Biryani,427,Bangalore,Late Night,23,Credit Card,Local Kitchen,20,5
107423,31,Fast Food,432,Coimbatore,Lunch,46,UPI,Dominos,20,3
107424,32,North Indian,324,Bangalore,Dinner,33,Credit Card,KFC,75,5
107425,33,Fast Food,433,Bangalore,Breakfast,47,UPI,Burger King,30,4
107426,31,Biryani,323,Chennai,Late Night,18,UPI,Saravana Bhavan,75,4
107427,23,Biryani,445,Bangalore,Evening,39,Debit Card,Burger King,0,4
107428,29,Biryani,475,Bangalore,Lunch,31,UPI,KFC,0,5
107429,39,North Indian,307,Madurai,Breakfast,35,UPI,Chinese Wok,0,4
107430,40,Fast Food,352,Chennai,Dinner,27,UPI,A2B,100,4
107431,28,North Indian,536,Coimbatore,Lunch,39,UPI,SS Hyderabad Biryani,0,5
107432,33,North Indian,604,Bangalore,Dinner,25,UPI,Burger King,30,5
107433,26,South Indian,599,Chennai,Lunch,18,UPI,SS Hyderabad Biryani,0,5
107434,26,Biryani,427,Bangalore,Breakfast,26,UPI,Hotel Aryaas,50,4
107435,19,Biryani,661,Chennai,Evening,27,Credit Card,Burger King,20,4
107436,52,South Indian,351,Coimbatore,Dinner,31,Debit Card,KFC,30,4
107437,26,Fast Food,258,Trichy,Evening,41,Credit Card,SS Hyderabad Biryani,0,4
107438,27,South Indian,381,Madurai,Evening,25,Credit Card,A2B,20,4
107439,28,South Indian,370,Bangalore,Dinner,42,UPI,Anjappar,0,4
107440,24,North Indian,345,Trichy,Evening,40,UPI,Local Kitchen,20,5
107441,39,South Indian,573,Madurai,Lunch,44,Debit Card,Hotel Aryaas,0,5
107442,21,Chinese,455,Bangalore,Lunch,30,UPI,Burger King,30,4
107443,24,North Indian,663,Salem,Lunch,50,Credit Card,Dominos,75,4
107444,39,Biryani,377,Madurai,Dinner,31,Credit Card,Chinese Wok,20,5
107445,30,Fast Food,414,Bangalore,Evening,43,UPI,Local Kitchen,75,4
107446,41,Biryani,534,Coimbatore,Evening,51,Credit Card,A2B,50,5
107447,35,Biryani,613,Trichy,Dinner,46,UPI,Hotel Aryaas,50,4
107448,28,South Indian,791,Coimbatore,Lunch,33,Debit Card,Hotel Aryaas,50,5
107449,39,Fast Food,418,Chennai,Dinner,23,UPI,Dominos,50,5
107450,24,South Indian,203,Chennai,Breakfast,24,UPI,A2B,0,4
107451,35,North Indian,193,Chennai,Dinner,24,Cash on Delivery,Dominos,75,4
107452,32,Biryani,915,Coimbatore,Dinner,27,Credit Card,Chinese Wok,20,5
107453,28,South Indian,407,Trichy,Dinner,34,UPI,SS Hyderabad Biryani,20,5
107454,37,Biryani,791,Bangalore,Dinner,40,Credit Card,Chinese Wok,75,5
107455,49,Fast Food,466,Chennai,Dinner,42,UPI,Saravana Bhavan,30,4
107456,60,South Indian,688,Madurai,Dinner,44,UPI,A2B,20,4
107457,37,North Indian,604,Bangalore,Lunch,43,Cash on Delivery,Hotel Aryaas,75,5
107458,32,Fast Food,303,Bangalore,Lunch,33,Credit Card,Dominos,30,5
107459,27,Biryani,763,Coimbatore,Late Night,41,UPI,A2B,0,5
107460,28,Fast Food,326,Trichy,Late Night,31,Wallet,Dominos,30,5
107461,33,Biryani,625,Coimbatore,Dinner,37,UPI,Burger King,100,3
107462,31,Fast Food,572,Chennai,Evening,32,UPI,SS Hyderabad Biryani,0,5
107463,53,South Indian,654,Coimbatore,Dinner,34,UPI,SS Hyderabad Biryani,20,4
107464,31,Biryani,451,Madurai,Lunch,31,UPI,Burger King,0,4
107465,31,South Indian,619,Bangalore,Lunch,16,UPI,Anjappar,0,5
107466,31,South Indian,334,Chennai,Dinner,31,Debit Card,Anjappar,0,4
107467,46,South Indian,438,Chennai,Breakfast,40,Debit Card,SS Hyderabad Biryani,30,5
107468,39,Biryani,609,Bangalore,Evening,43,Debit Card,Anjappar,75,4
107469,38,North Indian,672,Bangalore,Dinner,39,Credit Card,SS Hyderabad Biryani,0,3
107470,30,Fast Food,334,Coimbatore,Lunch,24,Credit Card,Burger King,50,5
107471,45,Pizza,611,Trichy,Late Night,29,UPI,Local Kitchen,30,5
107472,19,Fast Food,595,Salem,Late Night,18,Cash on Delivery,SS Hyderabad Biryani,0,4
107473,49,South Indian,570,Chennai,Dinner,41,UPI,Anjappar,30,3
107474,34,Fast Food,412,Bangalore,Late Night,25,Cash on Delivery,Hotel Aryaas,30,4
107475,31,Fast Food,165,Chennai,Dinner,38,UPI,Hotel Aryaas,0,3
107476,34,Biryani,592,Madurai,Dinner,38,UPI,Burger King,0,4
107477,40,Fast Food,674,Coimbatore,Dinner,25,UPI,Dominos,20,5
107478,18,Pizza,715,Chennai,Evening,37,Credit Card,SS Hyderabad Biryani,20,5
107479,49,Chinese,281,Madurai,Evening,52,Cash on Delivery,KFC,20,4
107480,33,Biryani,222,Trichy,Dinner,30,UPI,KFC,50,3
107481,30,South Indian,388,Chennai,Dinner,45,Credit Card,Local Kitchen,50,4
107482,25,North Indian,541,Chennai,Dinner,37,UPI,A2B,100,5
107483,32,Chinese,581,Coimbatore,Dinner,37,Debit Card,KFC,0,4
107484,34,Biryani,397,Bangalore,Dinner,33,Credit Card,Saravana Bhavan,75,4
107485,31,Pizza,424,Madurai,Dinner,43,Debit Card,KFC,50,4
107486,40,Fast Food,440,Bangalore,Evening,32,Cash on Delivery,SS Hyderabad Biryani,50,4
107487,32,South Indian,300,Bangalore,Lunch,40,UPI,Chinese Wok,100,3
107488,57,South Indian,534,Madurai,Dinner,43,Wallet,A2B,0,3
107489,37,Pizza,848,Bangalore,Breakfast,44,Credit Card,A2B,75,4
107490,45,North Indian,515,Bangalore,Late Night,40,Wallet,Hotel Aryaas,30,5
107491,23,North Indian,633,Bangalore,Dinner,42,UPI,Hotel Aryaas,0,4
107492,31,Biryani,381,Trichy,Dinner,34,Cash on Delivery,Chinese Wok,50,4
107493,30,North Indian,392,Chennai,Late Night,30,UPI,Hotel Aryaas,20,5
107494,36,Biryani,451,Chennai,Dinner,37,Debit Card,Chinese Wok,20,4
107495,48,Fast Food,396,Chennai,Breakfast,37,Wallet,Hotel Aryaas,30,3
107496,22,South Indian,323,Trichy,Dinner,37,Cash on Delivery,SS Hyderabad Biryani,30,4
107497,21,South Indian,524,Coimbatore,Lunch,45,Credit Card,Saravana Bhavan,0,5
107498,48,South Indian,335,Coimbatore,Evening,34,UPI,Burger King,50,5
107499,27,South Indian,360,Salem,Evening,20,Credit Card,Hotel Aryaas,20,5
107500,40,North Indian,601,Salem,Dinner,15,Debit Card,A2B,30,5
107501,35,Fast Food,587,Salem,Evening,36,Credit Card,Anjappar,20,4
107502,46,Fast Food,172,Chennai,Evening,44,Cash on Delivery,Chinese Wok,20,5
107503,24,North Indian,402,Trichy,Lunch,32,UPI,Hotel Aryaas,0,4
107504,24,Biryani,509,Coimbatore,Dinner,53,Credit Card,Saravana Bhavan,30,4
107505,35,South Indian,1019,Chennai,Lunch,36,Credit Card,Burger King,0,4
107506,56,Chinese,201,Coimbatore,Lunch,58,UPI,Hotel Aryaas,20,5
107507,32,South Indian,375,Bangalore,Dinner,33,UPI,Hotel Aryaas,0,5
107508,30,Chinese,596,Chennai,Lunch,50,Credit Card,Hotel Aryaas,20,3
107509,37,Biryani,356,Bangalore,Breakfast,30,UPI,Dominos,75,5
107510,54,Pizza,364,Trichy,Lunch,45,Debit Card,Dominos,30,3
107511,46,Biryani,266,Coimbatore,Dinner,40,Wallet,Hotel Aryaas,20,5
107512,60,Fast Food,410,Coimbatore,Dinner,38,UPI,Chinese Wok,30,4
107513,19,Biryani,348,Coimbatore,Late Night,38,Debit Card,SS Hyderabad Biryani,50,5
107514,23,South Indian,423,Salem,Dinner,48,Credit Card,Local Kitchen,20,4
107515,37,Chinese,400,Chennai,Evening,32,UPI,SS Hyderabad Biryani,75,4
107516,45,North Indian,452,Coimbatore,Lunch,35,Debit Card,Hotel Aryaas,0,5
107517,28,Chinese,450,Chennai,Lunch,61,Debit Card,Dominos,75,3
107518,27,South Indian,597,Trichy,Dinner,40,Wallet,A2B,75,3
107519,44,North Indian,457,Chennai,Evening,47,Debit Card,SS Hyderabad Biryani,30,4
107520,20,South Indian,360,Coimbatore,Dinner,32,Debit Card,Hotel Aryaas,20,5
107521,31,South Indian,649,Coimbatore,Lunch,29,Credit Card,Chinese Wok,20,5
107522,34,South Indian,338,Trichy,Lunch,42,Credit Card,Burger King,75,3
107523,36,Fast Food,608,Chennai,Lunch,36,UPI,Dominos,0,3
107524,42,Pizza,340,Bangalore,Dinner,32,UPI,Chinese Wok,50,4
107525,30,Biryani,1032,Chennai,Lunch,17,UPI,Hotel Aryaas,0,5
107526,38,South Indian,362,Salem,Dinner,16,Credit Card,Local Kitchen,75,4
107527,37,Chinese,659,Bangalore,Breakfast,15,UPI,Chinese Wok,75,4
107528,35,North Indian,279,Bangalore,Dinner,38,Credit Card,KFC,30,4
107529,39,Pizza,1140,Coimbatore,Breakfast,23,UPI,KFC,50,3
107530,28,South Indian,401,Coimbatore,Lunch,17,Debit Card,Burger King,0,4
107531,22,Chinese,321,Chennai,Lunch,25,Debit Card,SS Hyderabad Biryani,50,5
107532,24,Fast Food,521,Bangalore,Lunch,15,Credit Card,Local Kitchen,50,5
107533,27,South Indian,536,Salem,Lunch,28,Credit Card,A2B,0,4
107534,34,North Indian,468,Coimbatore,Dinner,27,Wallet,Hotel Aryaas,30,5
107535,47,North Indian,375,Trichy,Lunch,39,Cash on Delivery,Local Kitchen,50,5
107536,41,North Indian,387,Chennai,Breakfast,36,Debit Card,A2B,0,5
107537,44,Biryani,356,Salem,Dinner,29,UPI,KFC,50,5
107538,30,Pizza,509,Coimbatore,Dinner,41,UPI,Hotel Aryaas,75,3
107539,32,North Indian,379,Coimbatore,Lunch,22,UPI,Hotel Aryaas,20,5
107540,31,Fast Food,641,Coimbatore,Dinner,29,Debit Card,Local Kitchen,20,4
107541,26,South Indian,578,Madurai,Dinner,26,Credit Card,Local Kitchen,20,4
107542,21,Pizza,557,Madurai,Lunch,33,Debit Card,Saravana Bhavan,0,5
107543,37,South Indian,347,Coimbatore,Evening,15,UPI,Chinese Wok,100,5
107544,60,North Indian,311,Bangalore,Lunch,57,UPI,Burger King,50,4
107545,25,South Indian,553,Chennai,Breakfast,38,Debit Card,KFC,0,5
107546,20,Chinese,498,Coimbatore,Late Night,38,UPI,Saravana Bhavan,100,5
107547,44,Pizza,533,Coimbatore,Lunch,15,UPI,KFC,0,5
107548,28,South Indian,401,Bangalore,Lunch,36,UPI,SS Hyderabad Biryani,100,5
107549,46,Pizza,368,Bangalore,Late Night,32,Debit Card,A2B,30,5
107550,41,South Indian,570,Madurai,Dinner,45,Debit Card,SS Hyderabad Biryani,30,4
107551,56,Fast Food,351,Madurai,Dinner,31,UPI,Dominos,30,5
107552,32,Biryani,600,Chennai,Dinner,30,UPI,SS Hyderabad Biryani,0,5
107553,39,Fast Food,518,Madurai,Dinner,33,Debit Card,A2B,50,4
107554,33,Chinese,364,Chennai,Dinner,48,Wallet,Chinese Wok,50,4
107555,38,North Indian,516,Madurai,Breakfast,18,Cash on Delivery,Saravana Bhavan,30,4
107556,33,Fast Food,559,Chennai,Evening,17,UPI,SS Hyderabad Biryani,75,4
107557,26,Fast Food,643,Madurai,Lunch,15,UPI,Anjappar,30,4
107558,34,Biryani,361,Bangalore,Breakfast,45,Credit Card,Dominos,50,4
107559,35,Chinese,398,Coimbatore,Evening,44,UPI,Burger King,20,5
107560,45,North Indian,686,Madurai,Dinner,22,UPI,Dominos,100,5
107561,42,Chinese,517,Chennai,Lunch,20,Debit Card,Local Kitchen,100,5
107562,39,South Indian,368,Chennai,Lunch,44,UPI,KFC,30,5
107563,23,South Indian,618,Bangalore,Dinner,20,UPI,Chinese Wok,50,4
107564,42,Biryani,693,Trichy,Dinner,31,Debit Card,Dominos,0,4
107565,34,Chinese,477,Coimbatore,Dinner,29,Debit Card,Local Kitchen,30,4
107566,51,South Indian,620,Chennai,Dinner,67,Credit Card,Anjappar,0,3
107567,54,Chinese,421,Bangalore,Late Night,32,Wallet,SS Hyderabad Biryani,75,5
107568,20,North Indian,500,Bangalore,Dinner,47,UPI,A2B,50,3
107569,45,Pizza,517,Coimbatore,Dinner,39,Debit Card,SS Hyderabad Biryani,100,4
107570,19,Pizza,339,Trichy,Dinner,29,UPI,SS Hyderabad Biryani,50,4
107571,31,North Indian,372,Bangalore,Dinner,28,UPI,Burger King,0,5
107572,35,North Indian,519,Chennai,Dinner,35,Credit Card,Anjappar,30,4
107573,25,South Indian,816,Chennai,Evening,35,UPI,Anjappar,30,3
107574,43,Biryani,360,Coimbatore,Lunch,29,Credit Card,Anjappar,75,5
107575,18,South Indian,315,Madurai,Dinner,40,UPI,Saravana Bhavan,30,4
107576,25,Pizza,437,Chennai,Dinner,34,Credit Card,KFC,30,4
107577,36,Biryani,593,Salem,Dinner,27,UPI,Chinese Wok,50,5
107578,41,Biryani,530,Coimbatore,Lunch,30,UPI,Saravana Bhavan,30,5
107579,53,Biryani,372,Bangalore,Lunch,39,Debit Card,A2B,50,5
107580,41,Chinese,829,Chennai,Evening,23,UPI,Chinese Wok,30,4
107581,40,South Indian,495,Trichy,Dinner,23,UPI,KFC,50,5
107582,31,Fast Food,480,Madurai,Dinner,21,UPI,Chinese Wok,100,4
107583,18,Biryani,484,Chennai,Lunch,30,UPI,Dominos,0,4
107584,24,Chinese,420,Salem,Dinner,32,Credit Card,Saravana Bhavan,0,4
107585,35,Fast Food,830,Coimbatore,Breakfast,23,Debit Card,Hotel Aryaas,30,4
107586,40,Fast Food,256,Madurai,Evening,34,Cash on Delivery,Chinese Wok,0,5
107587,32,Chinese,420,Trichy,Evening,34,Debit Card,Saravana Bhavan,0,4
107588,42,South Indian,321,Madurai,Dinner,43,UPI,Local Kitchen,50,5
107589,35,Fast Food,415,Salem,Dinner,43,UPI,KFC,20,4
107590,21,Chinese,702,Trichy,Lunch,15,UPI,Local Kitchen,0,4
107591,26,Fast Food,873,Salem,Evening,37,UPI,Anjappar,30,3
107592,47,Pizza,349,Chennai,Dinner,15,Credit Card,Chinese Wok,0,5
107593,42,Fast Food,486,Coimbatore,Lunch,40,UPI,Burger King,20,4
107594,51,Biryani,498,Bangalore,Late Night,39,Credit Card,Dominos,0,3
107595,24,Pizza,184,Madurai,Dinner,24,UPI,SS Hyderabad Biryani,0,4
107596,60,Chinese,367,Bangalore,Lunch,37,Cash on Delivery,Saravana Bhavan,0,4
107597,26,Biryani,498,Chennai,Evening,24,Debit Card,Chinese Wok,50,5
107598,18,Biryani,796,Trichy,Lunch,33,Wallet,KFC,50,4
107599,60,Pizza,294,Salem,Evening,35,Wallet,A2B,20,4
107600,28,Pizza,508,Coimbatore,Dinner,31,Debit Card,SS Hyderabad Biryani,0,4
107601,40,Fast Food,549,Chennai,Breakfast,41,UPI,A2B,100,3
107602,26,Chinese,736,Chennai,Dinner,26,UPI,Anjappar,50,5
107603,36,Biryani,368,Chennai,Dinner,39,UPI,KFC,0,4
107604,52,South Indian,305,Madurai,Late Night,22,UPI,Hotel Aryaas,0,5
107605,29,Biryani,363,Salem,Breakfast,15,Credit Card,Anjappar,0,5
107606,40,Fast Food,428,Chennai,Dinner,17,Debit Card,Local Kitchen,75,5
107607,26,Biryani,533,Bangalore,Dinner,24,UPI,Burger King,100,4
107608,38,South Indian,686,Madurai,Lunch,41,Credit Card,Burger King,0,4
107609,30,South Indian,551,Chennai,Lunch,39,UPI,Dominos,0,4
107610,26,South Indian,344,Bangalore,Dinner,32,Cash on Delivery,A2B,0,4
107611,29,Biryani,452,Madurai,Evening,15,UPI,Hotel Aryaas,0,5
107612,26,Fast Food,464,Trichy,Evening,52,UPI,Burger King,100,4
107613,52,Chinese,504,Coimbatore,Late Night,19,UPI,Saravana Bhavan,20,5
107614,31,Fast Food,443,Madurai,Breakfast,38,Credit Card,Chinese Wok,20,5
107615,27,Chinese,533,Coimbatore,Evening,30,UPI,Burger King,0,4
107616,33,Fast Food,390,Chennai,Dinner,38,Wallet,Hotel Aryaas,30,5
107617,29,South Indian,724,Chennai,Dinner,47,UPI,Saravana Bhavan,20,3
107618,42,South Indian,605,Coimbatore,Lunch,36,UPI,KFC,0,4
107619,58,North Indian,536,Chennai,Dinner,41,UPI,Local Kitchen,100,2
107620,32,Biryani,412,Coimbatore,Dinner,65,Debit Card,KFC,0,3
107621,48,Biryani,472,Bangalore,Dinner,44,UPI,Saravana Bhavan,0,4
107622,36,South Indian,375,Bangalore,Dinner,18,UPI,Chinese Wok,30,5
107623,25,North Indian,634,Chennai,Lunch,15,Credit Card,SS Hyderabad Biryani,30,5
107624,40,North Indian,734,Coimbatore,Dinner,39,Wallet,Saravana Bhavan,50,5
107625,34,South Indian,666,Bangalore,Evening,29,UPI,Burger King,0,5
107626,39,South Indian,281,Coimbatore,Late Night,42,UPI,Anjappar,20,4
107627,51,Chinese,481,Coimbatore,Breakfast,15,Debit Card,Dominos,20,5
107628,32,South Indian,265,Madurai,Evening,46,Debit Card,KFC,75,3
107629,52,Chinese,659,Chennai,Lunch,33,Cash on Delivery,Burger King,20,4
107630,43,Pizza,438,Chennai,Dinner,55,Credit Card,KFC,20,3
107631,34,Chinese,228,Chennai,Lunch,34,UPI,KFC,30,5
107632,37,South Indian,448,Chennai,Dinner,39,Credit Card,Dominos,0,4
107633,29,South Indian,756,Salem,Dinner,30,UPI,Local Kitchen,75,4
107634,59,Chinese,797,Coimbatore,Lunch,29,Wallet,Anjappar,20,4
107635,40,South Indian,414,Bangalore,Lunch,37,UPI,Burger King,75,5
107636,20,South Indian,534,Madurai,Dinner,31,UPI,Local Kitchen,100,5
107637,29,Biryani,433,Chennai,Evening,28,UPI,Dominos,0,5
107638,38,Biryani,708,Chennai,Evening,38,Wallet,A2B,0,4
107639,20,South Indian,500,Trichy,Lunch,28,UPI,Local Kitchen,50,3
107640,19,Pizza,381,Trichy,Evening,38,UPI,Dominos,0,5
107641,33,Fast Food,546,Coimbatore,Lunch,18,UPI,Dominos,20,5
107642,30,South Indian,546,Coimbatore,Dinner,34,UPI,A2B,0,4
107643,32,Fast Food,453,Madurai,Evening,32,Credit Card,Saravana Bhavan,30,5
107644,28,Biryani,442,Coimbatore,Dinner,15,Debit Card,KFC,0,5
107645,25,North Indian,715,Chennai,Lunch,22,UPI,Anjappar,0,5
107646,40,Pizza,485,Chennai,Evening,15,Cash on Delivery,SS Hyderabad Biryani,20,5
107647,34,Biryani,293,Coimbatore,Lunch,35,Debit Card,Saravana Bhavan,0,4
107648,26,Chinese,335,Chennai,Late Night,26,Credit Card,Dominos,20,5
107649,29,Fast Food,495,Coimbatore,Evening,31,Debit Card,Anjappar,0,5
107650,37,North Indian,446,Madurai,Lunch,47,Debit Card,Chinese Wok,75,5
107651,21,Fast Food,442,Bangalore,Lunch,34,Credit Card,Anjappar,30,3
107652,25,Fast Food,301,Chennai,Breakfast,37,UPI,Anjappar,20,5
107653,21,South Indian,574,Coimbatore,Breakfast,29,UPI,A2B,20,4
107654,45,Pizza,515,Madurai,Evening,27,UPI,A2B,0,5
107655,43,Biryani,469,Chennai,Lunch,20,Credit Card,Burger King,30,5
107656,43,Chinese,277,Chennai,Late Night,41,Wallet,Dominos,30,4
107657,41,Biryani,350,Coimbatore,Lunch,49,UPI,Dominos,100,4
107658,40,North Indian,295,Chennai,Dinner,46,Debit Card,Burger King,30,3
107659,33,Biryani,311,Salem,Lunch,22,UPI,Anjappar,30,5
107660,39,North Indian,324,Bangalore,Lunch,47,Wallet,SS Hyderabad Biryani,0,4
107661,19,South Indian,318,Coimbatore,Late Night,32,Credit Card,A2B,30,4
107662,38,South Indian,348,Madurai,Dinner,49,UPI,Dominos,30,4
107663,44,North Indian,838,Coimbatore,Dinner,38,UPI,Saravana Bhavan,75,4
107664,34,North Indian,481,Chennai,Dinner,37,UPI,Burger King,50,4
107665,30,Chinese,423,Chennai,Late Night,37,Debit Card,Anjappar,30,4
107666,28,Biryani,546,Bangalore,Dinner,17,Credit Card,Saravana Bhavan,0,5
107667,39,South Indian,237,Chennai,Lunch,21,Cash on Delivery,SS Hyderabad Biryani,50,4
107668,41,South Indian,448,Chennai,Breakfast,28,Credit Card,Burger King,20,5
107669,49,South Indian,562,Chennai,Dinner,30,UPI,KFC,20,5
107670,30,South Indian,804,Chennai,Dinner,35,Debit Card,Hotel Aryaas,50,4
107671,43,Biryani,455,Madurai,Dinner,29,Cash on Delivery,Anjappar,20,5
107672,36,Chinese,377,Trichy,Lunch,29,Wallet,Saravana Bhavan,20,4
107673,50,Chinese,303,Madurai,Late Night,46,Debit Card,Local Kitchen,20,4
107674,35,Biryani,456,Bangalore,Dinner,48,UPI,KFC,50,5
107675,34,South Indian,378,Salem,Dinner,40,Credit Card,Saravana Bhavan,100,5
107676,36,South Indian,396,Chennai,Breakfast,27,Credit Card,Chinese Wok,0,4
107677,43,Chinese,468,Chennai,Late Night,38,Credit Card,Chinese Wok,20,5
107678,57,Biryani,364,Coimbatore,Dinner,47,UPI,Hotel Aryaas,100,5
107679,21,Chinese,275,Coimbatore,Dinner,32,UPI,Chinese Wok,30,5
107680,20,Fast Food,501,Coimbatore,Late Night,47,Credit Card,SS Hyderabad Biryani,0,4
107681,55,South Indian,350,Chennai,Late Night,53,Debit Card,Hotel Aryaas,75,4
107682,35,Pizza,592,Chennai,Lunch,44,UPI,Chinese Wok,20,4
107683,38,Chinese,319,Bangalore,Late Night,40,UPI,Chinese Wok,30,5
107684,34,Biryani,667,Salem,Dinner,37,Debit Card,Saravana Bhavan,20,4
107685,22,South Indian,374,Coimbatore,Breakfast,40,Debit Card,SS Hyderabad Biryani,0,5
107686,43,North Indian,764,Chennai,Lunch,38,Credit Card,A2B,30,5
107687,43,Biryani,273,Madurai,Evening,22,UPI,Burger King,0,5
107688,29,Pizza,639,Coimbatore,Dinner,47,Credit Card,A2B,0,4
107689,29,Chinese,359,Chennai,Dinner,35,Cash on Delivery,Chinese Wok,75,4
107690,46,Pizza,257,Coimbatore,Lunch,58,UPI,KFC,30,3
107691,21,Fast Food,332,Madurai,Dinner,62,UPI,Local Kitchen,75,4
107692,50,Fast Food,774,Trichy,Dinner,31,Debit Card,Burger King,20,5
107693,28,North Indian,393,Bangalore,Dinner,36,Credit Card,Burger King,30,3
107694,37,Fast Food,515,Coimbatore,Late Night,30,Debit Card,A2B,0,5
107695,55,Biryani,394,Coimbatore,Dinner,24,Debit Card,Local Kitchen,20,5
107696,40,South Indian,455,Chennai,Lunch,33,UPI,Hotel Aryaas,0,5
107697,32,Biryani,392,Salem,Dinner,34,UPI,SS Hyderabad Biryani,20,5
107698,40,Pizza,345,Bangalore,Late Night,21,UPI,Anjappar,20,5
107699,30,Chinese,523,Chennai,Lunch,23,UPI,Chinese Wok,0,5
107700,28,Pizza,256,Bangalore,Late Night,15,UPI,SS Hyderabad Biryani,75,5
107701,60,Pizza,303,Coimbatore,Breakfast,22,Wallet,SS Hyderabad Biryani,20,5
107702,43,Biryani,549,Salem,Evening,42,UPI,Saravana Bhavan,0,4
107703,39,Fast Food,439,Trichy,Dinner,48,UPI,Local Kitchen,20,3
107704,30,Pizza,613,Chennai,Dinner,15,UPI,Anjappar,30,5
107705,20,Fast Food,264,Madurai,Dinner,21,UPI,KFC,30,4
107706,19,North Indian,816,Coimbatore,Evening,46,UPI,Chinese Wok,30,4
107707,35,Chinese,551,Chennai,Dinner,25,UPI,Anjappar,75,4
107708,43,Biryani,816,Madurai,Dinner,29,Credit Card,KFC,0,5
107709,35,Pizza,630,Bangalore,Evening,27,Credit Card,SS Hyderabad Biryani,50,3
107710,47,Biryani,394,Chennai,Dinner,43,UPI,KFC,20,4
107711,19,Biryani,588,Bangalore,Dinner,51,Credit Card,Hotel Aryaas,20,5
107712,31,Chinese,745,Bangalore,Lunch,35,UPI,Local Kitchen,30,5
107713,27,Pizza,517,Chennai,Evening,30,Credit Card,Saravana Bhavan,30,5
107714,33,South Indian,547,Coimbatore,Breakfast,32,UPI,SS Hyderabad Biryani,0,4
107715,21,Fast Food,334,Bangalore,Dinner,43,Credit Card,Saravana Bhavan,30,4
107716,57,Fast Food,554,Chennai,Lunch,39,Credit Card,SS Hyderabad Biryani,0,4
107717,27,Fast Food,459,Trichy,Evening,31,UPI,KFC,20,4
107718,54,Fast Food,393,Chennai,Lunch,34,UPI,SS Hyderabad Biryani,30,5
107719,32,Fast Food,653,Chennai,Breakfast,27,UPI,Chinese Wok,50,5
107720,59,South Indian,268,Chennai,Evening,27,Credit Card,KFC,50,5
107721,35,North Indian,523,Bangalore,Evening,20,Debit Card,SS Hyderabad Biryani,50,5
107722,55,Fast Food,590,Bangalore,Evening,45,Cash on Delivery,Hotel Aryaas,30,4
107723,18,Biryani,1060,Coimbatore,Lunch,15,Credit Card,Chinese Wok,0,4
107724,43,Pizza,430,Coimbatore,Late Night,37,Cash on Delivery,A2B,50,5
107725,52,Chinese,787,Trichy,Breakfast,34,Cash on Delivery,Chinese Wok,100,4
107726,25,North Indian,453,Chennai,Dinner,33,Debit Card,Burger King,75,5
107727,22,Biryani,332,Coimbatore,Dinner,28,UPI,Anjappar,20,4
107728,32,Biryani,329,Chennai,Lunch,31,Cash on Delivery,A2B,30,5
107729,55,South Indian,460,Chennai,Evening,52,UPI,Local Kitchen,100,3
107730,35,South Indian,315,Coimbatore,Late Night,35,UPI,A2B,0,5
107731,35,South Indian,875,Chennai,Dinner,36,Debit Card,KFC,30,5
107732,25,South Indian,385,Chennai,Lunch,36,Cash on Delivery,Saravana Bhavan,0,4
107733,18,Biryani,728,Trichy,Evening,27,Credit Card,SS Hyderabad Biryani,0,4
107734,45,South Indian,680,Chennai,Evening,28,UPI,Local Kitchen,20,4
107735,22,Chinese,508,Madurai,Dinner,39,UPI,Saravana Bhavan,0,5
107736,38,South Indian,426,Bangalore,Late Night,26,UPI,Dominos,0,4
107737,53,Chinese,459,Coimbatore,Breakfast,33,Credit Card,KFC,75,4
107738,26,South Indian,627,Bangalore,Lunch,46,UPI,Burger King,75,5
107739,39,Fast Food,490,Coimbatore,Lunch,27,Debit Card,Anjappar,50,5
107740,22,Fast Food,655,Chennai,Late Night,33,Credit Card,Local Kitchen,50,4
107741,37,Fast Food,346,Trichy,Dinner,31,UPI,Anjappar,0,4
107742,25,Biryani,515,Bangalore,Dinner,39,UPI,A2B,20,5
107743,42,Chinese,387,Trichy,Evening,35,Credit Card,Local Kitchen,30,5
107744,29,Pizza,372,Trichy,Dinner,27,Debit Card,Anjappar,75,5
107745,33,Fast Food,394,Chennai,Lunch,29,Debit Card,SS Hyderabad Biryani,50,5
107746,37,Biryani,568,Chennai,Late Night,28,Wallet,SS Hyderabad Biryani,0,4
107747,25,North Indian,537,Chennai,Evening,27,UPI,SS Hyderabad Biryani,0,4
107748,42,Fast Food,221,Trichy,Dinner,16,UPI,SS Hyderabad Biryani,20,5
107749,29,Biryani,779,Trichy,Lunch,36,Credit Card,A2B,30,5
107750,39,Fast Food,512,Bangalore,Dinner,27,Cash on Delivery,Dominos,50,5
107751,25,Chinese,360,Chennai,Evening,39,UPI,Dominos,30,3
107752,40,Fast Food,599,Chennai,Breakfast,35,Debit Card,SS Hyderabad Biryani,0,5
107753,24,South Indian,672,Trichy,Evening,30,UPI,Saravana Bhavan,50,3
107754,32,Fast Food,480,Salem,Dinner,29,UPI,Anjappar,50,4
107755,27,Biryani,447,Chennai,Lunch,21,Wallet,Dominos,0,5
107756,43,Fast Food,397,Chennai,Lunch,35,Credit Card,Saravana Bhavan,30,4
107757,28,Chinese,568,Coimbatore,Evening,33,Debit Card,Dominos,20,4
107758,50,South Indian,552,Chennai,Lunch,28,Credit Card,Hotel Aryaas,50,4
107759,51,Biryani,632,Trichy,Evening,15,Debit Card,SS Hyderabad Biryani,0,5
107760,26,Biryani,587,Coimbatore,Evening,32,UPI,Saravana Bhavan,0,3
107761,38,Chinese,532,Bangalore,Lunch,33,Cash on Delivery,SS Hyderabad Biryani,20,5
107762,22,Pizza,490,Coimbatore,Lunch,45,Credit Card,KFC,0,3
107763,31,Fast Food,507,Coimbatore,Dinner,34,UPI,A2B,0,5
107764,41,South Indian,618,Chennai,Lunch,46,UPI,Saravana Bhavan,0,3
107765,39,Biryani,602,Madurai,Dinner,28,UPI,Local Kitchen,50,5
107766,38,Fast Food,446,Madurai,Evening,31,UPI,Anjappar,100,5
107767,28,Biryani,420,Coimbatore,Late Night,24,UPI,Dominos,30,5
107768,31,Pizza,825,Coimbatore,Breakfast,31,UPI,KFC,50,4
107769,23,Fast Food,282,Chennai,Dinner,42,Credit Card,A2B,0,4
107770,41,Pizza,371,Chennai,Evening,43,Wallet,Chinese Wok,50,4
107771,34,Chinese,500,Bangalore,Breakfast,36,UPI,Local Kitchen,20,5
107772,41,Pizza,708,Bangalore,Lunch,21,Credit Card,Burger King,30,4
107773,27,Fast Food,664,Coimbatore,Evening,20,UPI,A2B,75,5
107774,29,Biryani,477,Trichy,Lunch,32,UPI,Anjappar,0,5
107775,30,North Indian,285,Bangalore,Evening,27,UPI,Local Kitchen,30,5
107776,19,Chinese,382,Coimbatore,Late Night,41,Cash on Delivery,A2B,30,3
107777,30,Pizza,515,Chennai,Evening,39,Wallet,Dominos,30,2
107778,45,Biryani,576,Trichy,Evening,37,Debit Card,A2B,50,4
107779,52,Fast Food,689,Bangalore,Dinner,28,UPI,SS Hyderabad Biryani,30,4
107780,34,Chinese,457,Chennai,Dinner,35,UPI,A2B,75,5
107781,33,Biryani,308,Bangalore,Breakfast,37,UPI,Saravana Bhavan,100,4
107782,19,South Indian,283,Coimbatore,Dinner,31,Wallet,Burger King,0,5
107783,50,South Indian,424,Trichy,Evening,32,Debit Card,SS Hyderabad Biryani,20,5
107784,18,Biryani,602,Salem,Lunch,37,Debit Card,Dominos,20,3
107785,56,Fast Food,458,Bangalore,Lunch,23,Credit Card,SS Hyderabad Biryani,50,5
107786,34,Fast Food,272,Madurai,Breakfast,28,Credit Card,Chinese Wok,20,5
107787,30,Biryani,409,Chennai,Evening,27,Debit Card,A2B,0,5
107788,54,Chinese,680,Bangalore,Lunch,44,Credit Card,Chinese Wok,0,4
107789,19,Fast Food,233,Madurai,Evening,29,Cash on Delivery,Saravana Bhavan,100,4
107790,36,Fast Food,415,Coimbatore,Dinner,34,UPI,KFC,75,5
107791,35,North Indian,663,Bangalore,Dinner,40,Wallet,Chinese Wok,20,4
107792,27,South Indian,356,Trichy,Dinner,26,Debit Card,A2B,100,5
107793,32,Fast Food,477,Chennai,Dinner,43,Credit Card,SS Hyderabad Biryani,75,5
107794,39,Chinese,592,Chennai,Dinner,44,Cash on Delivery,Burger King,50,5
107795,42,North Indian,909,Madurai,Dinner,15,Cash on Delivery,SS Hyderabad Biryani,0,5
107796,18,Biryani,607,Trichy,Dinner,38,UPI,Anjappar,0,5
107797,55,South Indian,312,Trichy,Lunch,44,Cash on Delivery,A2B,0,4
107798,25,South Indian,728,Bangalore,Lunch,30,UPI,Hotel Aryaas,0,5
107799,27,Fast Food,494,Trichy,Evening,39,Credit Card,KFC,75,4
107800,28,Pizza,299,Madurai,Evening,21,UPI,KFC,20,5
107801,19,North Indian,234,Chennai,Lunch,18,UPI,Hotel Aryaas,50,4
107802,24,North Indian,281,Madurai,Lunch,30,Cash on Delivery,KFC,50,4
107803,59,Fast Food,380,Chennai,Late Night,24,UPI,Anjappar,20,4
107804,29,Fast Food,447,Chennai,Lunch,38,Debit Card,Dominos,0,3
107805,23,North Indian,501,Coimbatore,Evening,37,UPI,Burger King,30,4
107806,23,South Indian,592,Coimbatore,Breakfast,52,Credit Card,Dominos,0,3
107807,42,Biryani,284,Coimbatore,Dinner,42,UPI,A2B,75,4
107808,48,Chinese,358,Chennai,Evening,28,Debit Card,Saravana Bhavan,75,5
107809,28,Fast Food,467,Coimbatore,Lunch,34,Debit Card,Local Kitchen,100,5
107810,19,Fast Food,455,Chennai,Late Night,36,UPI,Anjappar,75,4
107811,27,Pizza,506,Coimbatore,Dinner,39,Cash on Delivery,KFC,30,3
107812,20,Biryani,417,Madurai,Dinner,15,UPI,Saravana Bhavan,20,5
107813,23,Biryani,636,Trichy,Late Night,29,Debit Card,SS Hyderabad Biryani,30,5
107814,32,Fast Food,545,Trichy,Evening,44,Debit Card,A2B,0,3
107815,27,South Indian,541,Coimbatore,Dinner,38,Credit Card,KFC,50,4
107816,34,Biryani,292,Madurai,Lunch,34,Cash on Delivery,SS Hyderabad Biryani,75,4
107817,28,South Indian,671,Coimbatore,Dinner,29,Credit Card,Chinese Wok,50,3
107818,55,Chinese,702,Chennai,Breakfast,33,Cash on Delivery,Burger King,100,4
107819,52,Pizza,289,Bangalore,Lunch,34,Debit Card,Saravana Bhavan,100,5
107820,36,Fast Food,873,Bangalore,Evening,25,Credit Card,SS Hyderabad Biryani,50,5
107821,30,Pizza,483,Trichy,Breakfast,37,UPI,Hotel Aryaas,50,4
107822,31,Fast Food,376,Bangalore,Evening,35,Wallet,Burger King,20,5
107823,32,Chinese,370,Chennai,Evening,30,UPI,Hotel Aryaas,0,5
107824,42,South Indian,270,Trichy,Dinner,30,Cash on Delivery,Anjappar,75,5
107825,33,Biryani,736,Bangalore,Lunch,22,Credit Card,Local Kitchen,50,5
107826,48,Chinese,382,Trichy,Lunch,45,Debit Card,Burger King,100,4
107827,56,Biryani,402,Madurai,Dinner,39,UPI,KFC,0,3
107828,30,Biryani,285,Coimbatore,Dinner,37,UPI,Dominos,50,5
107829,36,Fast Food,519,Chennai,Breakfast,39,UPI,KFC,20,4
107830,22,Chinese,468,Chennai,Dinner,15,Wallet,Burger King,20,5
107831,26,Fast Food,747,Chennai,Dinner,51,UPI,A2B,30,3
107832,32,Biryani,263,Chennai,Breakfast,15,UPI,Anjappar,0,5
107833,26,Biryani,509,Coimbatore,Evening,43,UPI,Saravana Bhavan,75,5
107834,50,South Indian,295,Trichy,Lunch,35,Cash on Delivery,SS Hyderabad Biryani,0,5
107835,25,South Indian,352,Trichy,Late Night,23,Credit Card,Chinese Wok,100,5
107836,33,Fast Food,467,Madurai,Lunch,35,UPI,Anjappar,30,5
107837,37,Biryani,818,Chennai,Lunch,39,Credit Card,KFC,20,4
107838,40,South Indian,206,Coimbatore,Dinner,29,UPI,Local Kitchen,30,4
107839,31,Pizza,222,Madurai,Lunch,46,UPI,Anjappar,100,5
107840,49,Chinese,298,Chennai,Dinner,19,Credit Card,KFC,50,4
107841,36,Pizza,464,Trichy,Breakfast,23,UPI,Saravana Bhavan,0,5
107842,32,Biryani,278,Salem,Late Night,21,UPI,Burger King,20,4
107843,21,North Indian,229,Coimbatore,Dinner,20,UPI,KFC,0,5
107844,33,Fast Food,522,Madurai,Dinner,36,Credit Card,Local Kitchen,50,4
107845,45,North Indian,396,Chennai,Breakfast,50,Cash on Delivery,Chinese Wok,0,4
107846,38,Fast Food,670,Madurai,Breakfast,43,Debit Card,Anjappar,50,3
107847,46,South Indian,525,Chennai,Dinner,31,UPI,KFC,0,4
107848,34,Fast Food,529,Chennai,Lunch,48,Debit Card,Anjappar,50,4
107849,24,Fast Food,353,Madurai,Dinner,44,UPI,Saravana Bhavan,30,4
107850,18,Pizza,699,Madurai,Dinner,27,Credit Card,KFC,75,5
107851,29,Chinese,312,Bangalore,Dinner,31,Debit Card,Hotel Aryaas,30,4
107852,41,North Indian,407,Coimbatore,Lunch,37,Credit Card,Local Kitchen,0,4
107853,44,South Indian,478,Bangalore,Dinner,26,UPI,Burger King,50,4
107854,29,South Indian,662,Madurai,Dinner,24,Wallet,Burger King,20,5
107855,34,Biryani,279,Salem,Evening,41,UPI,Chinese Wok,0,4
107856,32,North Indian,535,Trichy,Dinner,44,UPI,A2B,75,4
107857,32,South Indian,339,Madurai,Lunch,24,Cash on Delivery,Anjappar,50,4
107858,27,Chinese,412,Madurai,Dinner,38,Cash on Delivery,Hotel Aryaas,0,4
107859,25,Fast Food,655,Bangalore,Late Night,37,UPI,Local Kitchen,100,5
107860,26,South Indian,415,Chennai,Lunch,23,Credit Card,Local Kitchen,0,5
107861,20,North Indian,411,Chennai,Evening,37,UPI,Chinese Wok,50,4
107862,26,Biryani,313,Trichy,Breakfast,39,Cash on Delivery,SS Hyderabad Biryani,0,5
107863,18,Fast Food,593,Trichy,Dinner,40,Credit Card,Chinese Wok,30,4
107864,38,Biryani,310,Bangalore,Dinner,31,Credit Card,Saravana Bhavan,20,4
107865,29,Pizza,547,Coimbatore,Breakfast,37,UPI,Local Kitchen,30,5
107866,58,Biryani,478,Chennai,Dinner,36,Credit Card,Burger King,20,4
107867,26,Biryani,522,Coimbatore,Dinner,35,Debit Card,Local Kitchen,30,4
107868,30,Fast Food,415,Coimbatore,Late Night,43,UPI,A2B,0,3
107869,30,South Indian,422,Coimbatore,Dinner,24,Cash on Delivery,A2B,75,4
107870,18,Fast Food,552,Salem,Evening,25,UPI,Hotel Aryaas,75,5
107871,47,Biryani,480,Chennai,Dinner,23,Cash on Delivery,Local Kitchen,0,5
107872,19,North Indian,215,Bangalore,Evening,44,Debit Card,Chinese Wok,100,5
107873,55,North Indian,766,Coimbatore,Dinner,34,Cash on Delivery,A2B,100,5
107874,51,Fast Food,365,Salem,Dinner,28,Debit Card,Local Kitchen,50,5
107875,35,Chinese,638,Trichy,Evening,46,UPI,SS Hyderabad Biryani,20,5
107876,35,South Indian,646,Coimbatore,Breakfast,31,UPI,A2B,75,4
107877,39,Fast Food,562,Salem,Breakfast,15,Debit Card,SS Hyderabad Biryani,75,5
107878,31,Fast Food,596,Bangalore,Evening,27,UPI,Chinese Wok,20,4
107879,39,South Indian,894,Chennai,Evening,35,UPI,Local Kitchen,50,5
107880,20,Fast Food,223,Bangalore,Dinner,37,UPI,Local Kitchen,75,5
107881,20,Fast Food,539,Chennai,Evening,27,Debit Card,Chinese Wok,75,5
107882,33,Pizza,641,Bangalore,Lunch,30,Debit Card,KFC,100,4
107883,35,South Indian,265,Salem,Evening,29,UPI,KFC,75,5
107884,51,Chinese,592,Madurai,Lunch,40,UPI,KFC,30,4
107885,23,Biryani,308,Chennai,Breakfast,47,Credit Card,Chinese Wok,75,4
107886,45,South Indian,392,Coimbatore,Lunch,26,UPI,Hotel Aryaas,20,5
107887,26,Fast Food,425,Chennai,Lunch,48,Credit Card,Chinese Wok,0,3
107888,31,South Indian,353,Coimbatore,Breakfast,35,UPI,Burger King,20,4
107889,29,Pizza,442,Chennai,Lunch,32,UPI,Local Kitchen,30,4
107890,31,Pizza,494,Coimbatore,Dinner,31,UPI,Anjappar,30,5
107891,25,Fast Food,283,Madurai,Lunch,24,UPI,Dominos,20,5
107892,34,Chinese,680,Madurai,Lunch,25,UPI,Saravana Bhavan,30,4
107893,45,North Indian,506,Chennai,Late Night,24,Wallet,Saravana Bhavan,30,4
107894,32,Chinese,638,Coimbatore,Dinner,23,Debit Card,Anjappar,20,3
107895,34,Biryani,479,Coimbatore,Breakfast,37,UPI,Dominos,0,4
107896,47,Chinese,859,Chennai,Breakfast,55,UPI,Anjappar,0,4
107897,41,Biryani,655,Coimbatore,Dinner,26,UPI,SS Hyderabad Biryani,30,5
107898,34,Pizza,186,Coimbatore,Dinner,31,Debit Card,Chinese Wok,100,4
107899,28,South Indian,429,Bangalore,Breakfast,43,Cash on Delivery,Hotel Aryaas,20,5
107900,51,Fast Food,347,Trichy,Lunch,23,UPI,Local Kitchen,30,5
107901,36,Biryani,351,Coimbatore,Late Night,20,UPI,A2B,0,5
107902,27,Fast Food,359,Madurai,Dinner,15,UPI,A2B,100,5
107903,28,North Indian,616,Chennai,Evening,34,UPI,Saravana Bhavan,75,4
107904,45,Biryani,850,Trichy,Lunch,27,UPI,Chinese Wok,30,4
107905,20,South Indian,480,Chennai,Lunch,20,Credit Card,Saravana Bhavan,75,5
107906,60,North Indian,829,Chennai,Evening,27,Wallet,Chinese Wok,20,5
107907,24,Fast Food,442,Chennai,Late Night,42,Debit Card,SS Hyderabad Biryani,30,5
107908,44,South Indian,434,Coimbatore,Breakfast,29,Cash on Delivery,Dominos,50,4
107909,31,South Indian,376,Bangalore,Late Night,42,UPI,Anjappar,20,4
107910,34,South Indian,368,Salem,Lunch,38,Credit Card,Saravana Bhavan,75,5
107911,50,Biryani,255,Madurai,Evening,35,Cash on Delivery,Anjappar,0,5
107912,32,Biryani,692,Coimbatore,Breakfast,33,UPI,Chinese Wok,100,5
107913,35,South Indian,290,Bangalore,Dinner,40,Cash on Delivery,Saravana Bhavan,100,5
107914,20,North Indian,350,Bangalore,Evening,36,UPI,Saravana Bhavan,20,4
107915,18,Biryani,423,Trichy,Dinner,35,Wallet,SS Hyderabad Biryani,50,4
107916,27,Biryani,260,Madurai,Dinner,15,UPI,A2B,30,4
107917,40,Fast Food,389,Bangalore,Evening,30,UPI,A2B,30,5
107918,24,Pizza,313,Bangalore,Dinner,18,UPI,Hotel Aryaas,0,5
107919,23,Fast Food,442,Madurai,Breakfast,22,UPI,A2B,50,5
107920,32,Pizza,998,Chennai,Dinner,43,Cash on Delivery,KFC,30,4
107921,39,Biryani,410,Chennai,Lunch,32,UPI,SS Hyderabad Biryani,0,4
107922,41,North Indian,516,Madurai,Evening,50,Debit Card,Hotel Aryaas,50,4
107923,26,South Indian,614,Trichy,Dinner,40,Cash on Delivery,SS Hyderabad Biryani,75,5
107924,22,Chinese,362,Coimbatore,Lunch,26,Wallet,Hotel Aryaas,0,5
107925,55,Fast Food,224,Salem,Late Night,29,Cash on Delivery,KFC,75,5
107926,28,Pizza,290,Chennai,Dinner,40,Wallet,Hotel Aryaas,30,5
107927,48,Biryani,480,Coimbatore,Evening,39,UPI,Burger King,0,5
107928,49,Biryani,266,Coimbatore,Breakfast,43,Wallet,Chinese Wok,20,4
107929,43,Fast Food,457,Salem,Dinner,15,UPI,Anjappar,20,4
107930,25,Pizza,489,Coimbatore,Dinner,17,UPI,Anjappar,0,4
107931,45,Chinese,306,Coimbatore,Lunch,27,UPI,Dominos,20,4
107932,43,South Indian,471,Chennai,Late Night,40,Debit Card,Local Kitchen,30,5
107933,37,South Indian,385,Bangalore,Late Night,41,UPI,KFC,30,4
107934,30,Biryani,527,Trichy,Evening,15,UPI,Saravana Bhavan,0,4
107935,28,Pizza,570,Coimbatore,Dinner,24,Credit Card,Hotel Aryaas,30,5
107936,24,Pizza,359,Trichy,Evening,39,Credit Card,Dominos,20,5
107937,34,Chinese,874,Salem,Dinner,23,UPI,Anjappar,0,5
107938,37,South Indian,261,Chennai,Lunch,36,Credit Card,Dominos,20,3
107939,30,North Indian,320,Madurai,Lunch,38,UPI,KFC,30,5
107940,33,Pizza,356,Chennai,Dinner,28,Credit Card,A2B,100,4
107941,30,Chinese,526,Chennai,Breakfast,34,Credit Card,Local Kitchen,75,5
107942,39,Fast Food,265,Bangalore,Dinner,32,Wallet,KFC,75,5
107943,52,South Indian,730,Madurai,Dinner,38,Cash on Delivery,Hotel Aryaas,0,5
107944,25,South Indian,371,Coimbatore,Lunch,31,UPI,A2B,30,4
107945,31,Fast Food,401,Chennai,Lunch,15,UPI,Local Kitchen,20,5
107946,25,Fast Food,314,Trichy,Dinner,39,Cash on Delivery,Local Kitchen,30,4
107947,38,Fast Food,503,Madurai,Lunch,33,Credit Card,Anjappar,0,5
107948,42,South Indian,582,Chennai,Dinner,39,Debit Card,Local Kitchen,75,4
107949,55,South Indian,401,Coimbatore,Evening,25,Credit Card,A2B,20,4
107950,28,Fast Food,709,Chennai,Dinner,31,Debit Card,SS Hyderabad Biryani,30,5
107951,56,Pizza,395,Coimbatore,Lunch,28,UPI,Local Kitchen,20,5
107952,21,South Indian,418,Bangalore,Breakfast,43,Debit Card,SS Hyderabad Biryani,20,3
107953,37,Biryani,379,Bangalore,Lunch,40,Cash on Delivery,Saravana Bhavan,30,5
107954,20,Fast Food,535,Chennai,Breakfast,49,UPI,Dominos,100,4
107955,51,Pizza,461,Madurai,Evening,32,UPI,Hotel Aryaas,75,5
107956,35,Chinese,369,Coimbatore,Dinner,21,Credit Card,SS Hyderabad Biryani,100,4
107957,40,Fast Food,470,Bangalore,Breakfast,23,Cash on Delivery,Local Kitchen,20,5
107958,46,North Indian,545,Chennai,Breakfast,43,Cash on Delivery,Saravana Bhavan,0,4
107959,25,Biryani,499,Coimbatore,Evening,47,Credit Card,Burger King,0,3
107960,20,North Indian,363,Chennai,Dinner,20,Debit Card,Local Kitchen,0,4
107961,50,Fast Food,488,Bangalore,Dinner,29,Cash on Delivery,Saravana Bhavan,50,4
107962,29,Biryani,333,Coimbatore,Lunch,22,UPI,A2B,20,4
107963,24,South Indian,401,Chennai,Dinner,54,Cash on Delivery,Chinese Wok,50,4
107964,33,Fast Food,341,Chennai,Late Night,37,UPI,Burger King,30,4
107965,37,South Indian,443,Coimbatore,Lunch,25,Credit Card,Local Kitchen,100,5
107966,19,Pizza,555,Chennai,Dinner,24,Wallet,Anjappar,50,5
107967,28,Pizza,833,Bangalore,Evening,48,Credit Card,Local Kitchen,100,4
107968,19,Fast Food,701,Coimbatore,Late Night,40,UPI,Chinese Wok,20,5
107969,32,South Indian,872,Bangalore,Evening,34,Cash on Delivery,Local Kitchen,20,4
107970,51,Biryani,619,Salem,Late Night,29,Credit Card,Chinese Wok,30,4
107971,59,Biryani,735,Bangalore,Lunch,30,UPI,Local Kitchen,30,3
107972,38,Chinese,167,Madurai,Lunch,20,UPI,KFC,30,5
107973,25,Biryani,982,Madurai,Dinner,27,UPI,A2B,75,5
107974,52,Chinese,433,Salem,Dinner,29,UPI,Burger King,50,5
107975,34,South Indian,987,Chennai,Dinner,32,Credit Card,Burger King,0,4
107976,25,Biryani,812,Trichy,Dinner,33,Credit Card,Burger King,30,3
107977,54,South Indian,476,Trichy,Dinner,43,Cash on Delivery,Hotel Aryaas,0,3
107978,43,Biryani,223,Coimbatore,Dinner,26,Credit Card,KFC,20,4
107979,42,South Indian,624,Coimbatore,Evening,48,UPI,Anjappar,75,4
107980,41,Pizza,178,Salem,Evening,32,UPI,Burger King,0,5
107981,26,South Indian,580,Bangalore,Evening,37,UPI,A2B,100,5
107982,26,Biryani,256,Coimbatore,Dinner,44,Cash on Delivery,Saravana Bhavan,0,4
107983,40,Chinese,463,Madurai,Evening,39,UPI,SS Hyderabad Biryani,0,4
107984,27,Biryani,612,Coimbatore,Lunch,41,Credit Card,KFC,30,5
107985,32,Chinese,560,Chennai,Lunch,28,Debit Card,Burger King,75,5
107986,44,South Indian,581,Bangalore,Late Night,32,Cash on Delivery,Local Kitchen,0,5
107987,44,South Indian,581,Bangalore,Breakfast,41,UPI,Hotel Aryaas,0,4
107988,33,Pizza,631,Trichy,Lunch,41,UPI,Chinese Wok,20,5
107989,44,Chinese,368,Coimbatore,Evening,36,UPI,Burger King,30,5
107990,47,Biryani,692,Trichy,Lunch,41,UPI,Hotel Aryaas,50,4
107991,39,Fast Food,324,Coimbatore,Evening,26,Credit Card,Dominos,0,4
107992,27,Pizza,690,Bangalore,Lunch,41,Credit Card,Local Kitchen,30,4
107993,28,Biryani,561,Chennai,Lunch,43,Debit Card,A2B,0,4
107994,29,South Indian,481,Coimbatore,Dinner,34,UPI,Chinese Wok,20,5
107995,24,Chinese,361,Trichy,Dinner,36,Credit Card,Local Kitchen,100,4
107996,28,Chinese,280,Chennai,Lunch,15,UPI,Saravana Bhavan,100,5
107997,26,Pizza,355,Trichy,Dinner,48,Cash on Delivery,SS Hyderabad Biryani,100,4
107998,33,Chinese,921,Coimbatore,Dinner,37,Cash on Delivery,Anjappar,20,4
107999,53,Chinese,361,Chennai,Dinner,40,Credit Card,Local Kitchen,50,5
108000,23,Pizza,620,Chennai,Evening,37,UPI,Local Kitchen,75,5
108001,42,Chinese,288,Madurai,Lunch,39,Wallet,SS Hyderabad Biryani,30,3
108002,40,Fast Food,504,Chennai,Dinner,38,Cash on Delivery,SS Hyderabad Biryani,30,4
108003,22,South Indian,535,Bangalore,Evening,49,UPI,Saravana Bhavan,50,3
108004,54,Chinese,295,Madurai,Lunch,59,Credit Card,Chinese Wok,30,5
108005,36,Pizza,613,Coimbatore,Evening,45,UPI,Local Kitchen,30,5
108006,30,Fast Food,514,Coimbatore,Dinner,46,UPI,Burger King,30,5
108007,43,Fast Food,702,Coimbatore,Evening,29,UPI,A2B,50,3
108008,28,North Indian,648,Salem,Lunch,32,Debit Card,A2B,75,4
108009,41,South Indian,508,Coimbatore,Dinner,38,UPI,Local Kitchen,30,4
108010,20,Biryani,346,Chennai,Dinner,39,UPI,A2B,30,4
108011,47,Chinese,347,Coimbatore,Evening,38,UPI,Dominos,100,4
108012,33,North Indian,295,Bangalore,Evening,24,UPI,A2B,30,4
108013,38,Pizza,319,Madurai,Dinner,30,Debit Card,Local Kitchen,30,4
108014,27,Chinese,541,Salem,Breakfast,30,Debit Card,Anjappar,100,5
108015,40,Biryani,472,Trichy,Dinner,39,UPI,Saravana Bhavan,0,5
108016,43,Pizza,265,Coimbatore,Dinner,31,UPI,A2B,30,5
108017,33,South Indian,549,Coimbatore,Evening,32,Debit Card,Saravana Bhavan,0,5
108018,38,Pizza,657,Madurai,Lunch,31,Cash on Delivery,Dominos,20,5
108019,33,Fast Food,672,Salem,Breakfast,40,Credit Card,A2B,20,5
108020,51,Biryani,253,Coimbatore,Dinner,46,UPI,Anjappar,20,5
108021,34,South Indian,653,Coimbatore,Lunch,26,Debit Card,Saravana Bhavan,75,5
108022,47,Fast Food,546,Trichy,Evening,42,UPI,A2B,30,3
108023,45,Chinese,393,Coimbatore,Evening,25,UPI,SS Hyderabad Biryani,30,5
108024,32,North Indian,789,Coimbatore,Lunch,41,Credit Card,Burger King,20,3
108025,27,Chinese,352,Trichy,Evening,21,UPI,SS Hyderabad Biryani,100,4
108026,32,Pizza,165,Trichy,Evening,48,Wallet,SS Hyderabad Biryani,100,3
108027,45,South Indian,399,Chennai,Dinner,31,Debit Card,Hotel Aryaas,75,5
108028,27,Pizza,370,Coimbatore,Lunch,36,UPI,Hotel Aryaas,50,4
108029,35,Pizza,529,Coimbatore,Lunch,35,Wallet,Local Kitchen,20,4
108030,45,Chinese,566,Salem,Dinner,48,UPI,Anjappar,0,3
108031,30,South Indian,576,Salem,Dinner,27,Credit Card,Dominos,75,5
108032,39,Chinese,468,Madurai,Dinner,33,Credit Card,SS Hyderabad Biryani,30,5
108033,27,Chinese,478,Coimbatore,Lunch,36,Credit Card,Hotel Aryaas,30,4
108034,23,Fast Food,774,Chennai,Lunch,44,UPI,SS Hyderabad Biryani,0,4
108035,44,Pizza,235,Madurai,Dinner,26,Cash on Delivery,Hotel Aryaas,50,5
108036,23,North Indian,586,Coimbatore,Dinner,15,UPI,A2B,30,4
108037,28,South Indian,492,Bangalore,Dinner,23,Debit Card,Saravana Bhavan,20,5
108038,48,Chinese,398,Bangalore,Dinner,41,Debit Card,KFC,0,4
108039,30,Chinese,441,Coimbatore,Breakfast,35,Cash on Delivery,Burger King,30,4
108040,58,Chinese,495,Salem,Dinner,33,Credit Card,Chinese Wok,75,4
108041,59,South Indian,330,Chennai,Dinner,26,Debit Card,A2B,30,5
108042,28,Pizza,541,Madurai,Breakfast,35,UPI,Hotel Aryaas,75,5
108043,20,South Indian,563,Coimbatore,Evening,39,Debit Card,Burger King,0,3
108044,41,Biryani,581,Madurai,Dinner,33,Debit Card,A2B,30,4
108045,33,Pizza,949,Bangalore,Lunch,47,UPI,A2B,20,4
108046,23,Chinese,712,Chennai,Evening,42,UPI,Burger King,20,4
108047,41,Pizza,319,Coimbatore,Dinner,33,UPI,KFC,0,4
108048,19,Biryani,362,Chennai,Dinner,41,UPI,Local Kitchen,0,3
108049,49,Biryani,284,Chennai,Late Night,35,Credit Card,KFC,75,3
108050,25,North Indian,498,Madurai,Evening,37,Cash on Delivery,Dominos,20,4
108051,24,Biryani,417,Chennai,Evening,32,Debit Card,Local Kitchen,75,5
108052,26,Pizza,653,Coimbatore,Dinner,36,Credit Card,Dominos,75,4
108053,57,Pizza,796,Chennai,Evening,19,Wallet,A2B,20,5
108054,41,Chinese,752,Bangalore,Breakfast,26,Credit Card,Hotel Aryaas,30,5
108055,45,Biryani,500,Madurai,Dinner,46,UPI,Hotel Aryaas,30,5
108056,31,Chinese,955,Coimbatore,Lunch,31,Debit Card,Dominos,75,4
108057,30,Pizza,539,Bangalore,Breakfast,23,Credit Card,Chinese Wok,30,5
108058,27,South Indian,333,Trichy,Breakfast,51,Wallet,Hotel Aryaas,20,5
108059,33,Fast Food,329,Chennai,Late Night,31,Cash on Delivery,Burger King,30,5
108060,35,South Indian,521,Madurai,Lunch,39,Wallet,Dominos,75,5
108061,38,Biryani,584,Coimbatore,Evening,29,UPI,Anjappar,20,5
108062,28,North Indian,336,Chennai,Late Night,43,UPI,Chinese Wok,20,4
108063,56,Pizza,429,Bangalore,Evening,34,Credit Card,Chinese Wok,0,4
108064,25,North Indian,220,Chennai,Breakfast,17,UPI,Dominos,30,4
108065,58,South Indian,236,Trichy,Dinner,55,Debit Card,Burger King,100,4
108066,18,Chinese,311,Chennai,Breakfast,28,Debit Card,Saravana Bhavan,20,4
108067,34,Biryani,426,Chennai,Breakfast,31,Credit Card,Hotel Aryaas,100,5
108068,30,Chinese,499,Bangalore,Dinner,22,Credit Card,KFC,75,5
108069,33,Chinese,401,Bangalore,Lunch,16,Debit Card,A2B,50,4
108070,36,North Indian,362,Madurai,Dinner,45,Debit Card,Anjappar,50,4
108071,32,Pizza,540,Chennai,Evening,36,Debit Card,Hotel Aryaas,50,3
108072,32,North Indian,473,Trichy,Lunch,15,Cash on Delivery,A2B,20,5
108073,42,Pizza,440,Salem,Evening,30,Wallet,Saravana Bhavan,75,4
108074,40,Pizza,299,Coimbatore,Breakfast,38,UPI,Anjappar,100,5
108075,46,Biryani,449,Madurai,Lunch,40,Cash on Delivery,Local Kitchen,0,5
108076,27,Pizza,376,Bangalore,Evening,25,UPI,SS Hyderabad Biryani,0,5
108077,37,South Indian,252,Chennai,Lunch,29,Credit Card,Hotel Aryaas,0,3
108078,37,Fast Food,542,Coimbatore,Dinner,27,Wallet,Chinese Wok,50,4
108079,31,Biryani,645,Chennai,Breakfast,30,Credit Card,Saravana Bhavan,0,4
108080,34,Chinese,368,Salem,Evening,36,UPI,Chinese Wok,30,4
108081,29,Fast Food,449,Chennai,Dinner,42,Credit Card,Hotel Aryaas,50,4
108082,25,South Indian,317,Bangalore,Evening,36,Cash on Delivery,Chinese Wok,30,5
108083,27,Chinese,337,Coimbatore,Dinner,37,UPI,Chinese Wok,30,4
108084,23,North Indian,440,Bangalore,Dinner,32,Cash on Delivery,Hotel Aryaas,100,4
108085,40,Pizza,624,Chennai,Late Night,22,Debit Card,Chinese Wok,20,5
108086,39,South Indian,547,Madurai,Lunch,33,Cash on Delivery,SS Hyderabad Biryani,30,4
108087,56,Fast Food,446,Chennai,Late Night,30,UPI,Hotel Aryaas,30,4
108088,42,Fast Food,367,Trichy,Dinner,27,Credit Card,Hotel Aryaas,20,4
108089,20,Fast Food,326,Trichy,Dinner,34,UPI,Chinese Wok,20,4
108090,50,Biryani,334,Bangalore,Late Night,18,Credit Card,KFC,50,5
108091,49,North Indian,307,Chennai,Dinner,29,UPI,Hotel Aryaas,20,4
108092,33,South Indian,699,Chennai,Dinner,27,UPI,Dominos,0,5
108093,37,Biryani,293,Trichy,Dinner,26,Wallet,Dominos,100,3
108094,58,Fast Food,462,Chennai,Dinner,40,Credit Card,Local Kitchen,0,4
108095,35,South Indian,797,Chennai,Evening,35,UPI,Dominos,20,5
108096,52,South Indian,390,Bangalore,Lunch,39,Credit Card,Local Kitchen,75,4
108097,22,Biryani,752,Chennai,Dinner,38,Debit Card,Hotel Aryaas,0,5
108098,26,North Indian,501,Chennai,Late Night,24,Credit Card,Local Kitchen,20,4
108099,32,Fast Food,604,Bangalore,Dinner,45,Credit Card,Hotel Aryaas,0,4
108100,37,Biryani,317,Coimbatore,Dinner,29,Debit Card,Chinese Wok,30,4
108101,45,Biryani,464,Chennai,Dinner,45,UPI,Burger King,0,4
108102,59,South Indian,401,Bangalore,Lunch,30,UPI,SS Hyderabad Biryani,75,5
108103,31,Biryani,323,Coimbatore,Lunch,21,Debit Card,Anjappar,20,5
108104,20,Biryani,425,Madurai,Lunch,24,Credit Card,Anjappar,30,4
108105,45,Fast Food,596,Chennai,Breakfast,43,Cash on Delivery,Dominos,0,3
108106,37,Chinese,487,Bangalore,Dinner,39,UPI,SS Hyderabad Biryani,0,5
108107,26,Biryani,239,Coimbatore,Dinner,27,UPI,KFC,100,5
108108,34,Fast Food,332,Coimbatore,Lunch,36,UPI,Burger King,75,5
108109,42,Fast Food,248,Chennai,Breakfast,44,Credit Card,KFC,20,3
108110,43,Biryani,532,Chennai,Lunch,50,UPI,Dominos,0,4
108111,34,South Indian,793,Trichy,Lunch,36,UPI,Hotel Aryaas,30,4
108112,29,Biryani,462,Coimbatore,Evening,37,Credit Card,Saravana Bhavan,30,5
108113,58,Biryani,294,Madurai,Lunch,32,UPI,A2B,30,3
108114,39,South Indian,250,Salem,Lunch,34,UPI,Local Kitchen,75,4
108115,32,Fast Food,783,Bangalore,Late Night,40,Credit Card,Saravana Bhavan,50,4
108116,28,Biryani,313,Coimbatore,Lunch,23,Wallet,SS Hyderabad Biryani,30,3
108117,42,South Indian,350,Chennai,Dinner,41,UPI,Dominos,0,4
108118,27,North Indian,466,Salem,Dinner,30,UPI,Burger King,30,4
108119,25,Chinese,326,Madurai,Lunch,27,Credit Card,Local Kitchen,30,3
108120,35,Pizza,402,Bangalore,Dinner,27,UPI,A2B,30,5
108121,29,Pizza,540,Coimbatore,Dinner,53,UPI,SS Hyderabad Biryani,0,3
108122,38,North Indian,492,Trichy,Breakfast,47,Wallet,A2B,100,4
108123,24,Pizza,480,Madurai,Breakfast,25,Cash on Delivery,Local Kitchen,30,5
108124,39,South Indian,431,Coimbatore,Dinner,37,Debit Card,Saravana Bhavan,20,5
108125,28,Fast Food,474,Bangalore,Evening,36,UPI,Local Kitchen,50,5
108126,18,Biryani,642,Coimbatore,Evening,51,UPI,SS Hyderabad Biryani,0,3
108127,24,Chinese,300,Chennai,Lunch,30,Credit Card,SS Hyderabad Biryani,20,4
108128,55,North Indian,542,Trichy,Lunch,15,Debit Card,Local Kitchen,50,5
108129,49,South Indian,547,Chennai,Dinner,33,Debit Card,Saravana Bhavan,100,5
108130,27,Chinese,294,Bangalore,Dinner,31,UPI,Local Kitchen,20,5
108131,44,South Indian,638,Coimbatore,Dinner,39,Credit Card,Chinese Wok,30,4
108132,37,South Indian,373,Coimbatore,Lunch,43,UPI,Anjappar,20,4
108133,58,Fast Food,373,Coimbatore,Late Night,45,Cash on Delivery,Anjappar,30,5
108134,31,South Indian,370,Salem,Dinner,45,Credit Card,Local Kitchen,30,4
108135,40,Fast Food,816,Coimbatore,Dinner,40,UPI,A2B,50,3
108136,21,Chinese,435,Chennai,Breakfast,45,Cash on Delivery,A2B,50,5
108137,31,Pizza,403,Bangalore,Evening,20,Cash on Delivery,SS Hyderabad Biryani,0,5
108138,57,Pizza,446,Chennai,Dinner,31,Credit Card,Anjappar,0,5
108139,35,Fast Food,425,Chennai,Lunch,34,Debit Card,Dominos,50,5
108140,28,North Indian,413,Chennai,Dinner,39,UPI,Hotel Aryaas,0,5
108141,24,Fast Food,382,Chennai,Dinner,28,UPI,A2B,50,5
108142,41,Fast Food,746,Coimbatore,Lunch,27,Credit Card,Burger King,75,5
108143,39,Chinese,419,Coimbatore,Dinner,30,Cash on Delivery,Burger King,100,5
108144,31,Fast Food,344,Chennai,Lunch,38,Credit Card,Hotel Aryaas,75,4
108145,56,Biryani,702,Madurai,Dinner,15,Credit Card,Saravana Bhavan,30,5
108146,19,Fast Food,552,Chennai,Late Night,34,Debit Card,A2B,0,4
108147,29,Chinese,629,Salem,Late Night,27,Cash on Delivery,Chinese Wok,0,4
108148,54,Fast Food,343,Bangalore,Dinner,25,Debit Card,Dominos,75,4
108149,29,Chinese,449,Chennai,Dinner,37,UPI,Dominos,20,3
108150,28,Chinese,630,Salem,Dinner,35,Wallet,KFC,0,4
108151,35,Chinese,753,Coimbatore,Dinner,36,UPI,SS Hyderabad Biryani,20,5
108152,45,North Indian,470,Coimbatore,Breakfast,36,Credit Card,A2B,75,4
108153,23,South Indian,476,Coimbatore,Lunch,48,Cash on Delivery,Anjappar,30,4
108154,56,Biryani,536,Madurai,Dinner,46,Debit Card,KFC,30,5
108155,44,Fast Food,720,Coimbatore,Breakfast,20,Debit Card,SS Hyderabad Biryani,20,5
108156,26,South Indian,517,Chennai,Late Night,29,UPI,Local Kitchen,0,5
108157,41,Chinese,815,Chennai,Evening,30,Credit Card,KFC,75,5
108158,31,Biryani,532,Madurai,Lunch,19,Wallet,Dominos,0,5
108159,31,Fast Food,486,Chennai,Evening,61,UPI,Hotel Aryaas,100,3
108160,44,Pizza,454,Chennai,Dinner,35,UPI,Hotel Aryaas,75,5
108161,57,Chinese,457,Coimbatore,Late Night,22,UPI,A2B,0,5
108162,24,Chinese,673,Trichy,Lunch,45,UPI,Burger King,100,5
108163,32,Pizza,410,Chennai,Dinner,35,Credit Card,Hotel Aryaas,75,5
108164,34,Pizza,325,Chennai,Dinner,26,UPI,Dominos,75,5
108165,31,Chinese,379,Trichy,Dinner,41,Credit Card,KFC,75,4
108166,30,South Indian,652,Chennai,Dinner,43,UPI,Anjappar,100,5
108167,20,North Indian,343,Bangalore,Lunch,41,Credit Card,A2B,50,5
108168,40,South Indian,596,Salem,Dinner,39,UPI,Saravana Bhavan,30,4
108169,32,Biryani,379,Trichy,Lunch,27,Credit Card,SS Hyderabad Biryani,0,4
108170,26,Fast Food,312,Chennai,Breakfast,18,Debit Card,KFC,20,4
108171,45,Chinese,400,Coimbatore,Lunch,22,Debit Card,Burger King,30,5
108172,45,North Indian,643,Chennai,Lunch,29,Cash on Delivery,Chinese Wok,20,4
108173,34,Biryani,792,Salem,Dinner,17,Wallet,Chinese Wok,20,5
108174,29,Biryani,406,Salem,Lunch,52,Cash on Delivery,Burger King,0,5
108175,38,Pizza,612,Chennai,Dinner,24,Wallet,Burger King,100,4
108176,28,North Indian,368,Bangalore,Dinner,32,UPI,A2B,0,4
108177,27,Fast Food,196,Trichy,Late Night,35,Credit Card,Hotel Aryaas,0,4
108178,42,Fast Food,395,Chennai,Dinner,45,UPI,Dominos,30,5
108179,20,Chinese,678,Chennai,Late Night,39,Debit Card,Local Kitchen,30,5
108180,22,Fast Food,276,Chennai,Breakfast,36,Cash on Delivery,Dominos,30,5
108181,18,Pizza,346,Coimbatore,Dinner,57,UPI,A2B,20,5
108182,25,Biryani,667,Trichy,Breakfast,50,Credit Card,Dominos,100,5
108183,21,Biryani,512,Trichy,Dinner,38,Cash on Delivery,Anjappar,20,3
108184,60,Biryani,483,Chennai,Evening,37,Credit Card,Saravana Bhavan,20,5
108185,29,Fast Food,298,Chennai,Dinner,33,UPI,SS Hyderabad Biryani,100,5
108186,25,Biryani,362,Coimbatore,Lunch,41,UPI,Burger King,75,5
108187,27,Biryani,455,Madurai,Lunch,30,Debit Card,A2B,30,4
108188,55,Chinese,547,Bangalore,Dinner,27,UPI,Local Kitchen,20,5
108189,35,Biryani,964,Bangalore,Late Night,48,Credit Card,A2B,0,3
108190,30,North Indian,525,Bangalore,Lunch,26,Cash on Delivery,Anjappar,50,4
108191,50,Fast Food,490,Chennai,Late Night,34,UPI,KFC,50,4
108192,31,Chinese,525,Coimbatore,Lunch,30,Debit Card,Dominos,0,4
108193,30,Fast Food,267,Salem,Dinner,33,Debit Card,Anjappar,50,4
108194,26,Fast Food,576,Chennai,Late Night,36,UPI,Burger King,75,4
108195,31,South Indian,260,Bangalore,Lunch,34,Cash on Delivery,Saravana Bhavan,0,5
108196,29,South Indian,734,Coimbatore,Evening,25,UPI,Chinese Wok,20,5
108197,40,Pizza,328,Bangalore,Lunch,30,UPI,Anjappar,20,5
108198,29,Chinese,303,Bangalore,Evening,41,Cash on Delivery,Saravana Bhavan,75,4
108199,36,Chinese,292,Bangalore,Dinner,36,Debit Card,Chinese Wok,0,4
108200,21,South Indian,485,Trichy,Dinner,38,UPI,Burger King,0,4
108201,26,North Indian,442,Coimbatore,Late Night,43,UPI,SS Hyderabad Biryani,20,3
108202,32,Chinese,546,Bangalore,Lunch,39,UPI,Chinese Wok,75,5
108203,55,North Indian,438,Chennai,Dinner,28,Wallet,Saravana Bhavan,100,4
108204,31,Pizza,456,Madurai,Evening,37,UPI,Burger King,30,5
108205,39,Biryani,270,Chennai,Late Night,37,Cash on Delivery,Local Kitchen,0,4
108206,28,Fast Food,564,Trichy,Breakfast,18,UPI,Anjappar,75,5
108207,24,South Indian,549,Chennai,Late Night,17,Debit Card,SS Hyderabad Biryani,0,5
108208,21,Chinese,603,Chennai,Evening,38,Credit Card,A2B,20,4
108209,29,South Indian,455,Chennai,Dinner,28,UPI,A2B,50,5
108210,25,Pizza,493,Salem,Evening,29,UPI,KFC,0,5
108211,26,Fast Food,566,Coimbatore,Dinner,37,UPI,KFC,30,4
108212,43,Biryani,574,Chennai,Dinner,34,Credit Card,KFC,20,4
108213,18,Biryani,552,Chennai,Dinner,33,Wallet,Hotel Aryaas,100,5
108214,36,South Indian,613,Coimbatore,Dinner,49,Cash on Delivery,KFC,30,5
108215,31,Chinese,664,Chennai,Evening,31,UPI,Local Kitchen,75,4
108216,34,Fast Food,415,Bangalore,Breakfast,37,Cash on Delivery,A2B,0,5
108217,36,South Indian,462,Chennai,Dinner,28,UPI,SS Hyderabad Biryani,30,5
108218,29,Biryani,567,Bangalore,Lunch,44,Cash on Delivery,Anjappar,50,4
108219,29,Biryani,350,Chennai,Dinner,37,Debit Card,Hotel Aryaas,0,4
108220,42,Chinese,327,Coimbatore,Dinner,52,Wallet,Hotel Aryaas,75,5
108221,49,Fast Food,330,Bangalore,Evening,35,UPI,Anjappar,75,5
108222,26,Chinese,362,Chennai,Dinner,37,Debit Card,Hotel Aryaas,50,3
108223,23,Pizza,389,Coimbatore,Dinner,34,Debit Card,SS Hyderabad Biryani,30,5
108224,52,Pizza,543,Coimbatore,Dinner,50,Credit Card,A2B,50,4
108225,30,Biryani,455,Chennai,Dinner,38,Wallet,Anjappar,20,5
108226,35,South Indian,849,Bangalore,Lunch,33,UPI,KFC,0,4
108227,30,Chinese,912,Bangalore,Late Night,25,Wallet,Dominos,30,4
108228,24,Pizza,343,Bangalore,Evening,15,Cash on Delivery,Hotel Aryaas,30,5
108229,37,Pizza,980,Chennai,Dinner,35,Credit Card,Dominos,20,5
108230,35,Fast Food,584,Coimbatore,Lunch,31,UPI,Local Kitchen,0,4
108231,26,Biryani,331,Chennai,Breakfast,15,UPI,Saravana Bhavan,0,5
108232,33,South Indian,245,Bangalore,Dinner,30,Cash on Delivery,Burger King,100,5
108233,44,Chinese,319,Coimbatore,Lunch,24,Debit Card,Saravana Bhavan,100,5
108234,37,Fast Food,245,Coimbatore,Late Night,51,Wallet,Chinese Wok,20,4
108235,23,Biryani,456,Madurai,Lunch,33,UPI,Anjappar,0,5
108236,35,Chinese,558,Chennai,Breakfast,46,Cash on Delivery,Anjappar,20,4
108237,41,Fast Food,426,Salem,Breakfast,39,Cash on Delivery,Anjappar,75,4
108238,44,Biryani,369,Chennai,Lunch,44,Wallet,KFC,0,4
108239,38,Biryani,328,Madurai,Dinner,57,UPI,A2B,100,4
108240,25,Fast Food,706,Coimbatore,Evening,42,Credit Card,Local Kitchen,0,5
108241,41,South Indian,390,Trichy,Evening,66,UPI,Chinese Wok,30,4
108242,40,Fast Food,667,Chennai,Breakfast,40,Credit Card,Dominos,100,3
108243,19,Biryani,251,Coimbatore,Lunch,46,Debit Card,Local Kitchen,0,4
108244,32,Biryani,798,Coimbatore,Lunch,31,UPI,KFC,0,5
108245,30,Fast Food,492,Salem,Dinner,20,UPI,Hotel Aryaas,30,4
108246,40,Chinese,371,Salem,Dinner,15,Credit Card,KFC,50,5
108247,27,Biryani,338,Chennai,Dinner,43,UPI,Burger King,50,5
108248,37,South Indian,504,Bangalore,Late Night,29,UPI,Chinese Wok,30,5
108249,53,Biryani,463,Bangalore,Dinner,31,Credit Card,Chinese Wok,20,5
108250,44,Biryani,387,Chennai,Evening,30,Credit Card,Hotel Aryaas,50,5
108251,54,Biryani,176,Chennai,Evening,27,UPI,KFC,0,5
108252,59,Biryani,251,Salem,Late Night,51,Credit Card,A2B,0,4
108253,18,Chinese,171,Coimbatore,Dinner,25,UPI,Saravana Bhavan,50,5
108254,38,South Indian,448,Chennai,Lunch,39,UPI,SS Hyderabad Biryani,20,4
108255,32,Pizza,1068,Chennai,Dinner,39,Debit Card,KFC,0,5
108256,48,Biryani,455,Chennai,Late Night,19,Debit Card,Anjappar,75,5
108257,28,Biryani,288,Bangalore,Dinner,40,UPI,Local Kitchen,50,4
108258,59,Fast Food,280,Coimbatore,Lunch,23,UPI,SS Hyderabad Biryani,30,4
108259,38,Pizza,259,Coimbatore,Late Night,33,UPI,Local Kitchen,50,4
108260,44,Fast Food,578,Chennai,Late Night,30,UPI,Chinese Wok,50,5
108261,22,Fast Food,748,Coimbatore,Lunch,35,Credit Card,Local Kitchen,50,4
108262,26,Fast Food,304,Chennai,Dinner,40,Cash on Delivery,Saravana Bhavan,20,3
108263,43,Biryani,336,Trichy,Dinner,25,UPI,Hotel Aryaas,75,5
108264,19,North Indian,697,Chennai,Breakfast,28,UPI,Chinese Wok,20,5
108265,45,South Indian,548,Madurai,Dinner,18,UPI,KFC,20,4
108266,18,Pizza,263,Coimbatore,Lunch,23,Cash on Delivery,Saravana Bhavan,30,5
108267,39,Chinese,562,Coimbatore,Dinner,42,UPI,Hotel Aryaas,75,5
108268,30,South Indian,557,Coimbatore,Late Night,30,UPI,Chinese Wok,20,5
108269,37,Biryani,867,Madurai,Evening,43,UPI,Saravana Bhavan,30,4
108270,41,Chinese,421,Trichy,Evening,24,Credit Card,KFC,75,4
108271,30,Biryani,391,Coimbatore,Late Night,26,Cash on Delivery,SS Hyderabad Biryani,100,4
108272,23,Fast Food,274,Chennai,Late Night,45,UPI,Dominos,50,4
108273,21,Chinese,460,Madurai,Breakfast,36,UPI,Anjappar,20,5
108274,37,Pizza,381,Chennai,Late Night,19,UPI,Local Kitchen,0,5
108275,35,Chinese,538,Bangalore,Breakfast,28,UPI,Hotel Aryaas,50,4
108276,42,Chinese,563,Chennai,Lunch,43,Wallet,Burger King,50,5
108277,34,Biryani,471,Bangalore,Dinner,32,Credit Card,Local Kitchen,30,3
108278,32,Fast Food,764,Bangalore,Dinner,46,UPI,A2B,50,5
108279,31,Biryani,378,Chennai,Dinner,21,UPI,Dominos,0,5
108280,19,Chinese,366,Bangalore,Breakfast,46,Cash on Delivery,A2B,100,4
108281,30,North Indian,691,Coimbatore,Lunch,22,Debit Card,Local Kitchen,30,4
108282,58,Fast Food,516,Chennai,Late Night,36,Credit Card,Burger King,30,5
108283,50,Biryani,424,Coimbatore,Breakfast,43,Debit Card,Anjappar,30,4
108284,30,South Indian,720,Coimbatore,Breakfast,35,Debit Card,SS Hyderabad Biryani,30,4
108285,37,Pizza,426,Chennai,Dinner,40,UPI,Chinese Wok,50,3
108286,47,South Indian,367,Salem,Dinner,44,UPI,KFC,0,5
108287,32,Biryani,404,Bangalore,Evening,39,Wallet,Dominos,100,5
108288,18,North Indian,423,Chennai,Lunch,31,UPI,Local Kitchen,20,4
108289,21,Pizza,328,Trichy,Dinner,32,Credit Card,KFC,30,5
108290,34,Biryani,433,Coimbatore,Late Night,26,Wallet,A2B,0,4
108291,58,North Indian,462,Bangalore,Breakfast,22,UPI,Local Kitchen,30,5
108292,41,South Indian,588,Chennai,Dinner,47,Credit Card,Burger King,75,4
108293,21,Fast Food,687,Madurai,Lunch,40,Debit Card,A2B,20,5
108294,26,South Indian,691,Madurai,Dinner,48,UPI,Burger King,20,4
108295,43,Pizza,456,Bangalore,Lunch,40,UPI,Anjappar,30,4
108296,47,Chinese,353,Chennai,Dinner,30,UPI,Dominos,0,4
108297,38,Biryani,322,Chennai,Dinner,22,UPI,Saravana Bhavan,20,4
108298,39,North Indian,352,Coimbatore,Dinner,29,Credit Card,Burger King,50,5
108299,19,Biryani,269,Chennai,Dinner,41,Debit Card,Dominos,50,3
108300,46,Chinese,345,Coimbatore,Evening,27,Cash on Delivery,SS Hyderabad Biryani,30,5
108301,44,Chinese,1116,Madurai,Dinner,47,Credit Card,SS Hyderabad Biryani,30,4
108302,28,Biryani,724,Trichy,Evening,30,UPI,KFC,20,3
108303,41,Biryani,483,Coimbatore,Lunch,22,Cash on Delivery,Anjappar,100,4
108304,27,Pizza,407,Chennai,Evening,31,UPI,Dominos,100,4
108305,20,Fast Food,531,Trichy,Evening,36,Debit Card,Local Kitchen,0,3
108306,26,Chinese,319,Trichy,Evening,51,Debit Card,KFC,0,5
108307,26,South Indian,419,Coimbatore,Dinner,35,UPI,Chinese Wok,0,5
108308,30,Chinese,246,Chennai,Dinner,28,UPI,Saravana Bhavan,20,5
108309,32,South Indian,532,Madurai,Dinner,48,Credit Card,Burger King,50,4
108310,34,Fast Food,700,Madurai,Evening,45,Cash on Delivery,Hotel Aryaas,30,5
108311,33,Fast Food,354,Chennai,Lunch,33,Credit Card,Chinese Wok,0,5
108312,28,Pizza,305,Bangalore,Lunch,18,Debit Card,KFC,30,5
108313,19,South Indian,355,Bangalore,Dinner,28,Debit Card,Saravana Bhavan,30,5
108314,37,Biryani,185,Coimbatore,Breakfast,41,Credit Card,Local Kitchen,0,5
108315,31,North Indian,342,Madurai,Lunch,46,Credit Card,SS Hyderabad Biryani,0,5
108316,29,Pizza,368,Coimbatore,Breakfast,35,UPI,Anjappar,20,4
108317,49,Biryani,854,Bangalore,Evening,33,Cash on Delivery,SS Hyderabad Biryani,50,3
108318,43,North Indian,488,Bangalore,Dinner,29,Debit Card,Saravana Bhavan,0,5
108319,48,Chinese,336,Chennai,Breakfast,41,UPI,Dominos,0,4
108320,34,Biryani,392,Bangalore,Evening,24,UPI,Local Kitchen,75,4
108321,24,Fast Food,363,Madurai,Evening,29,UPI,SS Hyderabad Biryani,20,4
108322,41,Chinese,368,Salem,Dinner,48,UPI,Hotel Aryaas,0,4
108323,26,Pizza,534,Coimbatore,Dinner,44,UPI,Hotel Aryaas,75,5
108324,32,Fast Food,320,Chennai,Dinner,49,Debit Card,Saravana Bhavan,20,5
108325,21,Fast Food,300,Salem,Evening,27,Credit Card,Saravana Bhavan,20,5
108326,45,Fast Food,646,Bangalore,Lunch,21,Cash on Delivery,Saravana Bhavan,100,5
108327,24,South Indian,496,Salem,Dinner,49,UPI,Anjappar,50,3
108328,52,Biryani,210,Chennai,Lunch,41,Debit Card,Local Kitchen,75,4
108329,49,Biryani,474,Coimbatore,Evening,44,Cash on Delivery,Dominos,20,4
108330,33,Chinese,303,Chennai,Late Night,42,UPI,Chinese Wok,30,5
108331,42,Pizza,282,Trichy,Late Night,53,UPI,A2B,30,3
108332,38,South Indian,681,Trichy,Dinner,41,UPI,A2B,100,3
108333,45,Fast Food,335,Bangalore,Late Night,36,Debit Card,Hotel Aryaas,30,5
108334,32,South Indian,405,Chennai,Dinner,37,Cash on Delivery,KFC,50,4
108335,44,Fast Food,453,Chennai,Dinner,36,UPI,Anjappar,0,4
108336,33,North Indian,691,Bangalore,Lunch,50,Credit Card,Burger King,0,4
108337,55,Pizza,300,Bangalore,Late Night,47,Credit Card,Anjappar,0,3
108338,34,Biryani,505,Madurai,Dinner,50,UPI,Saravana Bhavan,30,5
108339,33,Fast Food,469,Coimbatore,Lunch,15,UPI,Dominos,75,5
108340,44,South Indian,517,Coimbatore,Evening,32,UPI,Dominos,75,5
108341,45,South Indian,486,Chennai,Breakfast,25,UPI,A2B,0,5
108342,35,South Indian,409,Bangalore,Late Night,53,UPI,Chinese Wok,50,4
108343,26,Pizza,450,Coimbatore,Dinner,27,Credit Card,SS Hyderabad Biryani,75,4
108344,33,Pizza,766,Salem,Lunch,40,Debit Card,Saravana Bhavan,75,5
108345,58,South Indian,505,Bangalore,Lunch,54,Cash on Delivery,A2B,0,4
108346,43,Pizza,488,Coimbatore,Late Night,38,UPI,Burger King,50,5
108347,45,Chinese,343,Chennai,Dinner,31,UPI,KFC,20,4
108348,19,Pizza,837,Trichy,Evening,36,UPI,KFC,50,5
108349,33,North Indian,490,Chennai,Evening,21,Cash on Delivery,Chinese Wok,30,4
108350,39,Fast Food,588,Coimbatore,Breakfast,19,Cash on Delivery,Saravana Bhavan,50,5
108351,46,Fast Food,301,Salem,Breakfast,40,UPI,Local Kitchen,20,4
108352,20,Pizza,377,Bangalore,Dinner,15,UPI,SS Hyderabad Biryani,0,5
108353,48,Pizza,335,Bangalore,Evening,34,Debit Card,A2B,100,5
108354,35,North Indian,545,Chennai,Evening,33,Credit Card,Dominos,50,5
108355,26,Biryani,269,Trichy,Dinner,54,Credit Card,Hotel Aryaas,100,4
108356,29,Chinese,549,Chennai,Breakfast,39,Credit Card,Local Kitchen,75,5
108357,28,Biryani,540,Chennai,Late Night,31,Debit Card,SS Hyderabad Biryani,0,5
108358,35,South Indian,238,Chennai,Lunch,44,UPI,Local Kitchen,50,4
108359,20,Biryani,531,Chennai,Breakfast,36,UPI,Saravana Bhavan,30,5
108360,25,Biryani,394,Salem,Lunch,23,UPI,KFC,20,5
108361,45,Biryani,850,Bangalore,Breakfast,37,Credit Card,Dominos,75,4
108362,24,Chinese,569,Bangalore,Lunch,36,Wallet,Local Kitchen,50,5
108363,27,Fast Food,390,Salem,Evening,35,UPI,Hotel Aryaas,0,5
108364,33,Biryani,465,Chennai,Dinner,39,Cash on Delivery,Hotel Aryaas,30,3
108365,34,Fast Food,610,Chennai,Lunch,45,Debit Card,A2B,50,3
108366,43,Biryani,251,Bangalore,Evening,38,UPI,Anjappar,0,3
108367,33,North Indian,442,Bangalore,Late Night,21,Debit Card,Anjappar,100,4
108368,44,Fast Food,599,Coimbatore,Lunch,19,UPI,Burger King,30,5
108369,38,Fast Food,408,Chennai,Dinner,30,UPI,KFC,75,4
108370,23,Pizza,530,Coimbatore,Lunch,30,UPI,Saravana Bhavan,30,5
108371,25,Chinese,433,Coimbatore,Lunch,38,UPI,Hotel Aryaas,20,5
108372,32,Chinese,243,Chennai,Evening,47,Debit Card,Dominos,75,4
108373,31,Chinese,550,Chennai,Lunch,50,Cash on Delivery,Dominos,20,4
108374,42,North Indian,684,Coimbatore,Late Night,28,Credit Card,Local Kitchen,30,4
108375,36,Biryani,294,Coimbatore,Breakfast,16,Credit Card,Chinese Wok,30,4
108376,31,North Indian,467,Coimbatore,Dinner,35,Debit Card,Chinese Wok,0,5
108377,25,Pizza,312,Salem,Dinner,45,Debit Card,Saravana Bhavan,20,4
108378,27,South Indian,296,Salem,Breakfast,30,UPI,KFC,20,3
108379,36,Chinese,364,Bangalore,Dinner,35,UPI,Saravana Bhavan,0,5
108380,32,Chinese,540,Salem,Evening,32,UPI,Burger King,0,4
108381,34,Biryani,355,Salem,Dinner,50,Debit Card,Hotel Aryaas,30,4
108382,25,Biryani,338,Coimbatore,Dinner,57,Debit Card,KFC,20,4
108383,39,North Indian,388,Coimbatore,Lunch,41,UPI,A2B,30,3
108384,48,South Indian,407,Salem,Evening,41,Credit Card,SS Hyderabad Biryani,30,3
108385,28,Fast Food,445,Bangalore,Lunch,20,UPI,Hotel Aryaas,50,4
108386,34,Pizza,815,Chennai,Lunch,30,Cash on Delivery,Anjappar,75,5
108387,58,South Indian,899,Madurai,Breakfast,43,Debit Card,Chinese Wok,0,4
108388,30,Biryani,452,Chennai,Late Night,38,Debit Card,Saravana Bhavan,20,5
108389,37,Chinese,548,Coimbatore,Evening,39,Debit Card,Anjappar,30,3
108390,22,Chinese,234,Chennai,Breakfast,17,Credit Card,KFC,50,5
108391,37,Biryani,678,Chennai,Breakfast,15,UPI,Anjappar,20,4
108392,22,North Indian,478,Chennai,Lunch,54,Debit Card,Local Kitchen,20,5
108393,57,Fast Food,246,Trichy,Breakfast,33,Debit Card,Burger King,50,4
108394,41,South Indian,620,Coimbatore,Evening,17,UPI,Saravana Bhavan,50,4
108395,44,Biryani,335,Chennai,Breakfast,33,Cash on Delivery,Anjappar,50,4
108396,41,South Indian,538,Chennai,Breakfast,20,UPI,Chinese Wok,30,4
108397,37,Fast Food,572,Bangalore,Dinner,22,UPI,Local Kitchen,0,5
108398,33,Fast Food,986,Salem,Late Night,27,UPI,Anjappar,30,4
108399,48,Pizza,453,Chennai,Evening,20,Wallet,Burger King,20,4
108400,57,Biryani,516,Chennai,Dinner,15,UPI,Dominos,100,5
108401,34,Pizza,474,Coimbatore,Breakfast,42,Wallet,Local Kitchen,30,3
108402,55,South Indian,364,Bangalore,Dinner,28,Credit Card,Local Kitchen,20,4
108403,36,North Indian,655,Coimbatore,Breakfast,44,UPI,Saravana Bhavan,50,4
108404,35,South Indian,462,Coimbatore,Dinner,34,Credit Card,KFC,100,5
108405,33,Biryani,507,Coimbatore,Dinner,16,Cash on Delivery,Saravana Bhavan,30,5
108406,26,Biryani,730,Coimbatore,Dinner,34,Credit Card,Local Kitchen,20,4
108407,18,Pizza,513,Salem,Dinner,48,UPI,Chinese Wok,30,3
108408,27,Pizza,651,Chennai,Dinner,33,UPI,SS Hyderabad Biryani,50,5
108409,34,Fast Food,261,Chennai,Lunch,27,UPI,A2B,50,5
108410,31,South Indian,376,Trichy,Dinner,20,UPI,Hotel Aryaas,50,5
108411,33,South Indian,617,Trichy,Evening,28,UPI,SS Hyderabad Biryani,30,5
108412,59,North Indian,428,Chennai,Breakfast,22,Debit Card,KFC,100,5
108413,30,North Indian,992,Salem,Evening,29,UPI,Local Kitchen,20,5
108414,33,North Indian,374,Madurai,Dinner,15,UPI,Saravana Bhavan,0,5
108415,24,Pizza,945,Chennai,Breakfast,22,UPI,Anjappar,0,5
108416,20,North Indian,294,Coimbatore,Dinner,40,Wallet,SS Hyderabad Biryani,0,5
108417,44,Biryani,242,Coimbatore,Dinner,35,Credit Card,Hotel Aryaas,0,4
108418,36,Pizza,293,Chennai,Lunch,31,Cash on Delivery,SS Hyderabad Biryani,0,4
108419,43,Chinese,653,Coimbatore,Evening,21,UPI,Local Kitchen,20,5
108420,25,North Indian,262,Bangalore,Late Night,50,UPI,KFC,0,4
108421,36,South Indian,311,Trichy,Dinner,56,Cash on Delivery,Dominos,20,3
108422,28,Biryani,358,Coimbatore,Evening,22,Debit Card,KFC,0,4
108423,27,South Indian,789,Coimbatore,Lunch,43,UPI,Anjappar,0,5
108424,18,Chinese,562,Coimbatore,Lunch,22,Credit Card,KFC,30,5
108425,24,Fast Food,432,Bangalore,Breakfast,39,UPI,KFC,0,5
108426,29,Fast Food,212,Madurai,Lunch,15,UPI,Saravana Bhavan,0,5
108427,24,South Indian,494,Coimbatore,Late Night,28,Cash on Delivery,Anjappar,0,5
108428,59,Fast Food,271,Bangalore,Late Night,36,Wallet,Dominos,75,4
108429,29,Fast Food,514,Coimbatore,Dinner,38,UPI,Local Kitchen,30,5
108430,24,Biryani,575,Madurai,Evening,24,Credit Card,Anjappar,30,5
108431,26,North Indian,509,Chennai,Lunch,40,Debit Card,Burger King,20,3
108432,37,Chinese,660,Chennai,Dinner,33,Debit Card,Hotel Aryaas,30,5
108433,21,Biryani,357,Coimbatore,Dinner,19,Credit Card,Dominos,50,4
108434,49,Pizza,675,Trichy,Evening,23,Credit Card,Local Kitchen,30,5
108435,57,Chinese,374,Bangalore,Dinner,50,Debit Card,KFC,30,4
108436,27,Biryani,304,Salem,Dinner,36,UPI,Burger King,20,4
108437,33,Fast Food,366,Chennai,Dinner,30,Credit Card,Anjappar,30,4
108438,19,South Indian,451,Coimbatore,Evening,19,Credit Card,Dominos,75,4
108439,39,South Indian,292,Coimbatore,Dinner,28,UPI,Saravana Bhavan,0,4
108440,32,Pizza,431,Bangalore,Breakfast,36,UPI,Hotel Aryaas,75,4
108441,28,South Indian,518,Trichy,Dinner,38,Credit Card,Chinese Wok,30,4
108442,26,Biryani,354,Trichy,Lunch,35,UPI,Chinese Wok,100,4
108443,39,North Indian,643,Bangalore,Lunch,27,Cash on Delivery,Chinese Wok,20,5
108444,32,Fast Food,426,Bangalore,Breakfast,15,UPI,Saravana Bhavan,0,5
108445,26,Chinese,240,Salem,Lunch,33,Debit Card,Hotel Aryaas,0,4
108446,40,Biryani,421,Coimbatore,Late Night,34,Cash on Delivery,Hotel Aryaas,0,4
108447,36,Fast Food,264,Trichy,Evening,25,Wallet,KFC,20,4
108448,48,South Indian,259,Salem,Late Night,32,Credit Card,Anjappar,20,4
108449,24,Biryani,323,Coimbatore,Lunch,35,UPI,Anjappar,30,4
108450,44,South Indian,609,Madurai,Lunch,37,Debit Card,Burger King,0,5
108451,40,Biryani,497,Coimbatore,Dinner,42,UPI,Chinese Wok,50,4
108452,23,South Indian,234,Chennai,Lunch,15,UPI,KFC,20,5
108453,41,Chinese,626,Bangalore,Dinner,39,Cash on Delivery,Anjappar,75,4
108454,32,Biryani,748,Chennai,Evening,18,UPI,SS Hyderabad Biryani,0,5
108455,56,Pizza,478,Coimbatore,Dinner,23,Credit Card,Chinese Wok,50,5
108456,25,Biryani,345,Trichy,Evening,45,Debit Card,Chinese Wok,0,4
108457,39,Fast Food,394,Chennai,Dinner,22,UPI,Saravana Bhavan,0,5
108458,31,Chinese,531,Chennai,Lunch,43,Cash on Delivery,Hotel Aryaas,0,5
108459,57,South Indian,175,Bangalore,Dinner,28,UPI,KFC,75,5
108460,30,South Indian,392,Coimbatore,Dinner,49,UPI,Burger King,30,3
108461,57,Biryani,269,Coimbatore,Evening,20,UPI,Chinese Wok,20,5
108462,52,Pizza,486,Coimbatore,Lunch,33,Credit Card,KFC,30,5
108463,28,South Indian,301,Chennai,Dinner,15,Credit Card,Hotel Aryaas,20,5
108464,45,Biryani,825,Chennai,Late Night,35,Wallet,Burger King,75,5
108465,60,Fast Food,522,Trichy,Lunch,17,Debit Card,SS Hyderabad Biryani,50,3
108466,28,Pizza,503,Chennai,Dinner,31,Debit Card,SS Hyderabad Biryani,30,3
108467,32,South Indian,414,Coimbatore,Dinner,25,UPI,Anjappar,0,5
108468,35,Biryani,331,Salem,Evening,52,Debit Card,Chinese Wok,30,5
108469,29,Fast Food,275,Trichy,Late Night,29,Credit Card,Anjappar,20,5
108470,18,Fast Food,540,Chennai,Dinner,51,UPI,Hotel Aryaas,30,4
108471,27,South Indian,277,Bangalore,Dinner,24,Debit Card,Burger King,0,5
108472,28,Pizza,405,Madurai,Evening,15,Wallet,Dominos,50,5
108473,33,South Indian,379,Madurai,Lunch,42,UPI,A2B,0,4
108474,25,South Indian,633,Madurai,Dinner,22,Debit Card,KFC,100,5
108475,50,North Indian,567,Coimbatore,Late Night,45,Cash on Delivery,A2B,75,5
108476,41,South Indian,712,Chennai,Dinner,33,UPI,Hotel Aryaas,0,5
108477,22,South Indian,316,Coimbatore,Lunch,40,UPI,Dominos,30,5
108478,39,Fast Food,395,Bangalore,Lunch,43,Debit Card,Saravana Bhavan,30,5
108479,39,South Indian,597,Bangalore,Evening,56,Wallet,Burger King,75,4
108480,57,South Indian,511,Chennai,Dinner,45,Wallet,Burger King,50,5
108481,18,Fast Food,367,Chennai,Lunch,36,UPI,KFC,20,5
108482,27,North Indian,1025,Salem,Lunch,43,Cash on Delivery,Anjappar,20,3
108483,54,Pizza,718,Chennai,Dinner,42,Credit Card,Burger King,0,3
108484,55,Chinese,521,Coimbatore,Dinner,39,UPI,Dominos,30,4
108485,42,South Indian,241,Madurai,Dinner,54,Cash on Delivery,Burger King,50,4
108486,43,South Indian,460,Coimbatore,Late Night,32,Debit Card,Local Kitchen,20,5
108487,22,Biryani,406,Chennai,Lunch,36,Credit Card,A2B,100,4
108488,34,Fast Food,599,Coimbatore,Dinner,28,UPI,KFC,0,3
108489,27,Pizza,316,Bangalore,Dinner,62,Credit Card,Anjappar,75,4
108490,26,South Indian,387,Coimbatore,Late Night,31,UPI,Local Kitchen,0,5
108491,45,Pizza,616,Salem,Lunch,38,Debit Card,Hotel Aryaas,75,5
108492,25,Biryani,538,Coimbatore,Lunch,24,Cash on Delivery,KFC,20,4
108493,33,South Indian,284,Bangalore,Dinner,30,UPI,Hotel Aryaas,0,3
108494,55,Chinese,652,Chennai,Late Night,44,Cash on Delivery,Saravana Bhavan,100,5
108495,26,South Indian,465,Coimbatore,Dinner,33,UPI,Chinese Wok,50,5
108496,59,Pizza,388,Madurai,Dinner,46,UPI,Anjappar,30,5
108497,60,North Indian,293,Chennai,Evening,42,UPI,Saravana Bhavan,20,3
108498,35,Biryani,716,Bangalore,Dinner,33,Credit Card,Chinese Wok,20,5
108499,25,Biryani,393,Chennai,Dinner,25,Credit Card,Dominos,30,5
108500,29,Biryani,577,Chennai,Dinner,37,UPI,A2B,20,5
108501,32,Chinese,797,Bangalore,Dinner,37,Debit Card,Dominos,30,5
108502,29,Fast Food,577,Bangalore,Breakfast,34,Credit Card,Saravana Bhavan,30,4
108503,28,Chinese,472,Chennai,Dinner,37,Wallet,SS Hyderabad Biryani,30,4
108504,58,Fast Food,505,Salem,Evening,27,UPI,KFC,100,5
108505,25,Chinese,174,Chennai,Late Night,41,Debit Card,SS Hyderabad Biryani,100,4
108506,42,Pizza,526,Chennai,Dinner,38,UPI,Saravana Bhavan,75,3
108507,18,South Indian,446,Chennai,Dinner,26,UPI,Burger King,20,5
108508,37,South Indian,507,Chennai,Late Night,29,UPI,A2B,0,5
108509,53,Biryani,276,Chennai,Breakfast,33,UPI,Local Kitchen,30,4
108510,28,Fast Food,771,Madurai,Lunch,29,UPI,SS Hyderabad Biryani,100,5
108511,26,South Indian,282,Coimbatore,Dinner,26,UPI,Anjappar,30,3
108512,39,South Indian,327,Coimbatore,Lunch,44,UPI,KFC,0,5
108513,41,North Indian,572,Salem,Lunch,43,Debit Card,Burger King,75,4
108514,40,North Indian,384,Coimbatore,Dinner,40,Credit Card,SS Hyderabad Biryani,50,4
108515,29,Pizza,397,Chennai,Dinner,22,UPI,A2B,0,5
108516,28,Fast Food,384,Chennai,Lunch,53,UPI,Hotel Aryaas,30,3
108517,57,Chinese,364,Chennai,Lunch,37,UPI,A2B,0,4
108518,54,Fast Food,594,Coimbatore,Breakfast,33,Credit Card,SS Hyderabad Biryani,20,5
108519,33,Fast Food,907,Coimbatore,Dinner,42,Wallet,SS Hyderabad Biryani,0,4
108520,47,Fast Food,458,Bangalore,Lunch,33,Credit Card,Chinese Wok,30,4
108521,33,Biryani,439,Bangalore,Dinner,15,UPI,Dominos,20,5
108522,32,Fast Food,337,Madurai,Dinner,37,UPI,Burger King,0,5
108523,25,South Indian,514,Madurai,Breakfast,45,UPI,Local Kitchen,0,4
108524,32,North Indian,424,Chennai,Lunch,38,Credit Card,A2B,30,4
108525,35,Fast Food,645,Chennai,Dinner,15,Debit Card,Chinese Wok,30,5
108526,19,North Indian,296,Bangalore,Lunch,43,Credit Card,Dominos,0,4
108527,33,Fast Food,413,Chennai,Evening,37,Credit Card,Saravana Bhavan,0,4
108528,44,Biryani,582,Chennai,Late Night,37,Cash on Delivery,Dominos,0,4
108529,40,South Indian,557,Bangalore,Evening,19,UPI,Anjappar,20,5
108530,38,Chinese,458,Coimbatore,Lunch,28,UPI,Local Kitchen,30,3
108531,53,Biryani,362,Madurai,Dinner,23,Cash on Delivery,Anjappar,75,5
108532,18,Fast Food,360,Coimbatore,Lunch,43,Credit Card,Anjappar,0,3
108533,35,South Indian,563,Salem,Breakfast,39,Credit Card,KFC,0,4
108534,44,Fast Food,640,Madurai,Lunch,28,Cash on Delivery,Saravana Bhavan,75,5
108535,35,Chinese,662,Chennai,Late Night,27,Wallet,Local Kitchen,30,5
108536,29,South Indian,416,Bangalore,Late Night,31,Credit Card,KFC,50,5
108537,25,Biryani,376,Bangalore,Lunch,37,Cash on Delivery,Hotel Aryaas,20,5
108538,51,North Indian,507,Madurai,Dinner,43,Credit Card,Saravana Bhavan,75,4
108539,33,Fast Food,425,Coimbatore,Lunch,25,UPI,KFC,20,4
108540,50,Chinese,382,Coimbatore,Dinner,38,Wallet,Hotel Aryaas,75,5
108541,37,Pizza,409,Coimbatore,Lunch,30,Cash on Delivery,KFC,20,5
108542,40,North Indian,551,Chennai,Breakfast,15,Debit Card,Local Kitchen,75,5
108543,45,South Indian,382,Salem,Dinner,29,UPI,Burger King,0,5
108544,39,South Indian,379,Coimbatore,Lunch,38,Wallet,Burger King,50,4
108545,31,Fast Food,432,Chennai,Lunch,26,Credit Card,Hotel Aryaas,0,5
108546,34,Chinese,325,Chennai,Dinner,37,Debit Card,Dominos,75,3
108547,45,South Indian,536,Trichy,Dinner,41,UPI,Local Kitchen,100,5
108548,31,South Indian,333,Bangalore,Dinner,46,UPI,Anjappar,20,4
108549,31,Pizza,437,Madurai,Late Night,23,UPI,A2B,30,4
108550,22,Biryani,474,Trichy,Evening,46,Credit Card,Local Kitchen,20,4
108551,53,Pizza,174,Trichy,Lunch,34,Debit Card,SS Hyderabad Biryani,30,5
108552,22,Pizza,404,Bangalore,Breakfast,18,UPI,Burger King,20,5
108553,39,South Indian,535,Chennai,Lunch,32,Debit Card,SS Hyderabad Biryani,75,5
108554,32,South Indian,288,Chennai,Breakfast,31,Cash on Delivery,Dominos,0,4
108555,32,Fast Food,441,Bangalore,Dinner,29,Cash on Delivery,A2B,50,4
108556,40,North Indian,398,Coimbatore,Breakfast,22,Credit Card,KFC,0,5
108557,21,Biryani,357,Bangalore,Evening,36,Debit Card,Saravana Bhavan,100,4
108558,37,South Indian,343,Coimbatore,Lunch,33,Cash on Delivery,Saravana Bhavan,0,4
108559,43,Chinese,402,Bangalore,Evening,28,Credit Card,Local Kitchen,50,4
108560,46,North Indian,670,Chennai,Dinner,24,Cash on Delivery,KFC,50,5
108561,25,Pizza,512,Chennai,Evening,16,UPI,Saravana Bhavan,75,5
108562,52,Chinese,435,Madurai,Lunch,49,Credit Card,SS Hyderabad Biryani,0,3
108563,39,Biryani,586,Chennai,Late Night,31,UPI,SS Hyderabad Biryani,20,4
108564,50,Fast Food,491,Bangalore,Dinner,42,Cash on Delivery,KFC,0,4
108565,34,Biryani,607,Bangalore,Evening,45,UPI,Chinese Wok,20,5
108566,35,Pizza,363,Salem,Dinner,44,UPI,Saravana Bhavan,30,4
108567,53,Chinese,417,Trichy,Dinner,41,UPI,Saravana Bhavan,100,4
108568,52,Chinese,714,Coimbatore,Breakfast,36,UPI,Chinese Wok,20,4
108569,33,Chinese,263,Bangalore,Breakfast,17,Cash on Delivery,Hotel Aryaas,20,4
108570,28,South Indian,573,Chennai,Dinner,50,Wallet,KFC,20,3
108571,31,Biryani,466,Coimbatore,Evening,23,Cash on Delivery,Burger King,0,4
108572,31,Fast Food,400,Madurai,Breakfast,49,UPI,A2B,50,5
108573,28,Biryani,1037,Bangalore,Lunch,31,UPI,Dominos,0,4
108574,28,Chinese,291,Coimbatore,Lunch,44,UPI,SS Hyderabad Biryani,75,5
108575,48,Biryani,227,Chennai,Late Night,43,Debit Card,Hotel Aryaas,20,3
108576,21,Chinese,554,Trichy,Lunch,38,UPI,A2B,75,5
108577,40,Chinese,281,Chennai,Lunch,38,Cash on Delivery,Chinese Wok,50,5
108578,25,South Indian,509,Trichy,Dinner,32,Cash on Delivery,Dominos,50,5
108579,30,Biryani,464,Bangalore,Evening,34,UPI,SS Hyderabad Biryani,20,4
108580,21,Fast Food,224,Coimbatore,Dinner,34,Debit Card,Anjappar,75,4
108581,28,Fast Food,746,Chennai,Evening,36,UPI,Hotel Aryaas,30,3
108582,43,Chinese,348,Chennai,Evening,33,UPI,Saravana Bhavan,0,5
108583,51,Biryani,465,Trichy,Dinner,21,Credit Card,KFC,75,5
108584,27,Pizza,906,Trichy,Lunch,30,Cash on Delivery,KFC,20,4
108585,33,Pizza,828,Bangalore,Evening,38,Cash on Delivery,Dominos,75,4
108586,33,Biryani,873,Coimbatore,Late Night,33,UPI,SS Hyderabad Biryani,30,4
108587,50,Chinese,498,Bangalore,Lunch,34,UPI,Anjappar,0,5
108588,43,Chinese,531,Coimbatore,Lunch,28,Credit Card,Chinese Wok,50,5
108589,34,Chinese,342,Bangalore,Lunch,40,UPI,Dominos,0,5
108590,40,Biryani,362,Coimbatore,Breakfast,40,UPI,Chinese Wok,0,4
108591,47,Biryani,654,Trichy,Lunch,15,Debit Card,Anjappar,20,5
108592,18,Fast Food,678,Madurai,Breakfast,18,Debit Card,A2B,30,5
108593,31,Fast Food,337,Coimbatore,Lunch,32,Debit Card,Anjappar,20,4
108594,52,Pizza,378,Trichy,Evening,39,Cash on Delivery,Local Kitchen,20,5
108595,42,Chinese,583,Coimbatore,Breakfast,37,Credit Card,Local Kitchen,20,5
108596,35,North Indian,274,Chennai,Dinner,33,Debit Card,SS Hyderabad Biryani,0,4
108597,35,Biryani,555,Chennai,Dinner,42,UPI,Chinese Wok,50,5
108598,30,Biryani,348,Madurai,Evening,40,Wallet,Saravana Bhavan,0,4
108599,35,Chinese,587,Trichy,Late Night,32,Cash on Delivery,Anjappar,20,5
108600,39,Fast Food,685,Trichy,Dinner,33,Cash on Delivery,Dominos,100,5
108601,32,Fast Food,378,Bangalore,Dinner,21,Credit Card,A2B,100,5
108602,41,South Indian,416,Chennai,Lunch,35,Credit Card,Anjappar,50,4
108603,48,Biryani,722,Chennai,Dinner,40,UPI,Chinese Wok,75,4
108604,25,Chinese,792,Coimbatore,Late Night,27,UPI,Hotel Aryaas,50,5
108605,33,Fast Food,413,Trichy,Lunch,34,UPI,Saravana Bhavan,75,5
108606,32,Chinese,511,Salem,Dinner,37,UPI,KFC,0,4
108607,40,Pizza,347,Chennai,Dinner,43,Credit Card,Burger King,30,4
108608,27,Biryani,297,Madurai,Lunch,31,UPI,Saravana Bhavan,20,5
108609,39,North Indian,344,Bangalore,Evening,25,UPI,Burger King,0,5
108610,50,South Indian,464,Chennai,Breakfast,31,UPI,Chinese Wok,0,5
108611,32,North Indian,419,Bangalore,Lunch,37,Credit Card,SS Hyderabad Biryani,20,4
108612,53,Biryani,289,Trichy,Breakfast,36,Debit Card,Hotel Aryaas,50,4
108613,60,South Indian,206,Chennai,Dinner,19,UPI,Hotel Aryaas,20,4
108614,23,Fast Food,305,Trichy,Dinner,31,UPI,Anjappar,0,5
108615,27,Pizza,589,Chennai,Late Night,24,Debit Card,A2B,0,4
108616,56,South Indian,604,Chennai,Dinner,34,UPI,Burger King,20,5
108617,57,South Indian,657,Chennai,Lunch,38,Cash on Delivery,Hotel Aryaas,50,4
108618,23,North Indian,500,Trichy,Breakfast,44,Credit Card,Hotel Aryaas,30,4
108619,18,Fast Food,884,Coimbatore,Dinner,47,UPI,Burger King,75,4
108620,25,Biryani,420,Madurai,Evening,39,Cash on Delivery,Saravana Bhavan,30,4
108621,60,South Indian,444,Bangalore,Dinner,30,UPI,SS Hyderabad Biryani,0,5
108622,26,Chinese,434,Coimbatore,Breakfast,29,Credit Card,Hotel Aryaas,20,5
108623,34,South Indian,361,Trichy,Evening,39,Credit Card,Local Kitchen,20,5
108624,47,South Indian,504,Coimbatore,Lunch,42,UPI,SS Hyderabad Biryani,75,3
108625,19,North Indian,243,Trichy,Breakfast,22,Credit Card,Local Kitchen,50,5
108626,37,Chinese,564,Chennai,Dinner,58,Debit Card,SS Hyderabad Biryani,20,4
108627,28,Biryani,623,Bangalore,Evening,38,Cash on Delivery,Dominos,50,4
108628,49,Biryani,634,Madurai,Lunch,42,Debit Card,Anjappar,75,5
108629,28,North Indian,321,Trichy,Dinner,39,Credit Card,Hotel Aryaas,0,5
108630,40,Chinese,349,Chennai,Evening,24,Cash on Delivery,Local Kitchen,50,4
108631,40,North Indian,515,Bangalore,Breakfast,30,UPI,Anjappar,50,4
108632,27,Fast Food,395,Coimbatore,Late Night,26,Cash on Delivery,Chinese Wok,20,5
108633,19,Chinese,623,Coimbatore,Lunch,17,Cash on Delivery,Anjappar,100,5
108634,32,Chinese,437,Chennai,Dinner,22,Credit Card,Dominos,75,5
108635,29,Fast Food,371,Chennai,Dinner,52,UPI,SS Hyderabad Biryani,20,5
108636,45,South Indian,404,Trichy,Lunch,32,Credit Card,Dominos,20,5
108637,45,Chinese,524,Madurai,Evening,43,Cash on Delivery,Chinese Wok,75,5
108638,33,South Indian,315,Coimbatore,Breakfast,28,Credit Card,KFC,75,3
108639,37,Pizza,896,Trichy,Evening,27,Cash on Delivery,Local Kitchen,75,5
108640,37,Pizza,623,Chennai,Dinner,49,UPI,Saravana Bhavan,100,4
108641,46,Pizza,378,Bangalore,Lunch,32,UPI,KFC,0,5
108642,32,Pizza,360,Trichy,Lunch,32,UPI,Hotel Aryaas,0,5
108643,28,South Indian,336,Trichy,Evening,37,Credit Card,Saravana Bhavan,20,5
108644,28,Fast Food,442,Coimbatore,Dinner,40,UPI,Dominos,75,4
108645,35,Pizza,301,Madurai,Dinner,29,Cash on Delivery,Hotel Aryaas,30,5
108646,33,South Indian,437,Coimbatore,Dinner,15,UPI,KFC,100,5
108647,32,Fast Food,409,Trichy,Dinner,46,Credit Card,Saravana Bhavan,0,5
108648,22,South Indian,282,Bangalore,Dinner,38,UPI,Hotel Aryaas,50,4
108649,41,Biryani,390,Madurai,Lunch,25,Wallet,Saravana Bhavan,20,5
108650,27,Chinese,353,Chennai,Dinner,32,Debit Card,Local Kitchen,50,5
108651,26,Fast Food,464,Bangalore,Evening,47,UPI,Burger King,20,3
108652,32,Fast Food,278,Bangalore,Late Night,50,Credit Card,Anjappar,20,4
108653,27,North Indian,269,Bangalore,Evening,31,Debit Card,SS Hyderabad Biryani,75,5
108654,36,Pizza,390,Madurai,Late Night,49,UPI,Anjappar,20,4
108655,31,Pizza,454,Salem,Dinner,34,Debit Card,KFC,0,4
108656,33,Chinese,418,Madurai,Dinner,27,UPI,A2B,0,5
108657,35,Pizza,375,Chennai,Evening,29,UPI,Dominos,0,5
108658,26,Chinese,476,Trichy,Evening,52,Credit Card,Burger King,30,4
108659,25,South Indian,306,Chennai,Evening,40,Wallet,Chinese Wok,0,5
108660,50,North Indian,280,Bangalore,Lunch,25,Wallet,Hotel Aryaas,0,4
108661,32,Biryani,264,Trichy,Late Night,44,Cash on Delivery,Local Kitchen,30,4
108662,32,North Indian,499,Chennai,Dinner,45,UPI,Dominos,50,4
108663,19,Fast Food,868,Trichy,Dinner,30,Cash on Delivery,SS Hyderabad Biryani,50,5
108664,34,South Indian,329,Madurai,Evening,39,Debit Card,Local Kitchen,75,4
108665,35,Biryani,288,Bangalore,Breakfast,48,Credit Card,Dominos,30,3
108666,36,South Indian,580,Coimbatore,Dinner,22,UPI,Dominos,0,4
108667,41,South Indian,622,Coimbatore,Evening,16,Debit Card,Burger King,75,4
108668,26,North Indian,357,Salem,Dinner,27,UPI,Anjappar,0,5
108669,28,North Indian,412,Chennai,Dinner,16,Debit Card,Saravana Bhavan,50,5
108670,45,North Indian,458,Bangalore,Lunch,22,Debit Card,A2B,50,5
108671,56,Fast Food,834,Chennai,Dinner,45,Credit Card,SS Hyderabad Biryani,0,4
108672,25,North Indian,294,Chennai,Dinner,26,Cash on Delivery,Local Kitchen,0,4
108673,34,South Indian,322,Madurai,Dinner,33,UPI,A2B,0,5
108674,27,Pizza,397,Coimbatore,Evening,41,Credit Card,Burger King,50,4
108675,21,Biryani,158,Salem,Lunch,46,Debit Card,Hotel Aryaas,75,5
108676,29,South Indian,510,Bangalore,Lunch,37,Debit Card,Chinese Wok,20,4
108677,25,North Indian,509,Bangalore,Dinner,15,Credit Card,Local Kitchen,30,5
108678,41,North Indian,314,Chennai,Breakfast,33,UPI,Local Kitchen,0,5
108679,35,Chinese,450,Salem,Dinner,42,UPI,Dominos,0,3
108680,25,Pizza,508,Chennai,Evening,36,Debit Card,SS Hyderabad Biryani,30,4
108681,18,Biryani,427,Bangalore,Late Night,39,UPI,Anjappar,0,3
108682,45,Chinese,267,Coimbatore,Late Night,27,Debit Card,A2B,0,4
108683,26,South Indian,650,Coimbatore,Dinner,35,UPI,Hotel Aryaas,75,5
108684,37,Biryani,356,Bangalore,Evening,41,Debit Card,Local Kitchen,0,5
108685,30,Biryani,539,Bangalore,Evening,48,UPI,Anjappar,50,4
108686,37,Biryani,550,Chennai,Lunch,28,UPI,SS Hyderabad Biryani,20,5
108687,29,Chinese,492,Coimbatore,Breakfast,27,Debit Card,Hotel Aryaas,50,5
108688,22,Biryani,332,Madurai,Dinner,50,Debit Card,Dominos,20,5
108689,27,South Indian,451,Coimbatore,Dinner,31,UPI,Local Kitchen,30,5
108690,26,Fast Food,355,Chennai,Lunch,36,UPI,A2B,50,3
108691,32,South Indian,756,Coimbatore,Evening,37,Credit Card,Anjappar,0,5
108692,39,Chinese,203,Chennai,Dinner,34,Credit Card,KFC,75,4
108693,28,Chinese,417,Chennai,Late Night,53,Debit Card,Anjappar,20,5
108694,18,South Indian,478,Coimbatore,Lunch,32,UPI,Chinese Wok,50,5
108695,34,South Indian,344,Bangalore,Lunch,42,UPI,Saravana Bhavan,30,3
108696,37,Fast Food,657,Chennai,Late Night,30,UPI,Saravana Bhavan,0,5
108697,57,Pizza,551,Bangalore,Breakfast,53,UPI,Local Kitchen,20,3
108698,37,Fast Food,631,Salem,Dinner,26,UPI,Dominos,0,4
108699,33,Fast Food,565,Salem,Dinner,40,Cash on Delivery,SS Hyderabad Biryani,20,3
108700,36,Chinese,324,Trichy,Evening,15,UPI,Saravana Bhavan,0,5
108701,54,Fast Food,300,Chennai,Evening,31,UPI,SS Hyderabad Biryani,20,5
108702,46,Pizza,264,Chennai,Dinner,40,Credit Card,Hotel Aryaas,75,4
108703,29,Fast Food,318,Trichy,Lunch,19,Wallet,Chinese Wok,0,4
108704,27,Chinese,377,Chennai,Lunch,30,Wallet,SS Hyderabad Biryani,30,4
108705,28,Biryani,564,Chennai,Evening,66,Debit Card,Saravana Bhavan,20,5
108706,34,Fast Food,335,Bangalore,Evening,23,UPI,Saravana Bhavan,30,5
108707,42,Fast Food,496,Chennai,Dinner,37,UPI,Anjappar,0,5
108708,34,Pizza,403,Trichy,Late Night,19,UPI,Chinese Wok,100,5
108709,21,North Indian,531,Madurai,Late Night,23,UPI,SS Hyderabad Biryani,50,3
108710,42,South Indian,606,Madurai,Lunch,38,Debit Card,Burger King,0,3
108711,45,Pizza,470,Trichy,Lunch,32,Wallet,KFC,30,4
108712,29,Chinese,283,Chennai,Lunch,26,UPI,A2B,0,4
108713,39,North Indian,484,Madurai,Late Night,29,UPI,A2B,75,5
108714,32,Pizza,708,Coimbatore,Evening,45,Cash on Delivery,A2B,30,4
108715,51,Biryani,314,Bangalore,Evening,32,Debit Card,Burger King,0,3
108716,47,Chinese,687,Chennai,Dinner,40,Cash on Delivery,Chinese Wok,0,4
108717,35,South Indian,347,Madurai,Evening,17,Cash on Delivery,Anjappar,30,4
108718,40,Biryani,433,Salem,Lunch,29,UPI,Local Kitchen,0,4
108719,50,Fast Food,325,Chennai,Evening,30,Debit Card,Local Kitchen,50,5
108720,34,North Indian,410,Chennai,Dinner,27,Debit Card,Hotel Aryaas,20,5
108721,29,North Indian,736,Chennai,Dinner,33,Credit Card,SS Hyderabad Biryani,30,5
108722,43,Pizza,265,Coimbatore,Dinner,31,UPI,KFC,30,5
108723,27,North Indian,673,Coimbatore,Lunch,41,Cash on Delivery,Burger King,100,5
108724,31,Pizza,381,Trichy,Lunch,45,Debit Card,Burger King,100,4
108725,49,Biryani,398,Coimbatore,Dinner,28,UPI,Dominos,20,4
108726,42,Fast Food,262,Coimbatore,Dinner,46,UPI,Burger King,75,4
108727,31,Biryani,317,Madurai,Breakfast,27,UPI,Dominos,100,5
108728,27,Biryani,545,Coimbatore,Breakfast,35,Cash on Delivery,Burger King,75,4
108729,30,Biryani,509,Coimbatore,Dinner,21,UPI,Saravana Bhavan,0,5
108730,28,South Indian,674,Madurai,Dinner,31,Credit Card,SS Hyderabad Biryani,20,4
108731,26,Pizza,304,Madurai,Lunch,49,UPI,Saravana Bhavan,0,5
108732,42,Pizza,506,Chennai,Dinner,35,Debit Card,A2B,50,4
108733,28,South Indian,410,Chennai,Late Night,31,UPI,Hotel Aryaas,20,4
108734,33,North Indian,573,Chennai,Dinner,15,UPI,Anjappar,0,5
108735,31,South Indian,204,Coimbatore,Evening,33,Cash on Delivery,KFC,0,4
108736,59,Pizza,426,Coimbatore,Dinner,35,UPI,SS Hyderabad Biryani,20,4
108737,31,South Indian,462,Bangalore,Lunch,29,UPI,Chinese Wok,30,4
108738,22,Fast Food,438,Trichy,Evening,31,UPI,Chinese Wok,50,5
108739,22,North Indian,330,Chennai,Evening,33,Credit Card,Burger King,0,4
108740,37,Fast Food,531,Bangalore,Evening,34,UPI,Anjappar,100,4
108741,37,South Indian,451,Coimbatore,Late Night,32,Debit Card,Local Kitchen,0,5
108742,32,Fast Food,272,Bangalore,Lunch,46,UPI,Dominos,100,5
108743,32,Chinese,239,Bangalore,Breakfast,24,Debit Card,Hotel Aryaas,20,4
108744,20,North Indian,462,Trichy,Late Night,49,UPI,Dominos,75,4
108745,34,Biryani,291,Chennai,Lunch,31,Credit Card,Burger King,75,4
108746,34,North Indian,447,Chennai,Evening,39,Cash on Delivery,SS Hyderabad Biryani,30,4
108747,25,Biryani,504,Bangalore,Dinner,45,UPI,Hotel Aryaas,50,4
108748,23,Fast Food,207,Coimbatore,Late Night,36,Wallet,Hotel Aryaas,50,5
108749,24,Biryani,384,Chennai,Dinner,34,Credit Card,Saravana Bhavan,75,5
108750,23,Chinese,354,Chennai,Evening,35,Debit Card,A2B,30,5
108751,37,Biryani,367,Bangalore,Dinner,15,Credit Card,Saravana Bhavan,20,5
108752,26,South Indian,307,Coimbatore,Late Night,15,UPI,Anjappar,20,5
108753,28,Fast Food,594,Salem,Dinner,42,UPI,Hotel Aryaas,0,5
108754,26,Biryani,633,Coimbatore,Lunch,31,UPI,KFC,20,4
108755,57,Pizza,332,Chennai,Dinner,25,Credit Card,Saravana Bhavan,100,5
108756,48,Biryani,324,Bangalore,Dinner,36,Credit Card,Hotel Aryaas,20,4
108757,27,Fast Food,213,Chennai,Dinner,32,Wallet,Dominos,50,5
108758,30,Fast Food,317,Coimbatore,Dinner,21,Cash on Delivery,A2B,20,5
108759,26,South Indian,380,Coimbatore,Evening,43,Cash on Delivery,Anjappar,50,5
108760,34,Chinese,306,Coimbatore,Dinner,45,UPI,Dominos,30,5
108761,19,Biryani,261,Madurai,Dinner,36,UPI,Burger King,50,5
108762,40,Fast Food,664,Chennai,Lunch,36,UPI,Local Kitchen,20,5
108763,35,South Indian,461,Trichy,Lunch,34,Credit Card,SS Hyderabad Biryani,100,4
108764,52,Fast Food,579,Madurai,Lunch,35,UPI,Chinese Wok,0,5
108765,25,Pizza,386,Coimbatore,Dinner,37,UPI,Dominos,30,4
108766,45,Pizza,337,Chennai,Dinner,29,Credit Card,A2B,0,4
108767,44,Chinese,533,Chennai,Evening,42,UPI,Local Kitchen,20,4
108768,24,Fast Food,512,Coimbatore,Dinner,36,Debit Card,Saravana Bhavan,30,5
108769,31,Chinese,295,Bangalore,Dinner,42,Debit Card,Anjappar,0,4
108770,25,Pizza,172,Chennai,Late Night,47,UPI,Dominos,0,4
108771,28,South Indian,515,Salem,Breakfast,34,Wallet,Local Kitchen,75,3
108772,28,Pizza,459,Chennai,Evening,37,Credit Card,A2B,20,4
108773,35,Chinese,427,Chennai,Dinner,40,UPI,A2B,50,5
108774,32,South Indian,366,Chennai,Lunch,35,UPI,SS Hyderabad Biryani,30,4
108775,56,Fast Food,435,Chennai,Lunch,31,Wallet,Saravana Bhavan,50,5
108776,24,Chinese,455,Trichy,Evening,36,Cash on Delivery,Anjappar,20,5
108777,58,Biryani,156,Bangalore,Dinner,47,UPI,Burger King,0,3
108778,27,Pizza,513,Chennai,Evening,15,Cash on Delivery,A2B,30,5
108779,43,Pizza,500,Trichy,Evening,41,Credit Card,Local Kitchen,30,4
108780,30,Pizza,435,Trichy,Evening,36,UPI,Hotel Aryaas,100,5
108781,25,South Indian,344,Madurai,Lunch,29,Debit Card,A2B,50,4
108782,48,Biryani,216,Trichy,Late Night,43,UPI,A2B,75,5
108783,29,Biryani,514,Bangalore,Lunch,22,UPI,SS Hyderabad Biryani,50,5
108784,39,Chinese,425,Bangalore,Dinner,30,UPI,SS Hyderabad Biryani,100,5
108785,36,Pizza,420,Coimbatore,Lunch,47,Credit Card,SS Hyderabad Biryani,50,4
108786,33,Chinese,245,Chennai,Evening,15,Debit Card,Burger King,50,5
108787,34,Biryani,619,Bangalore,Late Night,39,Credit Card,Dominos,20,5
108788,42,North Indian,356,Trichy,Late Night,48,UPI,Local Kitchen,0,5
108789,22,North Indian,509,Bangalore,Evening,45,Debit Card,Saravana Bhavan,20,5
108790,40,South Indian,219,Salem,Lunch,38,UPI,Chinese Wok,0,4
108791,51,South Indian,321,Coimbatore,Lunch,24,Wallet,Dominos,0,5
108792,21,Pizza,263,Madurai,Lunch,43,Credit Card,Anjappar,20,4
108793,25,Chinese,479,Bangalore,Dinner,28,UPI,Chinese Wok,0,4
108794,41,North Indian,436,Bangalore,Evening,32,Credit Card,Local Kitchen,0,4
108795,32,Biryani,376,Bangalore,Dinner,33,Credit Card,Saravana Bhavan,30,5
108796,31,South Indian,269,Chennai,Dinner,22,UPI,Anjappar,0,4
108797,25,Chinese,769,Chennai,Lunch,47,UPI,Chinese Wok,0,4
108798,34,North Indian,298,Salem,Dinner,33,Wallet,SS Hyderabad Biryani,100,4
108799,24,Pizza,381,Chennai,Dinner,33,UPI,SS Hyderabad Biryani,0,4
108800,33,North Indian,769,Coimbatore,Dinner,28,UPI,A2B,0,4
108801,43,South Indian,372,Coimbatore,Late Night,27,Credit Card,A2B,75,5
108802,28,Pizza,664,Coimbatore,Dinner,40,UPI,Local Kitchen,20,5
108803,34,South Indian,458,Madurai,Dinner,40,UPI,KFC,30,5
108804,60,South Indian,626,Madurai,Late Night,64,UPI,Local Kitchen,75,4
108805,40,Fast Food,635,Trichy,Dinner,31,Debit Card,Dominos,30,4
108806,47,Pizza,288,Coimbatore,Evening,30,UPI,Chinese Wok,75,5
108807,32,North Indian,956,Bangalore,Evening,45,Credit Card,Local Kitchen,50,3
108808,43,Fast Food,662,Trichy,Dinner,42,UPI,Saravana Bhavan,30,4
108809,20,Biryani,397,Salem,Lunch,31,Credit Card,A2B,50,5
108810,24,Pizza,609,Salem,Evening,38,Credit Card,Hotel Aryaas,0,4
108811,26,Chinese,381,Madurai,Dinner,50,UPI,SS Hyderabad Biryani,0,5
108812,31,North Indian,614,Chennai,Dinner,22,UPI,Chinese Wok,75,4
108813,47,Fast Food,383,Chennai,Dinner,27,Debit Card,Saravana Bhavan,75,5
108814,30,Biryani,582,Trichy,Evening,38,Cash on Delivery,Burger King,0,4
108815,39,South Indian,447,Trichy,Lunch,27,UPI,Saravana Bhavan,30,5
108816,41,Biryani,606,Madurai,Dinner,28,Credit Card,Burger King,0,5
108817,37,Fast Food,403,Chennai,Dinner,46,Cash on Delivery,Saravana Bhavan,0,4
108818,30,Biryani,575,Bangalore,Dinner,38,UPI,Anjappar,30,5
108819,36,Fast Food,442,Coimbatore,Lunch,33,Wallet,Burger King,30,3
108820,30,Biryani,485,Coimbatore,Dinner,26,Debit Card,Saravana Bhavan,30,5
108821,22,North Indian,311,Coimbatore,Dinner,38,UPI,SS Hyderabad Biryani,50,5
108822,60,Fast Food,394,Salem,Evening,46,UPI,Chinese Wok,0,4
108823,24,South Indian,644,Chennai,Dinner,21,UPI,Burger King,100,5
108824,21,North Indian,394,Bangalore,Breakfast,22,UPI,KFC,30,4
108825,50,Chinese,449,Coimbatore,Dinner,41,Credit Card,A2B,30,4
108826,29,South Indian,410,Bangalore,Dinner,28,UPI,A2B,30,4
108827,39,Chinese,472,Bangalore,Dinner,26,UPI,Burger King,0,5
108828,30,Pizza,282,Salem,Dinner,27,Wallet,Burger King,20,4
108829,31,Pizza,385,Chennai,Lunch,42,UPI,Anjappar,30,3
108830,28,Chinese,430,Chennai,Dinner,41,Cash on Delivery,Local Kitchen,50,4
108831,30,North Indian,245,Madurai,Lunch,38,Credit Card,Burger King,0,4
108832,32,South Indian,888,Coimbatore,Evening,30,UPI,Dominos,30,4
108833,42,Fast Food,514,Chennai,Lunch,26,Debit Card,Burger King,0,4
108834,34,Pizza,554,Bangalore,Evening,28,UPI,SS Hyderabad Biryani,0,4
108835,56,South Indian,582,Bangalore,Dinner,25,Debit Card,Hotel Aryaas,75,4
108836,20,North Indian,494,Chennai,Dinner,30,Cash on Delivery,Burger King,20,4
108837,34,Biryani,836,Coimbatore,Evening,34,UPI,KFC,20,3
108838,36,Fast Food,350,Trichy,Lunch,41,UPI,KFC,30,5
108839,54,North Indian,254,Bangalore,Evening,34,UPI,Dominos,20,5
108840,20,Fast Food,379,Chennai,Dinner,32,Cash on Delivery,Burger King,75,4
108841,36,North Indian,639,Coimbatore,Lunch,51,Debit Card,Burger King,30,3
108842,48,North Indian,260,Bangalore,Evening,15,UPI,Anjappar,75,4
108843,27,Pizza,430,Chennai,Dinner,40,UPI,KFC,0,5
108844,50,South Indian,340,Trichy,Lunch,39,UPI,Burger King,75,4
108845,18,Chinese,636,Bangalore,Lunch,39,UPI,Hotel Aryaas,0,4
108846,42,Pizza,607,Coimbatore,Lunch,43,UPI,SS Hyderabad Biryani,75,5
108847,55,Pizza,247,Salem,Evening,22,UPI,Hotel Aryaas,100,5
108848,39,Chinese,217,Coimbatore,Breakfast,44,UPI,Dominos,75,5
108849,32,North Indian,432,Chennai,Dinner,38,Debit Card,Dominos,75,5
108850,20,Chinese,437,Bangalore,Lunch,30,UPI,SS Hyderabad Biryani,30,5
108851,54,North Indian,388,Bangalore,Evening,40,Credit Card,KFC,100,3
108852,33,Biryani,279,Coimbatore,Lunch,36,UPI,Anjappar,0,4
108853,19,Biryani,336,Coimbatore,Dinner,25,UPI,Chinese Wok,0,4
108854,40,South Indian,556,Coimbatore,Dinner,15,UPI,KFC,20,5
108855,34,Fast Food,236,Coimbatore,Dinner,21,UPI,A2B,30,5
108856,24,Pizza,654,Madurai,Dinner,27,Credit Card,Hotel Aryaas,0,4
108857,27,Biryani,351,Bangalore,Dinner,38,Cash on Delivery,Dominos,75,4
108858,21,North Indian,945,Coimbatore,Breakfast,20,UPI,A2B,20,5
108859,36,Fast Food,306,Coimbatore,Lunch,38,UPI,SS Hyderabad Biryani,75,5
108860,38,South Indian,525,Coimbatore,Breakfast,37,Debit Card,SS Hyderabad Biryani,20,3
108861,34,Fast Food,1128,Coimbatore,Breakfast,55,UPI,Anjappar,0,4
108862,45,South Indian,361,Chennai,Lunch,38,Cash on Delivery,Chinese Wok,50,4
108863,48,Biryani,423,Chennai,Dinner,15,Wallet,Saravana Bhavan,0,5
108864,38,Biryani,664,Coimbatore,Lunch,45,Cash on Delivery,KFC,50,4
108865,18,Chinese,586,Bangalore,Late Night,25,UPI,Saravana Bhavan,100,4
108866,41,Biryani,650,Madurai,Dinner,24,UPI,Dominos,0,5
108867,32,Fast Food,706,Coimbatore,Late Night,32,Debit Card,Burger King,75,4
108868,36,Pizza,259,Salem,Breakfast,40,UPI,A2B,75,4
108869,39,Biryani,488,Trichy,Dinner,31,UPI,Chinese Wok,20,5
108870,30,South Indian,701,Salem,Dinner,34,UPI,A2B,50,5
108871,53,Biryani,405,Trichy,Late Night,25,Credit Card,Dominos,0,5
108872,24,Fast Food,494,Bangalore,Evening,22,Cash on Delivery,Dominos,75,5
108873,40,Chinese,490,Bangalore,Dinner,36,Credit Card,Burger King,30,5
108874,18,Biryani,381,Chennai,Breakfast,19,Credit Card,SS Hyderabad Biryani,0,4
108875,54,Pizza,408,Madurai,Breakfast,27,Debit Card,A2B,30,5
108876,23,North Indian,318,Bangalore,Lunch,31,Debit Card,Anjappar,20,5
108877,22,Biryani,437,Bangalore,Late Night,36,Cash on Delivery,Local Kitchen,50,5
108878,30,North Indian,722,Madurai,Breakfast,31,UPI,Dominos,20,5
108879,31,Fast Food,711,Coimbatore,Lunch,31,Wallet,SS Hyderabad Biryani,0,5
108880,27,Biryani,362,Bangalore,Late Night,22,UPI,Chinese Wok,0,3
108881,37,Biryani,234,Coimbatore,Lunch,30,UPI,Saravana Bhavan,20,5
108882,33,Fast Food,444,Madurai,Dinner,32,Credit Card,Saravana Bhavan,30,5
108883,19,Chinese,239,Trichy,Dinner,38,UPI,Saravana Bhavan,30,4
108884,29,Fast Food,373,Trichy,Breakfast,26,UPI,Chinese Wok,30,4
108885,45,Pizza,642,Madurai,Breakfast,25,Wallet,Local Kitchen,50,5
108886,40,Chinese,376,Chennai,Dinner,22,UPI,Anjappar,50,4
108887,42,Fast Food,551,Salem,Late Night,36,Wallet,A2B,30,5
108888,41,Chinese,292,Chennai,Dinner,30,Credit Card,Anjappar,50,4
108889,29,North Indian,670,Trichy,Lunch,33,Wallet,Dominos,75,4
108890,23,Biryani,377,Chennai,Evening,29,Cash on Delivery,A2B,0,5
108891,28,Fast Food,624,Coimbatore,Evening,30,Credit Card,Hotel Aryaas,75,4
108892,46,South Indian,672,Madurai,Dinner,28,Credit Card,Burger King,20,4
108893,59,South Indian,386,Bangalore,Lunch,39,Wallet,Local Kitchen,20,4
108894,34,South Indian,280,Coimbatore,Lunch,34,Credit Card,Chinese Wok,75,4
108895,18,Fast Food,439,Bangalore,Dinner,49,UPI,SS Hyderabad Biryani,30,4
108896,25,Chinese,292,Bangalore,Evening,31,Wallet,Chinese Wok,0,5
108897,29,Chinese,389,Chennai,Breakfast,50,UPI,Local Kitchen,0,4
108898,36,South Indian,447,Bangalore,Dinner,31,UPI,Chinese Wok,100,4
108899,21,Biryani,429,Chennai,Dinner,39,Debit Card,SS Hyderabad Biryani,20,5
108900,56,South Indian,269,Madurai,Evening,28,UPI,Local Kitchen,20,5
108901,30,Fast Food,625,Chennai,Dinner,39,UPI,SS Hyderabad Biryani,0,4
108902,53,South Indian,439,Bangalore,Evening,15,Credit Card,Local Kitchen,30,4
108903,44,North Indian,668,Coimbatore,Dinner,22,UPI,A2B,100,5
108904,43,South Indian,643,Coimbatore,Dinner,24,Debit Card,Dominos,0,5
108905,37,Biryani,598,Bangalore,Dinner,55,Credit Card,Chinese Wok,0,2
108906,38,South Indian,915,Bangalore,Dinner,45,Credit Card,SS Hyderabad Biryani,30,4
108907,38,Pizza,377,Salem,Dinner,37,Cash on Delivery,Chinese Wok,0,3
108908,38,Pizza,365,Trichy,Dinner,30,Cash on Delivery,Dominos,100,4
108909,35,South Indian,598,Madurai,Lunch,28,Credit Card,Saravana Bhavan,20,5
108910,59,Fast Food,321,Coimbatore,Lunch,28,Credit Card,A2B,20,5
108911,42,South Indian,427,Coimbatore,Dinner,41,Debit Card,Dominos,0,3
108912,44,South Indian,536,Chennai,Evening,35,UPI,KFC,50,4
108913,49,North Indian,655,Coimbatore,Evening,43,Debit Card,Anjappar,30,4
108914,27,Chinese,432,Trichy,Dinner,40,Credit Card,Local Kitchen,30,5
108915,22,Chinese,171,Coimbatore,Breakfast,38,Credit Card,Burger King,0,4
108916,34,South Indian,640,Coimbatore,Dinner,26,Wallet,Anjappar,0,5
108917,34,Fast Food,662,Chennai,Evening,26,UPI,Anjappar,30,4
108918,46,Pizza,384,Chennai,Evening,35,UPI,Anjappar,0,4
108919,33,South Indian,550,Chennai,Lunch,38,Wallet,Dominos,30,4
108920,36,North Indian,698,Bangalore,Lunch,32,Cash on Delivery,Burger King,100,4
108921,35,South Indian,655,Coimbatore,Lunch,22,Debit Card,Burger King,20,4
108922,19,Biryani,589,Bangalore,Evening,36,Credit Card,Chinese Wok,0,4
108923,38,Chinese,504,Bangalore,Evening,42,Debit Card,A2B,30,4
108924,46,Biryani,943,Madurai,Dinner,23,UPI,SS Hyderabad Biryani,20,5
108925,25,Fast Food,469,Madurai,Evening,31,Credit Card,Local Kitchen,100,4
108926,37,Fast Food,210,Madurai,Dinner,25,Credit Card,Hotel Aryaas,0,5
108927,37,Chinese,395,Coimbatore,Dinner,44,UPI,KFC,100,4
108928,25,South Indian,440,Coimbatore,Lunch,54,Cash on Delivery,Anjappar,0,4
108929,24,Biryani,524,Salem,Lunch,47,Credit Card,Saravana Bhavan,100,4
108930,59,South Indian,372,Chennai,Breakfast,18,Cash on Delivery,Hotel Aryaas,20,5
108931,31,Fast Food,459,Chennai,Late Night,37,UPI,Local Kitchen,50,4
108932,27,North Indian,638,Coimbatore,Dinner,40,UPI,Anjappar,30,4
108933,25,South Indian,874,Bangalore,Breakfast,51,UPI,Local Kitchen,20,4
108934,40,Chinese,285,Chennai,Dinner,28,Credit Card,SS Hyderabad Biryani,100,4
108935,37,Biryani,435,Madurai,Late Night,33,Credit Card,Hotel Aryaas,100,4
108936,39,Pizza,279,Bangalore,Dinner,22,Cash on Delivery,Hotel Aryaas,30,5
108937,22,Chinese,402,Coimbatore,Evening,21,UPI,Hotel Aryaas,100,5
108938,51,North Indian,338,Coimbatore,Lunch,35,Credit Card,Chinese Wok,50,4
108939,31,Biryani,530,Bangalore,Lunch,49,Debit Card,Chinese Wok,20,4
108940,29,South Indian,494,Chennai,Dinner,34,UPI,KFC,75,4
108941,33,Chinese,363,Chennai,Dinner,34,Cash on Delivery,SS Hyderabad Biryani,20,4
108942,31,Biryani,445,Coimbatore,Evening,21,UPI,A2B,100,5
108943,49,Fast Food,333,Madurai,Lunch,35,Credit Card,Local Kitchen,30,4
108944,54,North Indian,572,Bangalore,Late Night,28,Credit Card,Local Kitchen,50,5
108945,29,South Indian,488,Coimbatore,Dinner,29,UPI,Anjappar,30,4
108946,49,North Indian,480,Bangalore,Lunch,51,UPI,Burger King,50,3
108947,44,Biryani,228,Bangalore,Breakfast,30,Credit Card,Dominos,0,4
108948,55,Chinese,931,Coimbatore,Dinner,31,UPI,Chinese Wok,75,5
108949,27,South Indian,281,Chennai,Lunch,36,UPI,KFC,75,5
108950,36,South Indian,315,Trichy,Lunch,15,Credit Card,SS Hyderabad Biryani,30,5
108951,28,North Indian,865,Bangalore,Breakfast,26,Debit Card,Dominos,0,5
108952,45,Biryani,363,Madurai,Late Night,16,Debit Card,SS Hyderabad Biryani,30,5
108953,18,North Indian,926,Coimbatore,Dinner,28,UPI,Chinese Wok,20,5
108954,36,Chinese,525,Madurai,Lunch,53,UPI,Dominos,0,2
108955,30,Fast Food,270,Bangalore,Dinner,15,Debit Card,Local Kitchen,100,5
108956,29,North Indian,554,Chennai,Dinner,17,Debit Card,Chinese Wok,50,5
108957,39,South Indian,319,Trichy,Lunch,48,Debit Card,SS Hyderabad Biryani,75,4
108958,48,Pizza,861,Coimbatore,Dinner,32,UPI,Burger King,30,3
108959,37,Fast Food,370,Chennai,Dinner,38,Cash on Delivery,Dominos,20,5
108960,48,Pizza,314,Chennai,Dinner,35,UPI,KFC,20,5
108961,28,Chinese,502,Madurai,Evening,35,UPI,Anjappar,75,3
108962,35,Biryani,411,Madurai,Evening,31,Credit Card,Burger King,0,4
108963,33,Chinese,604,Madurai,Lunch,15,Wallet,KFC,0,5
108964,18,Biryani,626,Salem,Evening,34,UPI,Hotel Aryaas,0,4
108965,35,Fast Food,406,Coimbatore,Dinner,45,Cash on Delivery,Local Kitchen,0,5
108966,39,Biryani,453,Bangalore,Late Night,44,UPI,Anjappar,30,5
108967,37,Biryani,618,Bangalore,Dinner,40,UPI,Saravana Bhavan,50,5
108968,42,Biryani,750,Salem,Lunch,33,UPI,Dominos,75,4
108969,36,South Indian,509,Coimbatore,Breakfast,36,Credit Card,Dominos,30,5
108970,21,South Indian,492,Salem,Dinner,43,UPI,Chinese Wok,30,5
108971,24,South Indian,519,Chennai,Evening,19,UPI,Dominos,20,5
108972,37,Fast Food,531,Madurai,Lunch,52,UPI,Local Kitchen,20,4
108973,28,Chinese,445,Bangalore,Dinner,44,Debit Card,Local Kitchen,0,3
108974,22,Chinese,1180,Trichy,Late Night,52,UPI,Anjappar,50,4
108975,32,Fast Food,499,Chennai,Dinner,37,UPI,Saravana Bhavan,0,4
108976,35,Pizza,212,Chennai,Lunch,29,UPI,Local Kitchen,50,5
108977,30,Chinese,344,Chennai,Evening,39,UPI,Local Kitchen,50,5
108978,42,Chinese,390,Bangalore,Dinner,42,Debit Card,KFC,100,3
108979,39,Fast Food,272,Bangalore,Late Night,53,UPI,Burger King,0,4
108980,30,Biryani,299,Trichy,Late Night,31,Credit Card,Dominos,0,5
108981,43,Pizza,491,Coimbatore,Evening,30,UPI,Dominos,0,5
108982,39,Pizza,288,Chennai,Dinner,45,Debit Card,Burger King,100,4
108983,38,Biryani,371,Chennai,Breakfast,32,Debit Card,Burger King,30,4
108984,35,Fast Food,349,Chennai,Lunch,28,UPI,Chinese Wok,100,3
108985,18,Chinese,337,Madurai,Evening,29,UPI,KFC,0,4
108986,41,Chinese,426,Trichy,Late Night,15,UPI,Dominos,20,5
108987,31,Pizza,392,Salem,Breakfast,27,Credit Card,Burger King,30,5
108988,56,Biryani,314,Coimbatore,Lunch,38,UPI,Local Kitchen,20,5
108989,45,South Indian,765,Chennai,Late Night,34,UPI,KFC,100,5
108990,37,Biryani,610,Chennai,Lunch,39,Credit Card,Local Kitchen,20,4
108991,28,Fast Food,389,Bangalore,Lunch,47,UPI,A2B,30,4
108992,26,Biryani,571,Salem,Dinner,58,Credit Card,Burger King,20,4
108993,30,North Indian,808,Chennai,Dinner,31,UPI,Burger King,0,4
108994,33,South Indian,294,Chennai,Evening,23,Wallet,Hotel Aryaas,50,5
108995,29,Pizza,421,Madurai,Late Night,30,UPI,Saravana Bhavan,50,4
108996,34,Biryani,338,Bangalore,Lunch,42,UPI,Dominos,75,4
108997,25,Fast Food,377,Chennai,Late Night,59,Credit Card,Dominos,20,4
108998,59,Fast Food,753,Trichy,Dinner,36,UPI,Saravana Bhavan,75,4
108999,23,Fast Food,433,Chennai,Evening,39,Cash on Delivery,Hotel Aryaas,20,5
109000,55,Pizza,776,Salem,Dinner,32,Cash on Delivery,Hotel Aryaas,20,5
109001,53,Fast Food,444,Chennai,Lunch,36,UPI,Hotel Aryaas,20,4
109002,35,Biryani,432,Chennai,Lunch,46,Cash on Delivery,Saravana Bhavan,20,3
109003,42,Biryani,366,Coimbatore,Late Night,42,Debit Card,Dominos,0,2
109004,32,Biryani,452,Chennai,Breakfast,33,UPI,Saravana Bhavan,20,3
109005,38,Pizza,566,Bangalore,Breakfast,37,Cash on Delivery,SS Hyderabad Biryani,20,5
109006,30,South Indian,232,Madurai,Evening,30,Cash on Delivery,Anjappar,75,4
109007,29,Chinese,654,Coimbatore,Lunch,46,UPI,Anjappar,50,4
109008,36,Chinese,216,Bangalore,Dinner,53,Debit Card,Chinese Wok,20,4
109009,34,Biryani,378,Coimbatore,Late Night,25,Cash on Delivery,Local Kitchen,20,4
109010,36,Biryani,286,Chennai,Evening,26,Debit Card,Hotel Aryaas,100,5
109011,28,Chinese,376,Salem,Evening,30,UPI,Hotel Aryaas,30,5
109012,31,Chinese,473,Trichy,Dinner,43,UPI,Saravana Bhavan,50,4
109013,22,Fast Food,635,Chennai,Lunch,30,Wallet,KFC,100,4
109014,20,Biryani,619,Coimbatore,Lunch,43,Credit Card,Hotel Aryaas,50,5
109015,28,Biryani,280,Bangalore,Lunch,18,Credit Card,Dominos,20,5
109016,21,Fast Food,474,Chennai,Evening,33,Cash on Delivery,KFC,20,3
109017,23,Biryani,687,Bangalore,Dinner,35,UPI,Hotel Aryaas,0,5
109018,45,Fast Food,488,Bangalore,Late Night,25,UPI,Local Kitchen,0,5
109019,20,Fast Food,569,Chennai,Dinner,33,Credit Card,Dominos,20,4
109020,39,Biryani,375,Chennai,Dinner,45,UPI,SS Hyderabad Biryani,20,4
109021,28,Biryani,417,Madurai,Lunch,33,Credit Card,SS Hyderabad Biryani,50,4
109022,49,North Indian,185,Coimbatore,Dinner,38,Cash on Delivery,Hotel Aryaas,30,4
109023,34,South Indian,380,Chennai,Late Night,48,UPI,KFC,50,3
109024,29,North Indian,374,Madurai,Late Night,25,Debit Card,Hotel Aryaas,0,5
109025,34,Fast Food,302,Madurai,Breakfast,37,Wallet,Hotel Aryaas,20,4
109026,31,Chinese,236,Chennai,Dinner,15,Cash on Delivery,Anjappar,75,3
109027,36,Biryani,577,Trichy,Dinner,20,Credit Card,Saravana Bhavan,0,5
109028,23,South Indian,742,Madurai,Lunch,41,Cash on Delivery,Dominos,50,5
109029,60,Biryani,452,Coimbatore,Late Night,29,Debit Card,Hotel Aryaas,30,5
109030,32,Biryani,373,Coimbatore,Lunch,37,Cash on Delivery,Dominos,0,5
109031,30,North Indian,374,Madurai,Lunch,19,UPI,Chinese Wok,0,4
109032,41,South Indian,826,Chennai,Evening,15,Credit Card,Burger King,20,5
109033,30,North Indian,477,Coimbatore,Lunch,27,UPI,Burger King,0,5
109034,46,Fast Food,418,Bangalore,Late Night,28,UPI,A2B,20,5
109035,33,Fast Food,908,Bangalore,Evening,30,Credit Card,Hotel Aryaas,50,4
109036,42,Fast Food,599,Bangalore,Evening,49,UPI,KFC,50,4
109037,23,Chinese,664,Bangalore,Dinner,15,Credit Card,Anjappar,20,5
109038,47,South Indian,397,Chennai,Breakfast,27,Wallet,Anjappar,75,5
109039,42,North Indian,638,Coimbatore,Dinner,30,UPI,Hotel Aryaas,75,5
109040,27,Biryani,373,Bangalore,Dinner,33,Cash on Delivery,Burger King,0,4
109041,25,Chinese,448,Madurai,Evening,44,UPI,Hotel Aryaas,50,4
109042,29,Fast Food,598,Bangalore,Late Night,33,Debit Card,Chinese Wok,20,3
109043,58,Biryani,598,Coimbatore,Dinner,42,UPI,Hotel Aryaas,30,3
109044,28,South Indian,575,Salem,Dinner,46,UPI,Anjappar,20,4
109045,33,South Indian,208,Chennai,Late Night,20,Debit Card,SS Hyderabad Biryani,30,5
109046,19,Biryani,325,Chennai,Dinner,45,Debit Card,A2B,30,4
109047,31,Biryani,380,Coimbatore,Evening,32,Credit Card,Saravana Bhavan,0,5
109048,36,Fast Food,594,Chennai,Breakfast,34,Wallet,Local Kitchen,30,5
109049,56,Fast Food,423,Bangalore,Dinner,35,UPI,Local Kitchen,0,4
109050,34,Fast Food,282,Chennai,Late Night,38,UPI,KFC,0,4
109051,45,Biryani,499,Chennai,Evening,19,Credit Card,Hotel Aryaas,50,5
109052,35,Biryani,624,Coimbatore,Lunch,18,UPI,Chinese Wok,75,5
109053,20,North Indian,268,Madurai,Evening,29,Debit Card,A2B,20,3
109054,29,North Indian,320,Trichy,Dinner,40,Cash on Delivery,Local Kitchen,50,5
109055,36,South Indian,340,Madurai,Breakfast,47,Debit Card,Anjappar,30,3
109056,56,North Indian,437,Chennai,Dinner,27,Credit Card,SS Hyderabad Biryani,75,5
109057,48,Chinese,526,Bangalore,Dinner,43,Debit Card,KFC,100,4
109058,27,Biryani,512,Chennai,Dinner,32,UPI,Local Kitchen,75,4
109059,27,Biryani,405,Coimbatore,Lunch,37,Credit Card,Dominos,100,5
109060,26,North Indian,431,Trichy,Dinner,28,UPI,KFC,0,4
109061,54,Chinese,466,Coimbatore,Lunch,35,UPI,Saravana Bhavan,20,3
109062,48,Pizza,694,Chennai,Evening,25,Credit Card,SS Hyderabad Biryani,30,4
109063,44,North Indian,696,Coimbatore,Breakfast,35,Debit Card,Local Kitchen,75,5
109064,31,South Indian,621,Chennai,Dinner,43,UPI,Anjappar,0,4
109065,34,Biryani,383,Coimbatore,Lunch,30,Debit Card,Burger King,20,3
109066,33,Biryani,278,Coimbatore,Dinner,37,Credit Card,Hotel Aryaas,20,4
109067,28,Biryani,574,Coimbatore,Dinner,38,Cash on Delivery,Dominos,75,4
109068,34,Biryani,393,Salem,Late Night,45,UPI,KFC,50,5
109069,19,Fast Food,759,Bangalore,Lunch,15,Cash on Delivery,Anjappar,50,4
109070,24,Biryani,250,Trichy,Breakfast,41,Cash on Delivery,Local Kitchen,0,4
109071,51,Biryani,404,Madurai,Evening,23,Credit Card,Chinese Wok,30,4
109072,43,South Indian,883,Bangalore,Breakfast,22,Credit Card,Dominos,0,5
109073,32,Fast Food,520,Coimbatore,Lunch,28,UPI,Local Kitchen,0,5
109074,34,South Indian,315,Chennai,Dinner,25,Credit Card,SS Hyderabad Biryani,75,5
109075,31,South Indian,196,Bangalore,Dinner,36,UPI,KFC,50,4
109076,42,Chinese,489,Coimbatore,Breakfast,24,Cash on Delivery,KFC,30,4
109077,44,North Indian,636,Chennai,Evening,40,UPI,Burger King,75,4
109078,43,Biryani,810,Coimbatore,Dinner,15,UPI,Anjappar,20,5
109079,42,Biryani,273,Madurai,Lunch,45,Cash on Delivery,SS Hyderabad Biryani,20,5
109080,26,Pizza,595,Salem,Dinner,18,Credit Card,Chinese Wok,75,4
109081,30,South Indian,279,Coimbatore,Lunch,38,UPI,Anjappar,20,4
109082,33,Pizza,519,Bangalore,Lunch,26,UPI,Dominos,75,5
109083,30,Biryani,285,Trichy,Lunch,30,Debit Card,Local Kitchen,50,5
109084,43,Pizza,515,Coimbatore,Lunch,25,UPI,SS Hyderabad Biryani,30,4
109085,30,North Indian,233,Chennai,Dinner,15,UPI,SS Hyderabad Biryani,0,5
109086,25,Chinese,607,Coimbatore,Lunch,29,Credit Card,Local Kitchen,30,4
109087,31,Biryani,568,Trichy,Dinner,22,UPI,Chinese Wok,20,4
109088,59,North Indian,539,Chennai,Evening,20,UPI,Hotel Aryaas,100,5
109089,27,Pizza,367,Coimbatore,Dinner,30,UPI,Local Kitchen,0,4
109090,38,Chinese,431,Coimbatore,Late Night,31,UPI,Anjappar,30,5
109091,32,Biryani,568,Trichy,Dinner,35,Credit Card,Hotel Aryaas,20,5
109092,21,Pizza,563,Salem,Breakfast,39,Debit Card,Dominos,75,5
109093,34,Biryani,836,Coimbatore,Dinner,22,Credit Card,Local Kitchen,75,5
109094,41,Fast Food,553,Salem,Evening,20,Credit Card,Chinese Wok,30,5
109095,34,South Indian,806,Chennai,Evening,42,Credit Card,Hotel Aryaas,0,4
109096,49,Fast Food,741,Chennai,Dinner,31,Credit Card,Local Kitchen,0,3
109097,29,Chinese,405,Salem,Late Night,54,Credit Card,Saravana Bhavan,50,3
109098,22,South Indian,283,Bangalore,Breakfast,15,UPI,Local Kitchen,75,5
109099,55,Biryani,388,Chennai,Dinner,37,Cash on Delivery,Burger King,20,4
109100,31,Chinese,214,Coimbatore,Lunch,26,Credit Card,Dominos,20,5
109101,36,North Indian,374,Madurai,Evening,26,Wallet,Anjappar,0,5
109102,44,Biryani,458,Trichy,Dinner,29,UPI,Dominos,50,3
109103,29,South Indian,534,Trichy,Dinner,47,UPI,A2B,0,4
109104,41,Fast Food,394,Bangalore,Breakfast,17,Wallet,SS Hyderabad Biryani,50,5
109105,25,South Indian,618,Trichy,Evening,17,Debit Card,Local Kitchen,30,5
109106,29,Fast Food,735,Bangalore,Dinner,40,Credit Card,Chinese Wok,75,4
109107,25,Fast Food,590,Bangalore,Evening,51,Debit Card,Local Kitchen,30,3
109108,45,Biryani,628,Madurai,Lunch,27,UPI,Dominos,0,4
109109,27,North Indian,455,Coimbatore,Evening,45,Debit Card,A2B,30,3
109110,41,Chinese,734,Chennai,Late Night,43,UPI,Saravana Bhavan,75,5
109111,56,South Indian,576,Coimbatore,Dinner,37,Wallet,A2B,50,5
109112,35,Fast Food,375,Bangalore,Dinner,36,Credit Card,A2B,0,5
109113,35,South Indian,730,Chennai,Dinner,30,UPI,Burger King,0,5
109114,33,Fast Food,273,Chennai,Breakfast,43,Cash on Delivery,KFC,100,4
109115,29,Fast Food,489,Coimbatore,Dinner,41,Cash on Delivery,A2B,50,4
109116,33,South Indian,590,Chennai,Evening,28,Debit Card,Chinese Wok,75,5
109117,37,Fast Food,371,Madurai,Lunch,18,Credit Card,SS Hyderabad Biryani,75,5
109118,59,Biryani,332,Chennai,Lunch,26,Cash on Delivery,Local Kitchen,30,5
109119,55,South Indian,768,Chennai,Dinner,23,Credit Card,Hotel Aryaas,75,4
109120,49,Pizza,173,Madurai,Lunch,33,Debit Card,Chinese Wok,0,5
109121,51,Biryani,231,Trichy,Lunch,39,Credit Card,SS Hyderabad Biryani,20,5
109122,33,Biryani,636,Chennai,Lunch,38,Debit Card,KFC,20,4
109123,39,Fast Food,342,Chennai,Breakfast,39,Wallet,Chinese Wok,0,4
109124,51,North Indian,365,Salem,Evening,36,UPI,SS Hyderabad Biryani,0,5
109125,31,Pizza,332,Coimbatore,Dinner,34,Debit Card,SS Hyderabad Biryani,50,4
109126,57,South Indian,335,Salem,Breakfast,33,UPI,Saravana Bhavan,30,4
109127,32,North Indian,429,Chennai,Lunch,46,Credit Card,Saravana Bhavan,30,4
109128,37,South Indian,831,Chennai,Dinner,29,UPI,KFC,30,5
109129,41,North Indian,530,Chennai,Dinner,32,Cash on Delivery,A2B,0,5
109130,56,Fast Food,569,Chennai,Dinner,15,UPI,Saravana Bhavan,100,4
109131,27,Fast Food,543,Trichy,Lunch,29,UPI,Dominos,0,5
109132,42,Chinese,196,Salem,Dinner,31,Wallet,Dominos,0,5
109133,35,Fast Food,383,Salem,Evening,46,UPI,Saravana Bhavan,20,4
109134,28,Chinese,555,Trichy,Dinner,21,Credit Card,SS Hyderabad Biryani,30,4
109135,44,Fast Food,440,Trichy,Breakfast,33,Cash on Delivery,Anjappar,0,5
109136,35,South Indian,276,Bangalore,Lunch,33,UPI,Anjappar,50,3
109137,39,Fast Food,251,Trichy,Dinner,40,UPI,Anjappar,0,3
109138,29,Biryani,329,Chennai,Lunch,29,Cash on Delivery,SS Hyderabad Biryani,100,5
109139,34,North Indian,376,Coimbatore,Breakfast,40,Credit Card,Dominos,50,4
109140,38,Pizza,470,Bangalore,Dinner,37,UPI,Dominos,75,5
109141,32,North Indian,259,Trichy,Dinner,26,UPI,Hotel Aryaas,30,5
109142,26,Chinese,212,Bangalore,Dinner,23,Debit Card,Hotel Aryaas,30,5
109143,57,Chinese,425,Trichy,Dinner,55,Credit Card,A2B,100,4
109144,34,South Indian,506,Coimbatore,Evening,29,Debit Card,Anjappar,0,4
109145,42,Biryani,310,Madurai,Evening,17,Credit Card,Chinese Wok,30,5
109146,32,Biryani,436,Salem,Late Night,29,Debit Card,A2B,0,4
109147,30,Fast Food,708,Chennai,Dinner,27,Cash on Delivery,SS Hyderabad Biryani,100,5
109148,32,North Indian,306,Salem,Dinner,22,UPI,Saravana Bhavan,30,5
109149,32,Biryani,657,Bangalore,Lunch,34,Cash on Delivery,Chinese Wok,0,4
109150,35,North Indian,349,Bangalore,Dinner,36,Credit Card,Chinese Wok,20,5
109151,35,South Indian,270,Trichy,Breakfast,15,UPI,KFC,75,5
109152,34,Chinese,331,Coimbatore,Dinner,35,UPI,Dominos,0,4
109153,25,Biryani,598,Coimbatore,Evening,41,Debit Card,Local Kitchen,20,5
109154,34,Fast Food,339,Bangalore,Dinner,24,UPI,SS Hyderabad Biryani,30,5
109155,25,North Indian,637,Chennai,Evening,21,UPI,A2B,100,5
109156,24,Fast Food,411,Coimbatore,Dinner,24,Credit Card,Hotel Aryaas,0,4
109157,55,Fast Food,276,Coimbatore,Breakfast,29,Debit Card,Chinese Wok,50,5
109158,37,Biryani,328,Salem,Evening,33,UPI,KFC,20,5
109159,39,Biryani,461,Chennai,Dinner,22,UPI,SS Hyderabad Biryani,0,4
109160,31,Fast Food,344,Coimbatore,Lunch,30,Debit Card,KFC,50,4
109161,53,Chinese,375,Salem,Breakfast,31,Cash on Delivery,Local Kitchen,30,5
109162,38,South Indian,224,Trichy,Evening,35,UPI,Hotel Aryaas,30,4
109163,43,South Indian,408,Madurai,Late Night,19,Debit Card,Anjappar,50,4
109164,31,Biryani,416,Bangalore,Breakfast,26,Credit Card,Local Kitchen,50,4
109165,57,Pizza,278,Coimbatore,Breakfast,26,Credit Card,Anjappar,50,5
109166,45,Pizza,503,Coimbatore,Dinner,49,UPI,Anjappar,20,3
109167,48,Biryani,599,Chennai,Lunch,44,Debit Card,Saravana Bhavan,30,4
109168,25,Fast Food,711,Madurai,Evening,32,UPI,A2B,75,4
109169,28,Biryani,465,Coimbatore,Dinner,18,UPI,Saravana Bhavan,75,5
109170,28,Pizza,574,Bangalore,Lunch,42,Cash on Delivery,KFC,20,4
109171,28,Chinese,571,Coimbatore,Dinner,45,UPI,KFC,0,3
109172,48,North Indian,530,Coimbatore,Evening,32,UPI,KFC,0,4
109173,19,Fast Food,510,Bangalore,Late Night,28,UPI,Dominos,75,4
109174,21,South Indian,261,Trichy,Late Night,26,UPI,A2B,0,5
109175,28,Biryani,266,Chennai,Evening,40,Debit Card,SS Hyderabad Biryani,20,5
109176,26,Fast Food,607,Coimbatore,Dinner,39,UPI,Chinese Wok,75,4
109177,27,South Indian,878,Chennai,Dinner,22,Debit Card,Saravana Bhavan,50,4
109178,44,Biryani,382,Chennai,Lunch,24,UPI,Local Kitchen,20,3
109179,36,Chinese,591,Bangalore,Lunch,22,UPI,SS Hyderabad Biryani,50,4
109180,18,South Indian,475,Chennai,Late Night,51,UPI,Chinese Wok,0,4
109181,32,Pizza,415,Chennai,Evening,36,Wallet,Hotel Aryaas,100,5
109182,32,Fast Food,575,Trichy,Breakfast,44,Cash on Delivery,SS Hyderabad Biryani,100,4
109183,23,North Indian,852,Bangalore,Dinner,34,UPI,Hotel Aryaas,100,4
109184,40,North Indian,378,Chennai,Dinner,37,UPI,A2B,30,5
109185,41,North Indian,536,Chennai,Lunch,30,UPI,KFC,0,4
109186,42,Pizza,500,Chennai,Breakfast,47,UPI,KFC,30,4
109187,42,Pizza,491,Coimbatore,Lunch,36,UPI,Anjappar,20,4
109188,18,South Indian,669,Bangalore,Late Night,32,Debit Card,KFC,20,4
109189,57,Biryani,311,Bangalore,Late Night,15,UPI,Saravana Bhavan,0,4
109190,45,Chinese,312,Chennai,Lunch,38,Debit Card,A2B,75,4
109191,52,Chinese,419,Bangalore,Dinner,38,UPI,Hotel Aryaas,75,4
109192,18,North Indian,343,Coimbatore,Evening,45,Credit Card,Anjappar,20,5
109193,55,South Indian,432,Coimbatore,Dinner,30,Debit Card,Burger King,100,5
109194,45,Fast Food,384,Trichy,Lunch,26,Debit Card,A2B,0,5
109195,46,Chinese,450,Coimbatore,Evening,51,Cash on Delivery,Local Kitchen,75,5
109196,22,North Indian,617,Chennai,Lunch,19,Cash on Delivery,A2B,30,5
109197,42,Biryani,326,Trichy,Breakfast,25,Debit Card,KFC,30,4
109198,57,Fast Food,313,Chennai,Lunch,48,Credit Card,Saravana Bhavan,100,4
109199,40,South Indian,533,Coimbatore,Lunch,42,UPI,Chinese Wok,30,5
109200,36,Biryani,301,Madurai,Late Night,30,Wallet,Burger King,75,5
109201,56,Biryani,768,Madurai,Late Night,31,Credit Card,Dominos,0,5
109202,33,Fast Food,681,Trichy,Dinner,31,Credit Card,Local Kitchen,0,5
109203,37,Pizza,255,Chennai,Lunch,42,UPI,Burger King,0,4
109204,33,Biryani,775,Coimbatore,Evening,42,Debit Card,A2B,100,4
109205,55,South Indian,288,Chennai,Evening,39,Wallet,Local Kitchen,30,3
109206,21,Pizza,477,Bangalore,Evening,41,UPI,Local Kitchen,75,4
109207,34,North Indian,314,Coimbatore,Breakfast,39,Debit Card,Saravana Bhavan,50,5
109208,40,North Indian,798,Madurai,Dinner,15,UPI,Dominos,0,5
109209,44,South Indian,428,Chennai,Breakfast,37,Credit Card,Saravana Bhavan,0,3
109210,36,North Indian,488,Chennai,Dinner,30,UPI,Dominos,30,4
109211,53,Biryani,383,Coimbatore,Dinner,55,Credit Card,Dominos,100,4
109212,55,Chinese,541,Salem,Evening,19,Credit Card,Dominos,0,3
109213,21,Chinese,431,Trichy,Dinner,22,UPI,Dominos,30,5
109214,31,Fast Food,633,Salem,Lunch,35,UPI,Saravana Bhavan,50,5
109215,19,South Indian,544,Coimbatore,Lunch,22,UPI,Chinese Wok,0,4
109216,30,Biryani,467,Chennai,Lunch,59,Credit Card,Chinese Wok,20,4
109217,35,Pizza,619,Coimbatore,Dinner,40,Wallet,Anjappar,30,4
109218,53,Fast Food,579,Bangalore,Lunch,28,UPI,SS Hyderabad Biryani,0,4
109219,47,Chinese,816,Chennai,Dinner,38,Credit Card,Hotel Aryaas,50,4
109220,24,Biryani,369,Coimbatore,Lunch,36,UPI,Chinese Wok,50,5
109221,22,Biryani,627,Chennai,Lunch,27,UPI,KFC,30,5
109222,37,North Indian,459,Coimbatore,Lunch,21,UPI,Chinese Wok,0,5
109223,35,Chinese,596,Chennai,Dinner,23,Credit Card,Saravana Bhavan,0,5
109224,28,North Indian,387,Chennai,Evening,30,Debit Card,KFC,50,5
109225,52,Fast Food,302,Coimbatore,Dinner,44,Credit Card,Hotel Aryaas,30,5
109226,54,Biryani,544,Coimbatore,Lunch,40,UPI,Anjappar,30,3
109227,31,South Indian,374,Bangalore,Breakfast,56,UPI,Saravana Bhavan,75,3
109228,51,South Indian,320,Madurai,Dinner,25,UPI,Anjappar,30,5
109229,31,Biryani,412,Chennai,Lunch,22,Cash on Delivery,Local Kitchen,20,4
109230,42,Chinese,538,Madurai,Lunch,32,UPI,KFC,20,5
109231,33,Fast Food,830,Chennai,Lunch,38,UPI,Chinese Wok,30,5
109232,24,Biryani,428,Coimbatore,Dinner,39,UPI,Saravana Bhavan,50,4
109233,54,Fast Food,448,Bangalore,Dinner,38,Credit Card,A2B,20,4
109234,33,South Indian,423,Salem,Lunch,36,UPI,Burger King,75,5
109235,42,Chinese,420,Bangalore,Dinner,29,UPI,SS Hyderabad Biryani,30,4
109236,31,South Indian,421,Chennai,Dinner,30,Cash on Delivery,Saravana Bhavan,30,5
109237,18,South Indian,494,Bangalore,Evening,50,Debit Card,KFC,50,4
109238,23,Biryani,409,Coimbatore,Lunch,22,UPI,Local Kitchen,0,5
109239,34,North Indian,636,Coimbatore,Dinner,36,Debit Card,KFC,75,3
109240,40,North Indian,497,Chennai,Dinner,46,UPI,KFC,0,4
109241,30,Chinese,393,Bangalore,Breakfast,24,Credit Card,SS Hyderabad Biryani,20,5
109242,41,Biryani,513,Chennai,Dinner,24,Cash on Delivery,Anjappar,0,4
109243,41,South Indian,699,Madurai,Evening,37,UPI,KFC,30,4
109244,41,Chinese,681,Bangalore,Dinner,38,Cash on Delivery,Chinese Wok,20,5
109245,34,North Indian,549,Chennai,Lunch,31,Debit Card,Saravana Bhavan,0,5
109246,53,North Indian,793,Trichy,Lunch,39,Wallet,SS Hyderabad Biryani,0,4
109247,34,Pizza,811,Bangalore,Dinner,18,Credit Card,KFC,0,5
109248,33,Biryani,355,Coimbatore,Evening,28,UPI,SS Hyderabad Biryani,0,3
109249,26,North Indian,483,Chennai,Evening,46,UPI,Chinese Wok,0,4
109250,29,South Indian,801,Bangalore,Dinner,16,Credit Card,Local Kitchen,0,4
109251,20,Pizza,391,Coimbatore,Dinner,55,UPI,KFC,0,4
109252,38,Fast Food,560,Trichy,Dinner,33,UPI,Anjappar,100,3
109253,27,Fast Food,409,Chennai,Lunch,50,Debit Card,KFC,20,4
109254,29,South Indian,316,Chennai,Dinner,46,Credit Card,Hotel Aryaas,75,3
109255,43,Biryani,380,Salem,Evening,36,UPI,Chinese Wok,20,5
109256,30,Fast Food,386,Salem,Breakfast,37,Credit Card,Hotel Aryaas,50,4
109257,27,Pizza,665,Chennai,Lunch,53,Credit Card,Anjappar,50,4
109258,25,Biryani,731,Madurai,Breakfast,23,Debit Card,Chinese Wok,0,5
109259,44,Biryani,364,Chennai,Evening,33,UPI,Dominos,30,3
109260,24,Biryani,210,Madurai,Lunch,28,UPI,Saravana Bhavan,0,4
109261,33,Fast Food,747,Trichy,Late Night,26,Cash on Delivery,SS Hyderabad Biryani,20,5
109262,34,North Indian,271,Chennai,Dinner,45,UPI,Hotel Aryaas,20,4
109263,40,Biryani,531,Chennai,Dinner,38,Debit Card,SS Hyderabad Biryani,30,4
109264,38,Biryani,831,Chennai,Evening,38,UPI,Chinese Wok,50,5
109265,45,North Indian,266,Chennai,Dinner,38,UPI,Hotel Aryaas,75,4
109266,20,Pizza,594,Chennai,Lunch,42,Cash on Delivery,Burger King,0,4
109267,29,Biryani,423,Trichy,Dinner,32,UPI,Anjappar,50,4
109268,28,Chinese,469,Coimbatore,Evening,45,Credit Card,Anjappar,0,3
109269,25,Chinese,425,Coimbatore,Lunch,33,UPI,Burger King,75,5
109270,29,Pizza,315,Madurai,Breakfast,34,UPI,Hotel Aryaas,30,4
109271,29,South Indian,599,Coimbatore,Dinner,30,UPI,KFC,75,5
109272,35,North Indian,459,Coimbatore,Breakfast,32,Credit Card,Burger King,0,4
109273,39,Biryani,307,Chennai,Dinner,37,Credit Card,Dominos,30,5
109274,31,Fast Food,1003,Bangalore,Late Night,34,UPI,Local Kitchen,30,5
109275,42,Fast Food,397,Chennai,Lunch,26,Wallet,Anjappar,50,4
109276,30,South Indian,331,Madurai,Evening,32,UPI,Saravana Bhavan,100,5
109277,29,North Indian,483,Chennai,Dinner,31,Cash on Delivery,Dominos,0,4
109278,35,South Indian,208,Bangalore,Lunch,32,UPI,Saravana Bhavan,50,5
109279,19,Biryani,314,Bangalore,Late Night,15,Cash on Delivery,Hotel Aryaas,0,5
109280,22,Fast Food,523,Bangalore,Dinner,41,Credit Card,Anjappar,20,5
109281,32,Fast Food,410,Chennai,Lunch,32,Cash on Delivery,Chinese Wok,75,5
109282,56,North Indian,143,Chennai,Breakfast,37,Debit Card,A2B,30,5
109283,42,South Indian,361,Trichy,Late Night,39,Credit Card,Chinese Wok,75,5
109284,22,Chinese,385,Chennai,Late Night,23,UPI,A2B,30,4
109285,47,Chinese,503,Chennai,Evening,40,Debit Card,SS Hyderabad Biryani,75,4
109286,42,Pizza,546,Bangalore,Breakfast,23,Cash on Delivery,A2B,50,5
109287,37,Chinese,515,Trichy,Dinner,37,Credit Card,Dominos,50,5
109288,45,Fast Food,616,Coimbatore,Lunch,16,UPI,Hotel Aryaas,50,5
109289,32,Pizza,457,Bangalore,Late Night,15,UPI,Hotel Aryaas,30,5
109290,27,Chinese,326,Bangalore,Dinner,43,Cash on Delivery,Chinese Wok,75,3
109291,34,Chinese,273,Chennai,Dinner,39,UPI,Chinese Wok,30,5
109292,35,North Indian,552,Bangalore,Lunch,32,UPI,Saravana Bhavan,0,4
109293,35,Pizza,267,Trichy,Dinner,33,UPI,Local Kitchen,50,5
109294,36,Pizza,572,Salem,Lunch,17,Debit Card,KFC,50,5
109295,56,North Indian,280,Chennai,Breakfast,33,Debit Card,A2B,0,3
109296,52,Biryani,405,Bangalore,Evening,34,UPI,Anjappar,0,5
109297,50,South Indian,555,Coimbatore,Evening,29,Credit Card,Burger King,0,4
109298,45,South Indian,333,Chennai,Dinner,32,UPI,Anjappar,30,4
109299,56,Fast Food,752,Bangalore,Dinner,23,UPI,SS Hyderabad Biryani,30,5
109300,23,Pizza,272,Chennai,Evening,18,Debit Card,SS Hyderabad Biryani,0,5
109301,28,Pizza,480,Coimbatore,Evening,35,UPI,SS Hyderabad Biryani,20,5
109302,34,Chinese,436,Chennai,Evening,21,UPI,Chinese Wok,0,5
109303,47,North Indian,508,Coimbatore,Lunch,38,UPI,Saravana Bhavan,0,4
109304,34,Fast Food,423,Coimbatore,Dinner,37,UPI,SS Hyderabad Biryani,0,3
109305,43,Chinese,1037,Coimbatore,Evening,44,UPI,KFC,30,5
109306,25,South Indian,682,Bangalore,Late Night,36,Debit Card,SS Hyderabad Biryani,0,5
109307,28,Fast Food,517,Chennai,Dinner,63,Debit Card,Chinese Wok,100,3
109308,42,Biryani,774,Bangalore,Lunch,30,UPI,A2B,30,5
109309,25,North Indian,546,Trichy,Lunch,37,UPI,Burger King,50,4
109310,30,South Indian,500,Chennai,Evening,27,Credit Card,Burger King,20,3
109311,28,Pizza,313,Bangalore,Lunch,43,Debit Card,Saravana Bhavan,100,4
109312,30,South Indian,755,Bangalore,Evening,35,Wallet,Chinese Wok,50,5
109313,41,Biryani,225,Bangalore,Lunch,15,UPI,Local Kitchen,20,5
109314,31,Fast Food,616,Coimbatore,Late Night,25,Cash on Delivery,Hotel Aryaas,0,5
109315,35,Fast Food,584,Bangalore,Lunch,31,UPI,SS Hyderabad Biryani,30,5
109316,23,North Indian,565,Chennai,Dinner,20,UPI,Dominos,30,5
109317,45,Biryani,239,Coimbatore,Breakfast,38,Debit Card,Hotel Aryaas,30,4
109318,31,North Indian,422,Bangalore,Evening,19,Credit Card,Saravana Bhavan,100,5
109319,39,North Indian,425,Chennai,Lunch,31,UPI,Burger King,50,5
109320,42,North Indian,389,Bangalore,Evening,30,UPI,Anjappar,30,5
109321,26,South Indian,228,Bangalore,Evening,43,UPI,A2B,50,5
109322,51,North Indian,415,Madurai,Dinner,31,UPI,Hotel Aryaas,20,5
109323,38,Fast Food,322,Chennai,Dinner,41,Debit Card,Anjappar,50,5
109324,32,Biryani,523,Salem,Dinner,37,Debit Card,KFC,75,5
109325,26,Fast Food,560,Bangalore,Dinner,21,Wallet,SS Hyderabad Biryani,100,4
109326,55,North Indian,443,Coimbatore,Dinner,55,Credit Card,Hotel Aryaas,0,4
109327,43,Biryani,393,Chennai,Dinner,44,UPI,KFC,20,4
109328,26,South Indian,296,Bangalore,Breakfast,23,Wallet,Burger King,0,4
109329,30,Biryani,321,Trichy,Late Night,22,Debit Card,Hotel Aryaas,50,5
109330,45,Fast Food,566,Bangalore,Late Night,45,UPI,Anjappar,20,4
109331,41,Biryani,309,Bangalore,Dinner,42,UPI,Local Kitchen,30,4
109332,43,Pizza,693,Coimbatore,Evening,40,UPI,A2B,50,3
109333,32,South Indian,545,Coimbatore,Lunch,23,Wallet,SS Hyderabad Biryani,75,5
109334,41,North Indian,456,Coimbatore,Dinner,27,UPI,A2B,30,5
109335,31,Chinese,541,Madurai,Dinner,46,Credit Card,KFC,30,5
109336,26,North Indian,372,Coimbatore,Dinner,39,Cash on Delivery,Saravana Bhavan,0,5
109337,38,South Indian,717,Chennai,Dinner,26,Wallet,Burger King,50,5
109338,58,Chinese,227,Coimbatore,Lunch,47,UPI,Hotel Aryaas,50,4
109339,29,South Indian,475,Trichy,Evening,53,Wallet,KFC,0,5
109340,33,South Indian,265,Madurai,Dinner,28,UPI,Dominos,50,4
109341,40,Pizza,563,Coimbatore,Breakfast,26,Cash on Delivery,SS Hyderabad Biryani,0,4
109342,35,Chinese,449,Trichy,Dinner,48,Wallet,Dominos,50,4
109343,47,Pizza,552,Chennai,Dinner,49,Credit Card,Burger King,0,4
109344,43,Pizza,262,Chennai,Lunch,49,Credit Card,A2B,75,4
109345,21,Biryani,742,Chennai,Breakfast,37,Debit Card,SS Hyderabad Biryani,20,4
109346,60,Chinese,284,Chennai,Dinner,28,UPI,Hotel Aryaas,30,4
109347,43,Biryani,358,Chennai,Lunch,42,UPI,Hotel Aryaas,0,5
109348,49,South Indian,619,Bangalore,Evening,30,UPI,Burger King,75,5
109349,39,Chinese,523,Bangalore,Dinner,29,Cash on Delivery,Hotel Aryaas,100,4
109350,48,North Indian,500,Bangalore,Dinner,35,Credit Card,Hotel Aryaas,20,5
109351,23,Biryani,514,Madurai,Dinner,33,Debit Card,Saravana Bhavan,0,5
109352,30,Biryani,205,Madurai,Dinner,28,UPI,Anjappar,30,3
109353,50,Biryani,265,Chennai,Evening,23,Debit Card,Chinese Wok,100,5
109354,26,Fast Food,304,Bangalore,Dinner,31,UPI,Local Kitchen,50,5
109355,22,Pizza,342,Bangalore,Dinner,27,UPI,A2B,100,4
109356,44,Pizza,428,Salem,Dinner,20,UPI,Chinese Wok,75,4
109357,46,Chinese,249,Chennai,Evening,35,Cash on Delivery,Hotel Aryaas,50,4
109358,25,North Indian,207,Chennai,Evening,35,Cash on Delivery,Dominos,0,5
109359,48,Fast Food,254,Bangalore,Evening,41,Wallet,Hotel Aryaas,75,5
109360,40,Biryani,636,Madurai,Evening,35,Credit Card,Burger King,30,4
109361,35,Biryani,222,Coimbatore,Lunch,33,Wallet,Dominos,30,4
109362,46,Pizza,310,Bangalore,Late Night,41,Credit Card,Burger King,30,4
109363,32,Chinese,411,Chennai,Lunch,35,UPI,Burger King,100,4
109364,26,Chinese,408,Salem,Lunch,36,Credit Card,Anjappar,0,5
109365,28,Fast Food,548,Chennai,Evening,39,Cash on Delivery,Saravana Bhavan,50,4
109366,34,Fast Food,352,Chennai,Dinner,28,Debit Card,Saravana Bhavan,50,4
109367,35,North Indian,382,Chennai,Late Night,43,UPI,Burger King,0,5
109368,45,Biryani,409,Coimbatore,Dinner,34,UPI,Burger King,100,4
109369,44,Pizza,462,Chennai,Dinner,33,Credit Card,Dominos,30,4
109370,36,Fast Food,481,Madurai,Dinner,43,Wallet,SS Hyderabad Biryani,50,4
109371,44,Biryani,304,Trichy,Late Night,29,UPI,A2B,20,4
109372,26,Chinese,389,Chennai,Lunch,30,Cash on Delivery,A2B,20,4
109373,20,Fast Food,429,Bangalore,Evening,39,UPI,Hotel Aryaas,30,4
109374,50,Chinese,591,Chennai,Evening,36,Cash on Delivery,Anjappar,75,5
109375,21,Chinese,281,Coimbatore,Evening,67,Debit Card,Saravana Bhavan,30,3
109376,27,South Indian,735,Coimbatore,Dinner,44,UPI,Hotel Aryaas,50,4
109377,41,Pizza,374,Chennai,Evening,15,UPI,Local Kitchen,20,5
109378,32,South Indian,389,Bangalore,Dinner,37,Cash on Delivery,Chinese Wok,0,4
109379,50,Fast Food,265,Chennai,Evening,16,Credit Card,Anjappar,30,5
109380,29,Chinese,410,Trichy,Lunch,30,Credit Card,Chinese Wok,0,5
109381,18,South Indian,239,Bangalore,Evening,36,UPI,Dominos,20,4
109382,29,Biryani,591,Madurai,Dinner,29,UPI,Burger King,0,4
109383,36,North Indian,799,Salem,Dinner,15,Debit Card,SS Hyderabad Biryani,50,5
109384,31,South Indian,518,Salem,Late Night,35,Debit Card,Burger King,30,4
109385,35,Pizza,631,Bangalore,Dinner,28,Cash on Delivery,Burger King,0,4
109386,50,Pizza,616,Coimbatore,Evening,40,Credit Card,Dominos,30,4
109387,53,South Indian,516,Coimbatore,Lunch,15,UPI,Local Kitchen,30,5
109388,28,South Indian,555,Madurai,Dinner,27,Credit Card,KFC,20,5
109389,33,Fast Food,454,Bangalore,Dinner,42,Credit Card,Saravana Bhavan,20,3
109390,35,South Indian,530,Salem,Evening,15,UPI,Saravana Bhavan,75,5
109391,56,North Indian,512,Chennai,Lunch,39,Wallet,A2B,0,5
109392,60,Pizza,670,Coimbatore,Dinner,26,Credit Card,Anjappar,100,5
109393,27,Biryani,439,Coimbatore,Lunch,32,UPI,A2B,0,4
109394,42,South Indian,801,Trichy,Late Night,23,Wallet,Local Kitchen,0,4
109395,31,North Indian,433,Chennai,Dinner,31,Wallet,A2B,20,3
109396,18,South Indian,392,Coimbatore,Lunch,24,Wallet,Chinese Wok,100,4
109397,18,Pizza,640,Coimbatore,Lunch,22,Cash on Delivery,Saravana Bhavan,75,5
109398,33,Pizza,443,Chennai,Dinner,42,UPI,Hotel Aryaas,50,3
109399,34,Fast Food,371,Coimbatore,Dinner,33,Wallet,Anjappar,50,4
109400,19,Fast Food,334,Bangalore,Dinner,36,Debit Card,KFC,30,4
109401,40,Chinese,434,Chennai,Dinner,35,Credit Card,Local Kitchen,75,5
109402,29,South Indian,380,Bangalore,Dinner,47,Wallet,Anjappar,0,4
109403,36,South Indian,641,Salem,Evening,38,UPI,SS Hyderabad Biryani,30,4
109404,29,Chinese,565,Salem,Late Night,39,Wallet,Dominos,75,4
109405,25,Pizza,506,Bangalore,Evening,41,Credit Card,KFC,30,4
109406,32,Fast Food,973,Bangalore,Breakfast,25,Credit Card,Dominos,75,5
109407,27,Biryani,677,Coimbatore,Lunch,52,Credit Card,A2B,0,4
109408,35,Fast Food,848,Salem,Lunch,21,Debit Card,KFC,0,5
109409,26,South Indian,357,Chennai,Evening,37,UPI,SS Hyderabad Biryani,30,4
109410,34,Fast Food,724,Coimbatore,Dinner,37,Wallet,SS Hyderabad Biryani,50,5
109411,25,South Indian,564,Chennai,Breakfast,58,UPI,Hotel Aryaas,30,2
109412,40,Biryani,357,Coimbatore,Dinner,38,Cash on Delivery,Dominos,20,3
109413,43,South Indian,309,Chennai,Dinner,26,Debit Card,Dominos,50,5
109414,23,Fast Food,484,Madurai,Lunch,28,Cash on Delivery,Dominos,100,3
109415,33,South Indian,454,Bangalore,Lunch,30,UPI,Burger King,30,4
109416,21,South Indian,245,Bangalore,Evening,35,Cash on Delivery,Anjappar,0,5
109417,37,Fast Food,393,Coimbatore,Lunch,36,Credit Card,SS Hyderabad Biryani,30,5
109418,28,North Indian,253,Trichy,Breakfast,38,Cash on Delivery,Anjappar,50,4
109419,35,Biryani,362,Chennai,Breakfast,34,UPI,Dominos,0,4
109420,34,Chinese,541,Coimbatore,Evening,39,Cash on Delivery,Chinese Wok,20,4
109421,54,North Indian,666,Bangalore,Lunch,23,Cash on Delivery,Local Kitchen,50,5
109422,35,South Indian,657,Trichy,Breakfast,18,Credit Card,Anjappar,0,4
109423,36,Pizza,316,Chennai,Dinner,45,UPI,A2B,0,3
109424,31,Biryani,283,Bangalore,Lunch,18,Credit Card,Chinese Wok,50,4
109425,56,South Indian,279,Bangalore,Evening,33,UPI,Anjappar,20,5
109426,44,South Indian,467,Trichy,Lunch,26,Credit Card,KFC,0,5
109427,28,Biryani,972,Chennai,Breakfast,52,Cash on Delivery,Anjappar,50,4
109428,47,South Indian,312,Coimbatore,Dinner,53,UPI,Chinese Wok,0,3
109429,32,Fast Food,640,Chennai,Lunch,34,Debit Card,Burger King,0,5
109430,46,Chinese,338,Chennai,Breakfast,31,Credit Card,Burger King,30,4
109431,45,North Indian,265,Chennai,Dinner,31,UPI,SS Hyderabad Biryani,75,5
109432,26,Biryani,231,Salem,Breakfast,36,Credit Card,Saravana Bhavan,30,5
109433,41,Fast Food,396,Chennai,Evening,43,Cash on Delivery,Anjappar,0,4
109434,29,South Indian,416,Salem,Lunch,68,Credit Card,A2B,30,5
109435,29,South Indian,592,Chennai,Lunch,23,Debit Card,KFC,30,4
109436,29,Pizza,1084,Salem,Breakfast,36,Debit Card,Dominos,100,3
109437,42,South Indian,518,Bangalore,Late Night,32,UPI,KFC,100,4
109438,27,Biryani,752,Chennai,Evening,29,UPI,A2B,20,3
109439,18,Chinese,509,Bangalore,Dinner,30,UPI,Chinese Wok,50,4
109440,41,Pizza,438,Coimbatore,Dinner,33,UPI,KFC,75,4
109441,25,South Indian,1200,Coimbatore,Dinner,36,Cash on Delivery,SS Hyderabad Biryani,30,4
109442,23,South Indian,255,Coimbatore,Dinner,38,UPI,Dominos,75,4
109443,27,Biryani,484,Coimbatore,Dinner,39,UPI,Local Kitchen,30,4
109444,31,Fast Food,524,Bangalore,Evening,20,Credit Card,SS Hyderabad Biryani,30,5
109445,33,Fast Food,406,Madurai,Evening,27,Debit Card,Chinese Wok,0,4
109446,20,South Indian,619,Coimbatore,Dinner,39,UPI,Hotel Aryaas,20,3
109447,58,North Indian,373,Salem,Dinner,48,UPI,Burger King,0,4
109448,41,South Indian,257,Salem,Lunch,39,UPI,A2B,50,4
109449,29,Biryani,361,Chennai,Dinner,31,Credit Card,Saravana Bhavan,20,4
109450,29,Fast Food,693,Chennai,Dinner,39,UPI,A2B,75,4
109451,33,Fast Food,444,Coimbatore,Breakfast,37,Debit Card,Dominos,0,5
109452,38,Chinese,272,Bangalore,Late Night,24,UPI,A2B,0,4
109453,25,South Indian,392,Chennai,Evening,32,UPI,SS Hyderabad Biryani,20,4
109454,26,Fast Food,667,Chennai,Dinner,36,Cash on Delivery,Local Kitchen,100,4
109455,48,South Indian,302,Bangalore,Lunch,41,UPI,A2B,100,4
109456,28,Fast Food,290,Bangalore,Lunch,48,Credit Card,Chinese Wok,50,4
109457,31,Biryani,407,Chennai,Lunch,52,UPI,Chinese Wok,20,5
109458,49,Biryani,564,Trichy,Lunch,17,Credit Card,Anjappar,30,5
109459,39,Fast Food,565,Bangalore,Evening,32,UPI,SS Hyderabad Biryani,100,3
109460,30,Biryani,341,Coimbatore,Dinner,49,Cash on Delivery,Anjappar,50,4
109461,40,Fast Food,838,Madurai,Dinner,42,Debit Card,Anjappar,50,3
109462,19,Pizza,388,Chennai,Lunch,42,Debit Card,KFC,100,5
109463,42,Chinese,428,Coimbatore,Breakfast,27,Debit Card,KFC,50,4
109464,34,South Indian,194,Chennai,Dinner,27,UPI,Saravana Bhavan,20,5
109465,45,Pizza,500,Chennai,Evening,41,Credit Card,Chinese Wok,30,5
109466,57,Fast Food,437,Coimbatore,Late Night,29,UPI,Chinese Wok,20,5
109467,54,Pizza,630,Chennai,Dinner,23,UPI,Dominos,30,5
109468,53,Fast Food,415,Bangalore,Dinner,35,UPI,KFC,100,5
109469,34,Fast Food,464,Bangalore,Breakfast,32,Cash on Delivery,Dominos,30,4
109470,30,Fast Food,552,Chennai,Dinner,43,Credit Card,Chinese Wok,30,5
109471,33,Biryani,336,Chennai,Lunch,38,UPI,Chinese Wok,20,4
109472,40,North Indian,319,Madurai,Dinner,53,Wallet,KFC,0,4
109473,50,Biryani,537,Chennai,Evening,24,UPI,Chinese Wok,0,4
109474,26,Fast Food,508,Coimbatore,Dinner,34,Credit Card,Saravana Bhavan,50,3
109475,53,Fast Food,395,Coimbatore,Lunch,40,Wallet,Local Kitchen,30,3
109476,45,Biryani,486,Trichy,Evening,39,UPI,SS Hyderabad Biryani,30,4
109477,59,Biryani,510,Trichy,Breakfast,37,UPI,Local Kitchen,100,5
109478,50,Biryani,445,Madurai,Breakfast,17,Credit Card,A2B,30,5
109479,28,Fast Food,481,Chennai,Dinner,15,Credit Card,Burger King,20,5
109480,23,Pizza,568,Madurai,Late Night,23,UPI,KFC,20,5
109481,23,Fast Food,648,Chennai,Dinner,39,UPI,Dominos,30,4
109482,29,Biryani,453,Chennai,Evening,15,UPI,A2B,20,5
109483,38,Chinese,477,Bangalore,Breakfast,41,Cash on Delivery,A2B,20,4
109484,45,North Indian,327,Bangalore,Breakfast,31,Cash on Delivery,KFC,50,4
109485,52,Fast Food,654,Chennai,Lunch,31,UPI,KFC,20,5
109486,38,Fast Food,510,Chennai,Late Night,53,UPI,Burger King,0,3
109487,18,North Indian,425,Madurai,Evening,52,Debit Card,Dominos,20,3
109488,26,Biryani,386,Trichy,Dinner,27,UPI,KFC,100,4
109489,23,South Indian,567,Bangalore,Dinner,42,Cash on Delivery,Saravana Bhavan,50,5
109490,30,Fast Food,840,Coimbatore,Dinner,34,Credit Card,Hotel Aryaas,30,4
109491,34,North Indian,593,Trichy,Late Night,43,UPI,Anjappar,20,5
109492,20,North Indian,335,Madurai,Lunch,30,UPI,A2B,75,5
109493,30,Pizza,335,Bangalore,Evening,21,Cash on Delivery,SS Hyderabad Biryani,0,5
109494,26,Fast Food,388,Coimbatore,Dinner,34,UPI,Hotel Aryaas,20,5
109495,39,Fast Food,385,Chennai,Dinner,42,UPI,Anjappar,30,4
109496,33,Fast Food,466,Coimbatore,Lunch,33,UPI,A2B,50,4
109497,34,North Indian,525,Coimbatore,Lunch,42,UPI,Saravana Bhavan,20,5
109498,32,North Indian,698,Coimbatore,Dinner,47,UPI,Anjappar,75,5
109499,57,Fast Food,916,Bangalore,Breakfast,46,Cash on Delivery,Local Kitchen,20,4
109500,27,Chinese,349,Chennai,Late Night,39,Credit Card,Saravana Bhavan,0,4
109501,34,Biryani,1160,Trichy,Breakfast,21,Credit Card,Dominos,30,5
109502,42,South Indian,519,Chennai,Dinner,15,UPI,Anjappar,100,5
109503,35,Chinese,240,Coimbatore,Dinner,40,UPI,Hotel Aryaas,20,5
109504,54,Fast Food,452,Madurai,Dinner,42,Cash on Delivery,Burger King,20,5
109505,31,Fast Food,487,Coimbatore,Evening,34,UPI,Saravana Bhavan,30,5
109506,33,Biryani,277,Coimbatore,Dinner,37,Cash on Delivery,Local Kitchen,0,5
109507,22,Pizza,342,Coimbatore,Dinner,33,Debit Card,Anjappar,30,4
109508,37,Pizza,708,Trichy,Dinner,35,Credit Card,Local Kitchen,20,5
109509,28,North Indian,364,Salem,Lunch,38,UPI,SS Hyderabad Biryani,20,5
109510,25,Chinese,960,Bangalore,Breakfast,43,Debit Card,A2B,50,4
109511,35,South Indian,343,Madurai,Breakfast,35,Cash on Delivery,Anjappar,0,5
109512,35,Fast Food,1021,Chennai,Lunch,34,UPI,SS Hyderabad Biryani,100,5
109513,21,North Indian,452,Trichy,Dinner,33,UPI,KFC,30,4
109514,41,South Indian,389,Salem,Evening,36,Debit Card,SS Hyderabad Biryani,0,5
109515,38,Chinese,730,Bangalore,Dinner,15,Credit Card,SS Hyderabad Biryani,0,5
109516,26,Chinese,279,Madurai,Lunch,43,Credit Card,Burger King,50,4
109517,33,Pizza,482,Bangalore,Evening,32,Credit Card,Burger King,0,5
109518,42,Biryani,377,Coimbatore,Dinner,26,Credit Card,Anjappar,50,4
109519,35,Fast Food,538,Trichy,Late Night,48,UPI,Dominos,50,3
109520,31,Chinese,614,Bangalore,Late Night,31,UPI,Anjappar,100,5
109521,29,North Indian,630,Bangalore,Dinner,24,Debit Card,Saravana Bhavan,0,4
109522,37,Chinese,586,Bangalore,Dinner,41,Credit Card,Hotel Aryaas,30,5
109523,55,Fast Food,344,Trichy,Late Night,29,Cash on Delivery,SS Hyderabad Biryani,50,4
109524,40,Fast Food,391,Madurai,Dinner,30,Wallet,Local Kitchen,0,4
109525,21,Chinese,537,Chennai,Late Night,43,UPI,Burger King,50,4
109526,33,Chinese,539,Coimbatore,Breakfast,44,Debit Card,Chinese Wok,30,4
109527,51,South Indian,931,Salem,Late Night,21,Wallet,Dominos,20,5
109528,22,Fast Food,292,Bangalore,Dinner,33,Debit Card,Saravana Bhavan,20,4
109529,60,North Indian,803,Salem,Lunch,20,UPI,SS Hyderabad Biryani,20,4
109530,56,South Indian,335,Trichy,Lunch,30,Cash on Delivery,Dominos,50,5
109531,22,Pizza,429,Bangalore,Dinner,26,Debit Card,SS Hyderabad Biryani,100,3
109532,55,Biryani,656,Coimbatore,Evening,45,UPI,Local Kitchen,50,4
109533,30,Fast Food,353,Coimbatore,Late Night,23,Credit Card,A2B,0,4
109534,47,Pizza,552,Bangalore,Lunch,39,Debit Card,Hotel Aryaas,0,3
109535,32,Biryani,578,Coimbatore,Evening,31,UPI,Dominos,0,4
109536,32,South Indian,522,Madurai,Lunch,18,Cash on Delivery,Chinese Wok,30,4
109537,38,South Indian,699,Madurai,Evening,26,Wallet,Dominos,75,4
109538,44,Chinese,979,Coimbatore,Dinner,21,UPI,Chinese Wok,20,4
109539,19,Fast Food,674,Madurai,Dinner,26,Debit Card,Hotel Aryaas,0,5
109540,37,Biryani,272,Coimbatore,Breakfast,24,UPI,Burger King,20,5
109541,26,North Indian,433,Coimbatore,Breakfast,31,UPI,KFC,50,4
109542,30,South Indian,442,Coimbatore,Breakfast,44,Wallet,A2B,50,5
109543,30,Biryani,625,Trichy,Dinner,25,UPI,A2B,20,3
109544,33,Biryani,213,Coimbatore,Lunch,23,UPI,SS Hyderabad Biryani,30,4
109545,30,North Indian,216,Coimbatore,Evening,28,Cash on Delivery,Anjappar,30,4
109546,23,Biryani,802,Coimbatore,Evening,31,UPI,Burger King,30,5
109547,25,South Indian,379,Chennai,Dinner,26,Debit Card,KFC,0,5
109548,19,South Indian,330,Bangalore,Breakfast,21,Wallet,Saravana Bhavan,50,5
109549,33,Pizza,421,Chennai,Lunch,42,UPI,KFC,20,5
109550,57,Chinese,337,Trichy,Dinner,40,UPI,Saravana Bhavan,20,5
109551,24,South Indian,451,Chennai,Late Night,33,UPI,SS Hyderabad Biryani,20,5
109552,56,Biryani,440,Bangalore,Dinner,49,Wallet,KFC,75,3
109553,42,Pizza,436,Chennai,Lunch,59,Credit Card,KFC,20,4
109554,38,South Indian,224,Salem,Evening,47,Credit Card,Chinese Wok,50,5
109555,39,North Indian,619,Coimbatore,Late Night,15,UPI,Anjappar,20,5
109556,45,South Indian,647,Trichy,Evening,37,Cash on Delivery,Saravana Bhavan,0,4
109557,23,Chinese,432,Madurai,Evening,26,Credit Card,A2B,20,4
109558,34,Biryani,492,Madurai,Evening,30,Credit Card,Burger King,100,4
109559,41,Chinese,465,Trichy,Late Night,18,Credit Card,KFC,75,5
109560,37,Fast Food,848,Chennai,Dinner,37,Debit Card,Local Kitchen,20,5
109561,46,Fast Food,370,Bangalore,Dinner,51,UPI,Burger King,20,3
109562,21,Biryani,446,Chennai,Lunch,33,Wallet,KFC,30,5
109563,40,Biryani,1067,Madurai,Dinner,44,UPI,SS Hyderabad Biryani,20,3
109564,35,Biryani,412,Salem,Evening,37,UPI,Saravana Bhavan,75,4
109565,31,Fast Food,255,Trichy,Lunch,42,UPI,Dominos,30,5
109566,30,North Indian,441,Chennai,Dinner,15,UPI,Chinese Wok,75,5
109567,38,Fast Food,797,Coimbatore,Evening,38,UPI,SS Hyderabad Biryani,20,4
109568,51,Chinese,651,Coimbatore,Lunch,42,UPI,A2B,50,5
109569,34,Biryani,422,Chennai,Late Night,51,UPI,Local Kitchen,20,3
109570,45,South Indian,599,Chennai,Lunch,20,Wallet,Chinese Wok,0,4
109571,31,South Indian,860,Coimbatore,Dinner,50,Cash on Delivery,Hotel Aryaas,20,3
109572,23,North Indian,174,Salem,Dinner,31,UPI,Burger King,20,4
109573,21,Pizza,254,Bangalore,Late Night,36,UPI,Dominos,20,5
109574,20,South Indian,346,Bangalore,Dinner,43,UPI,Local Kitchen,30,4
109575,31,Pizza,390,Coimbatore,Dinner,43,Cash on Delivery,Dominos,20,3
109576,30,Biryani,344,Bangalore,Lunch,17,UPI,Dominos,0,4
109577,41,South Indian,607,Salem,Evening,35,Credit Card,Saravana Bhavan,0,5
109578,42,Biryani,706,Bangalore,Late Night,23,UPI,Local Kitchen,30,4
109579,20,Fast Food,637,Chennai,Breakfast,35,Debit Card,Anjappar,30,4
109580,27,Fast Food,478,Coimbatore,Dinner,28,Credit Card,Local Kitchen,0,4
109581,28,Chinese,737,Salem,Lunch,17,UPI,Local Kitchen,0,5
109582,35,South Indian,442,Coimbatore,Lunch,24,UPI,KFC,50,4
109583,25,Chinese,641,Bangalore,Lunch,40,Debit Card,A2B,20,4
109584,24,South Indian,390,Chennai,Breakfast,37,UPI,KFC,20,4
109585,56,Biryani,377,Chennai,Late Night,23,UPI,Hotel Aryaas,0,5
109586,45,Chinese,227,Trichy,Dinner,28,UPI,Burger King,20,5
109587,26,Pizza,512,Coimbatore,Evening,36,Credit Card,KFC,0,4
109588,32,North Indian,500,Coimbatore,Dinner,37,Credit Card,Burger King,20,5
109589,30,South Indian,307,Coimbatore,Dinner,41,UPI,Chinese Wok,0,3
109590,44,Chinese,260,Salem,Dinner,36,UPI,Anjappar,75,5
109591,34,Chinese,400,Chennai,Dinner,40,UPI,Burger King,0,4
109592,24,Biryani,453,Trichy,Lunch,33,Credit Card,Dominos,0,5
109593,42,Biryani,477,Coimbatore,Evening,39,Cash on Delivery,Saravana Bhavan,75,5
109594,31,Biryani,446,Trichy,Dinner,50,UPI,Local Kitchen,30,5
109595,28,Fast Food,574,Salem,Late Night,50,Credit Card,Anjappar,100,4
109596,31,South Indian,402,Coimbatore,Dinner,34,UPI,Anjappar,30,5
109597,34,North Indian,542,Chennai,Dinner,22,Debit Card,SS Hyderabad Biryani,50,5
109598,30,South Indian,346,Chennai,Dinner,47,Credit Card,Burger King,20,3
109599,27,Chinese,474,Madurai,Dinner,15,Debit Card,Dominos,50,5
109600,31,Chinese,487,Chennai,Dinner,39,Credit Card,Chinese Wok,30,4
109601,18,Biryani,420,Chennai,Evening,39,UPI,KFC,0,4
109602,43,Biryani,479,Chennai,Evening,34,UPI,A2B,0,5
109603,25,South Indian,254,Coimbatore,Dinner,38,UPI,Burger King,30,4
109604,20,Chinese,422,Chennai,Lunch,21,UPI,Chinese Wok,20,5
109605,39,North Indian,197,Trichy,Lunch,23,Cash on Delivery,KFC,30,5
109606,44,Fast Food,306,Trichy,Dinner,21,UPI,Anjappar,0,4
109607,45,North Indian,436,Coimbatore,Evening,22,Credit Card,Chinese Wok,20,3
109608,34,Fast Food,465,Bangalore,Late Night,27,UPI,Hotel Aryaas,75,5
109609,26,Chinese,392,Bangalore,Late Night,32,UPI,Burger King,50,5
109610,42,South Indian,300,Madurai,Evening,44,Credit Card,Saravana Bhavan,30,4
109611,41,Biryani,345,Bangalore,Dinner,54,UPI,SS Hyderabad Biryani,30,4
109612,27,Biryani,653,Bangalore,Dinner,26,Cash on Delivery,A2B,20,5
109613,52,Biryani,397,Bangalore,Evening,33,Debit Card,Dominos,50,5
109614,23,Fast Food,868,Madurai,Lunch,35,Wallet,Hotel Aryaas,0,4
109615,59,Chinese,574,Coimbatore,Dinner,25,Wallet,Saravana Bhavan,20,4
109616,48,Biryani,651,Coimbatore,Dinner,29,Debit Card,Local Kitchen,50,4
109617,40,South Indian,330,Chennai,Lunch,51,Debit Card,Saravana Bhavan,50,4
109618,55,Fast Food,487,Bangalore,Dinner,46,Credit Card,KFC,75,4
109619,42,Pizza,300,Coimbatore,Dinner,47,UPI,KFC,20,5
109620,26,Pizza,405,Bangalore,Lunch,40,Debit Card,KFC,75,5
109621,32,Pizza,324,Coimbatore,Dinner,42,UPI,Hotel Aryaas,75,4
109622,21,South Indian,542,Trichy,Lunch,38,Credit Card,Local Kitchen,0,4
109623,31,Fast Food,410,Chennai,Lunch,50,Debit Card,Hotel Aryaas,50,4
109624,42,Pizza,361,Bangalore,Dinner,15,Credit Card,SS Hyderabad Biryani,50,5
109625,31,Biryani,486,Bangalore,Late Night,23,Debit Card,SS Hyderabad Biryani,0,5
109626,30,Fast Food,383,Coimbatore,Lunch,19,UPI,Saravana Bhavan,30,5
109627,37,Biryani,922,Coimbatore,Late Night,27,Debit Card,Burger King,100,5
109628,49,Chinese,357,Trichy,Lunch,35,Wallet,Saravana Bhavan,100,4
109629,20,Chinese,268,Coimbatore,Lunch,33,Credit Card,Hotel Aryaas,50,3
109630,31,Chinese,466,Trichy,Breakfast,25,UPI,A2B,75,5
109631,25,Fast Food,410,Trichy,Lunch,36,Credit Card,Burger King,20,4
109632,41,Biryani,424,Bangalore,Evening,37,UPI,Local Kitchen,30,3
109633,23,North Indian,328,Madurai,Late Night,39,UPI,Local Kitchen,100,3
109634,39,South Indian,407,Bangalore,Lunch,42,UPI,Saravana Bhavan,75,4
109635,28,Fast Food,426,Bangalore,Evening,28,Credit Card,SS Hyderabad Biryani,0,5
109636,26,South Indian,674,Salem,Dinner,44,Debit Card,Hotel Aryaas,0,3
109637,55,Biryani,661,Coimbatore,Lunch,33,Debit Card,Chinese Wok,30,4
109638,18,Biryani,312,Chennai,Dinner,42,Wallet,Local Kitchen,20,3
109639,32,Fast Food,811,Coimbatore,Evening,28,UPI,Saravana Bhavan,0,4
109640,19,Fast Food,600,Bangalore,Lunch,51,Cash on Delivery,SS Hyderabad Biryani,20,3
109641,34,Fast Food,690,Chennai,Dinner,39,Debit Card,SS Hyderabad Biryani,100,4
109642,34,North Indian,644,Trichy,Breakfast,35,Debit Card,A2B,20,5
109643,29,South Indian,329,Coimbatore,Lunch,22,Debit Card,Hotel Aryaas,20,5
109644,24,South Indian,484,Trichy,Evening,45,Credit Card,Burger King,30,5
109645,31,Chinese,587,Chennai,Evening,23,UPI,SS Hyderabad Biryani,0,5
109646,40,North Indian,175,Coimbatore,Dinner,56,Wallet,Burger King,20,4
109647,44,Biryani,676,Chennai,Evening,41,UPI,Anjappar,30,4
109648,35,Pizza,378,Chennai,Dinner,21,UPI,Dominos,20,5
109649,37,South Indian,228,Coimbatore,Dinner,36,UPI,KFC,30,4
109650,26,Biryani,383,Salem,Evening,54,Debit Card,Dominos,0,4
109651,28,Fast Food,723,Coimbatore,Late Night,34,Cash on Delivery,Hotel Aryaas,50,5
109652,25,South Indian,354,Bangalore,Late Night,30,UPI,Local Kitchen,100,4
109653,27,Chinese,434,Coimbatore,Dinner,37,UPI,Hotel Aryaas,20,5
109654,27,Fast Food,323,Chennai,Breakfast,26,UPI,Saravana Bhavan,100,4
109655,35,South Indian,553,Bangalore,Evening,47,Cash on Delivery,Burger King,50,5
109656,36,Chinese,317,Chennai,Lunch,25,UPI,Saravana Bhavan,50,4
109657,56,South Indian,660,Trichy,Evening,38,UPI,Anjappar,30,5
109658,26,Pizza,270,Madurai,Lunch,47,UPI,Dominos,0,3
109659,39,Pizza,441,Coimbatore,Dinner,35,Wallet,Hotel Aryaas,100,4
109660,45,South Indian,323,Bangalore,Breakfast,47,UPI,Burger King,100,5
109661,36,North Indian,672,Chennai,Late Night,32,Cash on Delivery,A2B,75,5
109662,28,Biryani,416,Madurai,Lunch,23,Credit Card,Hotel Aryaas,30,4
109663,28,Biryani,442,Trichy,Dinner,41,UPI,Anjappar,0,4
109664,20,Fast Food,485,Trichy,Late Night,37,UPI,SS Hyderabad Biryani,0,5
109665,29,South Indian,660,Coimbatore,Lunch,24,UPI,Saravana Bhavan,30,5
109666,42,Chinese,376,Chennai,Late Night,33,UPI,SS Hyderabad Biryani,20,5
109667,20,South Indian,618,Bangalore,Evening,24,Cash on Delivery,SS Hyderabad Biryani,75,5
109668,27,Biryani,484,Salem,Late Night,34,Credit Card,Local Kitchen,30,5
109669,41,Biryani,627,Salem,Late Night,57,Wallet,Burger King,100,4
109670,44,Pizza,545,Coimbatore,Lunch,44,Credit Card,Saravana Bhavan,50,4
109671,33,Pizza,567,Madurai,Dinner,40,Cash on Delivery,Local Kitchen,30,4
109672,41,Chinese,502,Salem,Lunch,36,Debit Card,Hotel Aryaas,50,3
109673,31,Chinese,319,Chennai,Lunch,44,UPI,Local Kitchen,100,5
109674,25,South Indian,357,Trichy,Breakfast,35,Debit Card,Dominos,30,4
109675,31,Biryani,399,Chennai,Lunch,16,UPI,Hotel Aryaas,20,5
109676,36,South Indian,691,Coimbatore,Dinner,21,UPI,Hotel Aryaas,20,5
109677,56,Chinese,301,Chennai,Evening,29,Credit Card,Anjappar,30,5
109678,21,South Indian,493,Bangalore,Dinner,30,Debit Card,Hotel Aryaas,100,5
109679,34,Biryani,635,Trichy,Lunch,34,Credit Card,Anjappar,30,4
109680,30,North Indian,316,Bangalore,Late Night,46,Credit Card,Local Kitchen,50,4
109681,34,Pizza,451,Chennai,Breakfast,38,UPI,Anjappar,0,4
109682,19,Fast Food,516,Chennai,Breakfast,36,UPI,Anjappar,30,4
109683,29,South Indian,574,Bangalore,Dinner,23,Credit Card,Burger King,50,5
109684,45,North Indian,419,Bangalore,Dinner,32,UPI,Burger King,20,5
109685,35,Biryani,520,Bangalore,Dinner,28,Credit Card,A2B,30,5
109686,33,South Indian,229,Chennai,Evening,24,UPI,Anjappar,0,5
109687,28,South Indian,564,Madurai,Lunch,15,UPI,Dominos,30,5
109688,29,Fast Food,544,Trichy,Breakfast,22,UPI,KFC,75,4
109689,31,Pizza,311,Bangalore,Evening,51,UPI,Local Kitchen,0,4
109690,46,Fast Food,418,Madurai,Evening,46,Cash on Delivery,KFC,0,4
109691,58,Biryani,333,Salem,Lunch,25,Credit Card,A2B,50,5
109692,32,Biryani,183,Bangalore,Dinner,29,UPI,SS Hyderabad Biryani,20,5
109693,31,Biryani,254,Bangalore,Dinner,59,Cash on Delivery,KFC,30,4
109694,47,Fast Food,265,Madurai,Dinner,58,UPI,SS Hyderabad Biryani,75,4
109695,32,Chinese,436,Chennai,Lunch,36,Credit Card,Burger King,0,5
109696,35,Biryani,336,Bangalore,Dinner,41,Credit Card,SS Hyderabad Biryani,50,4
109697,27,Chinese,333,Trichy,Lunch,37,Wallet,Saravana Bhavan,30,4
109698,42,Chinese,546,Coimbatore,Lunch,31,UPI,Chinese Wok,0,5
109699,35,Fast Food,398,Trichy,Dinner,37,UPI,A2B,0,5
109700,45,South Indian,971,Bangalore,Dinner,40,UPI,Burger King,30,4
109701,44,Chinese,584,Coimbatore,Dinner,45,Credit Card,Hotel Aryaas,0,4
109702,27,South Indian,295,Bangalore,Lunch,37,UPI,Chinese Wok,20,5
109703,41,Fast Food,428,Coimbatore,Late Night,37,UPI,Local Kitchen,50,4
109704,45,South Indian,318,Trichy,Lunch,21,Debit Card,Hotel Aryaas,75,5
109705,30,North Indian,471,Coimbatore,Dinner,26,UPI,Saravana Bhavan,20,4
109706,25,South Indian,714,Trichy,Evening,16,Wallet,A2B,30,5
109707,18,Fast Food,644,Bangalore,Lunch,39,Credit Card,Dominos,30,4
109708,33,South Indian,349,Bangalore,Lunch,28,Credit Card,Saravana Bhavan,0,4
109709,30,Biryani,256,Salem,Lunch,32,UPI,Saravana Bhavan,30,5
109710,35,South Indian,497,Chennai,Evening,35,UPI,KFC,75,5
109711,26,Fast Food,516,Madurai,Late Night,37,Credit Card,Dominos,75,4
109712,48,Biryani,802,Chennai,Lunch,15,Credit Card,Saravana Bhavan,0,5
109713,28,South Indian,475,Trichy,Dinner,38,UPI,SS Hyderabad Biryani,75,4
109714,27,Biryani,785,Bangalore,Dinner,30,Cash on Delivery,SS Hyderabad Biryani,75,4
109715,33,Fast Food,424,Salem,Dinner,43,Cash on Delivery,Saravana Bhavan,50,4
109716,34,Biryani,884,Trichy,Evening,31,UPI,KFC,75,5
109717,27,Biryani,922,Chennai,Late Night,28,UPI,SS Hyderabad Biryani,20,5
109718,28,Pizza,507,Chennai,Lunch,45,Credit Card,Hotel Aryaas,100,4
109719,25,North Indian,636,Bangalore,Evening,24,UPI,Dominos,50,5
109720,41,Biryani,497,Bangalore,Dinner,29,UPI,Dominos,20,4
109721,43,South Indian,559,Chennai,Breakfast,25,UPI,SS Hyderabad Biryani,0,3
109722,33,Fast Food,512,Chennai,Dinner,29,UPI,Anjappar,0,4
109723,41,South Indian,293,Bangalore,Lunch,51,UPI,Chinese Wok,50,5
109724,42,South Indian,311,Chennai,Lunch,22,UPI,Saravana Bhavan,75,4
109725,25,Fast Food,364,Trichy,Lunch,31,Cash on Delivery,Dominos,0,4
109726,58,Chinese,540,Trichy,Late Night,42,UPI,Hotel Aryaas,50,3
109727,45,Biryani,610,Madurai,Dinner,32,UPI,Hotel Aryaas,20,5
109728,26,Biryani,552,Chennai,Lunch,38,Credit Card,Hotel Aryaas,30,4
109729,26,Pizza,737,Chennai,Lunch,29,Credit Card,Anjappar,75,4
109730,24,Chinese,559,Bangalore,Evening,33,UPI,Dominos,20,4
109731,25,South Indian,239,Salem,Dinner,31,Cash on Delivery,Hotel Aryaas,0,3
109732,43,South Indian,1005,Coimbatore,Dinner,32,UPI,Burger King,0,4
109733,33,South Indian,357,Coimbatore,Late Night,46,Wallet,Chinese Wok,100,5
109734,44,South Indian,467,Chennai,Dinner,28,UPI,A2B,50,5
109735,43,Fast Food,726,Bangalore,Dinner,37,UPI,Local Kitchen,0,3
109736,37,South Indian,469,Bangalore,Lunch,44,Wallet,Burger King,0,4
109737,40,South Indian,620,Chennai,Breakfast,40,Credit Card,Dominos,50,4
109738,18,Chinese,806,Coimbatore,Dinner,31,Cash on Delivery,Chinese Wok,20,4
109739,29,Chinese,702,Bangalore,Dinner,47,Debit Card,Dominos,30,4
109740,38,Fast Food,511,Coimbatore,Dinner,36,UPI,SS Hyderabad Biryani,30,4
109741,18,Fast Food,277,Bangalore,Lunch,43,Cash on Delivery,Dominos,0,4
109742,19,Fast Food,440,Trichy,Breakfast,29,UPI,Local Kitchen,20,4
109743,48,South Indian,435,Madurai,Evening,40,Credit Card,Chinese Wok,30,5
109744,40,South Indian,755,Bangalore,Late Night,41,UPI,A2B,20,4
109745,28,Pizza,486,Trichy,Dinner,26,UPI,KFC,30,4
109746,40,Chinese,562,Trichy,Breakfast,48,Debit Card,Hotel Aryaas,100,5
109747,44,North Indian,201,Coimbatore,Dinner,45,Debit Card,KFC,100,4
109748,29,Chinese,693,Chennai,Evening,29,UPI,Dominos,20,4
109749,19,North Indian,670,Trichy,Evening,20,UPI,KFC,50,4
109750,55,Chinese,352,Chennai,Lunch,32,UPI,Dominos,0,3
109751,30,North Indian,606,Salem,Dinner,33,Debit Card,Saravana Bhavan,100,4
109752,23,Biryani,353,Chennai,Dinner,28,Wallet,Saravana Bhavan,20,5
109753,34,Biryani,572,Salem,Dinner,29,Cash on Delivery,KFC,30,5
109754,43,South Indian,639,Bangalore,Dinner,42,UPI,A2B,20,4
109755,27,North Indian,549,Madurai,Lunch,50,UPI,SS Hyderabad Biryani,0,4
109756,28,Fast Food,779,Coimbatore,Lunch,42,Credit Card,Burger King,0,4
109757,27,Biryani,507,Salem,Dinner,47,Debit Card,Saravana Bhavan,100,5
109758,60,South Indian,349,Chennai,Dinner,34,Credit Card,Anjappar,30,5
109759,26,Chinese,511,Chennai,Evening,19,Cash on Delivery,Dominos,100,4
109760,36,Fast Food,362,Chennai,Lunch,28,UPI,A2B,20,4
109761,54,Chinese,526,Salem,Breakfast,27,UPI,KFC,30,4
109762,25,North Indian,143,Coimbatore,Lunch,44,Cash on Delivery,A2B,0,4
109763,58,North Indian,389,Bangalore,Breakfast,15,Debit Card,Chinese Wok,0,5
109764,56,Fast Food,512,Madurai,Evening,36,Debit Card,Saravana Bhavan,50,5
109765,50,Fast Food,386,Trichy,Dinner,32,UPI,SS Hyderabad Biryani,20,4
109766,27,Fast Food,449,Bangalore,Lunch,38,Credit Card,Anjappar,50,3
109767,38,Fast Food,368,Bangalore,Dinner,24,Debit Card,Local Kitchen,20,4
109768,43,Biryani,501,Madurai,Dinner,46,Credit Card,SS Hyderabad Biryani,100,5
109769,59,Pizza,460,Madurai,Lunch,36,Debit Card,Chinese Wok,75,5
109770,26,Fast Food,349,Chennai,Dinner,23,Credit Card,Anjappar,75,4
109771,43,Pizza,292,Chennai,Lunch,24,Wallet,Hotel Aryaas,50,4
109772,30,North Indian,330,Chennai,Dinner,30,Credit Card,A2B,50,4
109773,26,Biryani,406,Coimbatore,Lunch,39,UPI,KFC,75,4
109774,32,North Indian,235,Coimbatore,Evening,26,UPI,Hotel Aryaas,75,4
109775,44,Chinese,598,Bangalore,Dinner,40,Wallet,Chinese Wok,0,5
109776,33,South Indian,819,Salem,Breakfast,34,Credit Card,Hotel Aryaas,50,4
109777,35,Fast Food,783,Coimbatore,Lunch,49,UPI,Anjappar,75,4
109778,60,South Indian,429,Madurai,Lunch,28,UPI,Chinese Wok,50,4
109779,31,Fast Food,709,Bangalore,Evening,33,UPI,Saravana Bhavan,0,4
109780,38,Chinese,551,Chennai,Dinner,43,UPI,Chinese Wok,30,3
109781,30,Biryani,335,Bangalore,Lunch,26,Wallet,Saravana Bhavan,20,5
109782,31,Chinese,246,Salem,Lunch,25,UPI,SS Hyderabad Biryani,50,5
109783,41,Fast Food,336,Chennai,Evening,22,UPI,Local Kitchen,50,4
109784,55,Biryani,390,Bangalore,Lunch,40,Debit Card,Local Kitchen,0,4
109785,35,South Indian,484,Chennai,Dinner,20,Debit Card,Saravana Bhavan,20,4
109786,43,South Indian,511,Coimbatore,Lunch,37,Wallet,Dominos,75,4
109787,22,South Indian,286,Bangalore,Dinner,27,Debit Card,Saravana Bhavan,30,4
109788,26,Biryani,522,Trichy,Evening,27,UPI,Saravana Bhavan,30,5
109789,34,North Indian,466,Madurai,Breakfast,15,Wallet,Burger King,0,5
109790,19,South Indian,463,Coimbatore,Dinner,33,Debit Card,Hotel Aryaas,0,4
109791,28,Biryani,462,Trichy,Dinner,27,UPI,Hotel Aryaas,0,5
109792,34,South Indian,600,Coimbatore,Lunch,32,UPI,SS Hyderabad Biryani,0,4
109793,18,South Indian,790,Madurai,Breakfast,32,Wallet,Burger King,0,5
109794,28,Biryani,601,Coimbatore,Lunch,51,UPI,Hotel Aryaas,0,4
109795,34,South Indian,1039,Trichy,Evening,25,UPI,Local Kitchen,100,5
109796,36,Pizza,534,Madurai,Lunch,39,UPI,SS Hyderabad Biryani,20,4
109797,54,Chinese,485,Trichy,Dinner,31,Debit Card,Saravana Bhavan,20,5
109798,39,Biryani,421,Chennai,Dinner,40,UPI,SS Hyderabad Biryani,30,4
109799,32,Pizza,759,Bangalore,Dinner,32,UPI,Local Kitchen,75,5
109800,54,Fast Food,338,Madurai,Dinner,52,UPI,SS Hyderabad Biryani,50,4
109801,44,North Indian,737,Madurai,Dinner,33,UPI,Dominos,0,5
109802,26,Biryani,340,Bangalore,Dinner,35,Credit Card,Saravana Bhavan,50,5
109803,24,South Indian,493,Chennai,Late Night,46,UPI,Burger King,0,5
109804,40,South Indian,540,Chennai,Lunch,30,UPI,Saravana Bhavan,75,3
109805,36,Fast Food,346,Coimbatore,Lunch,44,UPI,Hotel Aryaas,50,4
109806,44,Pizza,491,Trichy,Lunch,46,Credit Card,Chinese Wok,100,3
109807,42,Chinese,567,Trichy,Evening,28,Debit Card,Saravana Bhavan,75,4
109808,38,Biryani,329,Chennai,Breakfast,42,Cash on Delivery,Hotel Aryaas,20,4
109809,59,South Indian,332,Salem,Lunch,24,UPI,Anjappar,75,5
109810,35,South Indian,971,Chennai,Evening,36,Cash on Delivery,Anjappar,75,5
109811,23,Biryani,596,Coimbatore,Late Night,27,UPI,Burger King,20,5
109812,46,North Indian,598,Chennai,Late Night,33,Debit Card,Saravana Bhavan,50,5
109813,28,North Indian,382,Trichy,Dinner,41,Cash on Delivery,Burger King,0,5
109814,44,Fast Food,518,Madurai,Evening,45,Wallet,SS Hyderabad Biryani,30,4
109815,57,South Indian,470,Coimbatore,Dinner,15,UPI,A2B,0,5
109816,41,Fast Food,318,Madurai,Dinner,25,UPI,Chinese Wok,20,4
109817,37,Pizza,1155,Chennai,Late Night,48,UPI,SS Hyderabad Biryani,30,3
109818,33,North Indian,541,Coimbatore,Dinner,34,Credit Card,Dominos,30,4
109819,30,Fast Food,529,Coimbatore,Lunch,34,Debit Card,Dominos,20,5
109820,30,Pizza,546,Chennai,Breakfast,44,Debit Card,KFC,0,4
109821,38,South Indian,325,Trichy,Late Night,15,UPI,Anjappar,30,5
109822,43,Fast Food,1137,Bangalore,Breakfast,24,Credit Card,Burger King,0,4
109823,40,North Indian,387,Chennai,Lunch,44,UPI,Hotel Aryaas,0,4
109824,26,South Indian,388,Chennai,Evening,17,Debit Card,Burger King,75,5
109825,34,South Indian,550,Chennai,Breakfast,34,Wallet,Burger King,20,4
109826,44,Chinese,381,Coimbatore,Late Night,15,Debit Card,Local Kitchen,100,5
109827,33,Fast Food,452,Bangalore,Lunch,29,Debit Card,SS Hyderabad Biryani,50,4
109828,35,Fast Food,507,Chennai,Breakfast,45,UPI,Hotel Aryaas,20,2
109829,43,North Indian,500,Madurai,Late Night,15,UPI,A2B,0,4
109830,39,Chinese,433,Coimbatore,Lunch,31,UPI,Chinese Wok,20,5
109831,32,Pizza,330,Coimbatore,Dinner,43,Wallet,KFC,0,4
109832,51,Fast Food,624,Salem,Evening,25,UPI,KFC,50,4
109833,25,South Indian,726,Chennai,Dinner,37,Cash on Delivery,Local Kitchen,0,3
109834,60,North Indian,337,Coimbatore,Lunch,52,UPI,Dominos,100,3
109835,24,Fast Food,690,Coimbatore,Evening,41,Debit Card,A2B,20,4
109836,18,Biryani,356,Chennai,Lunch,36,Debit Card,Hotel Aryaas,0,4
109837,51,South Indian,553,Chennai,Late Night,50,Credit Card,Dominos,75,5
109838,27,Fast Food,519,Coimbatore,Breakfast,35,Debit Card,Hotel Aryaas,20,4
109839,42,Biryani,620,Trichy,Lunch,33,Debit Card,Local Kitchen,50,4
109840,45,Pizza,291,Madurai,Dinner,23,Credit Card,Chinese Wok,75,4
109841,48,North Indian,517,Madurai,Evening,42,Cash on Delivery,Hotel Aryaas,0,5
109842,60,South Indian,406,Coimbatore,Dinner,54,UPI,Saravana Bhavan,0,4
109843,29,Pizza,633,Bangalore,Dinner,15,UPI,Anjappar,0,5
109844,41,Pizza,556,Chennai,Breakfast,26,Credit Card,KFC,0,4
109845,24,Chinese,513,Chennai,Breakfast,33,UPI,SS Hyderabad Biryani,30,3
109846,32,Biryani,358,Coimbatore,Late Night,25,Credit Card,Dominos,100,4
109847,47,Biryani,566,Coimbatore,Lunch,42,UPI,SS Hyderabad Biryani,30,5
109848,31,Biryani,355,Chennai,Evening,40,UPI,SS Hyderabad Biryani,75,4
109849,37,Biryani,283,Chennai,Dinner,38,Credit Card,Anjappar,0,4
109850,34,Fast Food,370,Chennai,Lunch,52,UPI,Burger King,75,3
109851,39,Fast Food,383,Coimbatore,Dinner,37,Cash on Delivery,Anjappar,50,5
109852,58,Fast Food,406,Coimbatore,Evening,29,UPI,Chinese Wok,100,4
109853,20,Biryani,471,Chennai,Dinner,23,UPI,Hotel Aryaas,75,5
109854,36,South Indian,471,Chennai,Lunch,39,Wallet,Chinese Wok,75,4
109855,49,Fast Food,517,Chennai,Lunch,23,UPI,Anjappar,0,5
109856,34,Pizza,469,Chennai,Dinner,41,UPI,A2B,50,4
109857,22,Biryani,351,Coimbatore,Lunch,29,Cash on Delivery,Saravana Bhavan,20,5
109858,36,Pizza,590,Chennai,Evening,15,Cash on Delivery,Dominos,20,5
109859,30,North Indian,358,Madurai,Dinner,44,UPI,Chinese Wok,30,4
109860,25,Chinese,487,Coimbatore,Dinner,40,Cash on Delivery,Anjappar,75,4
109861,47,Chinese,653,Coimbatore,Evening,42,Credit Card,Local Kitchen,0,5
109862,35,North Indian,408,Chennai,Lunch,18,UPI,Saravana Bhavan,100,4
109863,55,Biryani,317,Chennai,Dinner,47,Credit Card,KFC,75,4
109864,45,North Indian,303,Chennai,Lunch,53,Cash on Delivery,Dominos,20,4
109865,41,Pizza,346,Salem,Late Night,24,UPI,KFC,20,5
109866,18,Chinese,314,Trichy,Lunch,38,Credit Card,A2B,0,5
109867,32,Fast Food,672,Chennai,Dinner,30,UPI,Anjappar,50,4
109868,26,South Indian,432,Bangalore,Evening,30,Cash on Delivery,SS Hyderabad Biryani,0,5
109869,53,Chinese,921,Chennai,Lunch,37,UPI,Chinese Wok,20,4
109870,26,Chinese,444,Chennai,Evening,28,UPI,Dominos,20,4
109871,28,Chinese,243,Madurai,Lunch,32,Wallet,Anjappar,20,5
109872,34,Biryani,481,Chennai,Lunch,54,Cash on Delivery,Chinese Wok,75,4
109873,28,Fast Food,431,Coimbatore,Lunch,21,Credit Card,Burger King,30,5
109874,26,South Indian,603,Bangalore,Dinner,37,UPI,Anjappar,0,5
109875,37,Fast Food,425,Bangalore,Lunch,57,Credit Card,Chinese Wok,30,3
109876,22,Biryani,427,Salem,Late Night,35,Cash on Delivery,Local Kitchen,20,5
109877,21,Biryani,561,Madurai,Breakfast,41,Credit Card,Burger King,20,4
109878,31,Fast Food,374,Madurai,Dinner,26,UPI,Hotel Aryaas,0,3
109879,42,South Indian,404,Coimbatore,Dinner,25,Cash on Delivery,Local Kitchen,0,5
109880,35,Biryani,601,Chennai,Late Night,21,Cash on Delivery,KFC,20,3
109881,32,North Indian,273,Madurai,Lunch,35,Credit Card,Saravana Bhavan,75,4
109882,36,Pizza,426,Salem,Dinner,52,Cash on Delivery,Burger King,75,4
109883,31,Chinese,151,Coimbatore,Lunch,40,UPI,KFC,100,3
109884,55,Biryani,766,Salem,Evening,36,Credit Card,Anjappar,0,4
109885,20,South Indian,444,Chennai,Dinner,30,UPI,Local Kitchen,75,5
109886,40,South Indian,355,Coimbatore,Lunch,29,Cash on Delivery,Chinese Wok,20,4
109887,51,North Indian,603,Chennai,Lunch,26,Wallet,A2B,30,4
109888,45,Chinese,494,Coimbatore,Lunch,27,Wallet,Anjappar,30,4
109889,26,South Indian,324,Madurai,Breakfast,39,Credit Card,Local Kitchen,0,5
109890,29,Pizza,625,Coimbatore,Lunch,58,Credit Card,Hotel Aryaas,0,5
109891,41,Biryani,557,Trichy,Dinner,43,Cash on Delivery,Dominos,0,4
109892,22,Biryani,616,Bangalore,Breakfast,29,Debit Card,SS Hyderabad Biryani,20,5
109893,45,Chinese,421,Coimbatore,Dinner,26,UPI,Dominos,20,5
109894,41,Biryani,557,Madurai,Dinner,26,UPI,Chinese Wok,30,5
109895,42,Biryani,862,Chennai,Dinner,57,Wallet,Saravana Bhavan,20,4
109896,23,Chinese,764,Madurai,Dinner,43,UPI,Hotel Aryaas,30,5
109897,41,Fast Food,570,Chennai,Dinner,38,UPI,A2B,0,4
109898,40,Chinese,289,Coimbatore,Evening,45,Debit Card,Chinese Wok,100,4
109899,46,North Indian,543,Bangalore,Evening,41,Cash on Delivery,Saravana Bhavan,75,5
109900,20,Fast Food,671,Trichy,Late Night,15,UPI,Saravana Bhavan,0,4
109901,19,Biryani,654,Bangalore,Late Night,24,UPI,Saravana Bhavan,30,5
109902,31,Biryani,489,Bangalore,Dinner,46,Cash on Delivery,Hotel Aryaas,75,5
109903,25,Biryani,577,Madurai,Lunch,56,UPI,Dominos,20,4
109904,36,Biryani,303,Chennai,Evening,47,Cash on Delivery,A2B,20,4
109905,53,Biryani,501,Trichy,Evening,34,UPI,A2B,100,4
109906,31,South Indian,263,Coimbatore,Dinner,39,UPI,Hotel Aryaas,50,5
109907,47,Fast Food,652,Chennai,Dinner,25,Cash on Delivery,Saravana Bhavan,20,4
109908,18,Chinese,610,Coimbatore,Evening,38,UPI,Anjappar,30,5
109909,25,Pizza,590,Chennai,Dinner,37,UPI,Anjappar,75,5
109910,19,Pizza,521,Chennai,Breakfast,34,Cash on Delivery,Saravana Bhavan,20,5
109911,30,South Indian,741,Coimbatore,Dinner,41,Credit Card,Chinese Wok,0,5
109912,53,Biryani,434,Chennai,Lunch,36,UPI,Burger King,20,2
109913,23,Chinese,416,Bangalore,Dinner,15,Debit Card,Chinese Wok,75,5
109914,37,Fast Food,601,Bangalore,Lunch,28,Debit Card,Anjappar,30,5
109915,33,Biryani,291,Bangalore,Lunch,27,Cash on Delivery,A2B,30,5
109916,55,Pizza,499,Coimbatore,Breakfast,33,UPI,Anjappar,0,4
109917,24,Fast Food,418,Madurai,Late Night,37,Credit Card,Dominos,0,5
109918,27,Biryani,484,Chennai,Dinner,38,Debit Card,Local Kitchen,50,5
109919,19,Pizza,553,Bangalore,Evening,32,UPI,Burger King,50,5
109920,32,North Indian,394,Chennai,Dinner,33,Credit Card,Hotel Aryaas,0,3
109921,28,Fast Food,977,Bangalore,Dinner,15,UPI,Dominos,75,5
109922,49,Fast Food,548,Coimbatore,Dinner,45,UPI,Hotel Aryaas,30,4
109923,37,South Indian,464,Madurai,Evening,36,UPI,SS Hyderabad Biryani,0,5
109924,38,Chinese,817,Trichy,Breakfast,32,Credit Card,Chinese Wok,0,4
109925,35,Biryani,501,Madurai,Lunch,31,UPI,Dominos,0,5
109926,22,South Indian,329,Chennai,Lunch,19,Debit Card,Local Kitchen,20,4
109927,33,North Indian,517,Chennai,Dinner,54,UPI,Dominos,75,4
109928,60,Fast Food,323,Salem,Lunch,28,Debit Card,Hotel Aryaas,20,4
109929,46,North Indian,381,Coimbatore,Evening,18,UPI,Local Kitchen,50,4
109930,51,North Indian,391,Salem,Evening,32,UPI,SS Hyderabad Biryani,0,5
109931,45,Fast Food,264,Coimbatore,Lunch,34,Debit Card,KFC,0,5
109932,23,Chinese,495,Salem,Late Night,45,UPI,Hotel Aryaas,20,4
109933,27,Fast Food,391,Salem,Late Night,33,Debit Card,Anjappar,0,5
109934,18,Chinese,538,Bangalore,Breakfast,31,Wallet,KFC,0,4
109935,29,Pizza,273,Chennai,Dinner,26,UPI,A2B,20,4
109936,23,Fast Food,464,Coimbatore,Evening,19,UPI,Local Kitchen,0,5
109937,33,Chinese,357,Salem,Dinner,21,Credit Card,KFC,75,4
109938,40,Pizza,450,Trichy,Lunch,40,Cash on Delivery,Hotel Aryaas,30,5
109939,50,Fast Food,300,Chennai,Lunch,39,Debit Card,Hotel Aryaas,20,4
109940,43,Biryani,521,Coimbatore,Dinner,44,Debit Card,A2B,20,5
109941,55,Biryani,479,Trichy,Dinner,32,Debit Card,Hotel Aryaas,0,5
109942,20,South Indian,482,Bangalore,Evening,49,Cash on Delivery,A2B,75,3
109943,18,North Indian,350,Trichy,Dinner,25,UPI,Local Kitchen,50,4
109944,39,Pizza,315,Trichy,Dinner,30,Credit Card,A2B,50,4
109945,29,South Indian,592,Trichy,Lunch,33,Cash on Delivery,SS Hyderabad Biryani,0,4
109946,28,South Indian,286,Chennai,Lunch,33,Debit Card,SS Hyderabad Biryani,0,5
109947,30,Fast Food,758,Chennai,Lunch,26,UPI,Saravana Bhavan,0,5
109948,28,Biryani,828,Chennai,Dinner,24,Cash on Delivery,Chinese Wok,30,4
109949,34,South Indian,417,Salem,Late Night,15,UPI,Burger King,30,5
109950,32,South Indian,601,Coimbatore,Dinner,50,UPI,Anjappar,100,4
109951,34,South Indian,460,Chennai,Dinner,34,UPI,A2B,30,4
109952,40,North Indian,462,Coimbatore,Dinner,30,Cash on Delivery,Saravana Bhavan,20,5
109953,31,South Indian,531,Coimbatore,Lunch,26,UPI,Anjappar,50,4
109954,28,South Indian,763,Trichy,Lunch,35,Wallet,KFC,30,5
109955,25,Biryani,341,Madurai,Evening,32,UPI,Burger King,0,4
109956,30,North Indian,592,Madurai,Dinner,51,Debit Card,Saravana Bhavan,0,4
109957,42,Pizza,511,Chennai,Dinner,29,UPI,Anjappar,50,4
109958,43,Pizza,418,Salem,Lunch,31,Credit Card,Saravana Bhavan,0,5
109959,40,Fast Food,360,Chennai,Evening,42,UPI,Dominos,75,5
109960,27,South Indian,401,Bangalore,Dinner,41,Cash on Delivery,Hotel Aryaas,75,4
109961,37,South Indian,302,Chennai,Breakfast,22,UPI,KFC,0,5
109962,36,Biryani,325,Chennai,Evening,39,Debit Card,A2B,30,5
109963,34,Chinese,200,Chennai,Lunch,46,Cash on Delivery,Saravana Bhavan,20,4
109964,35,North Indian,723,Bangalore,Dinner,48,UPI,Burger King,30,3
109965,34,Biryani,310,Bangalore,Dinner,22,Credit Card,Dominos,30,5
109966,36,Biryani,419,Chennai,Lunch,34,UPI,Dominos,0,5
109967,41,Chinese,622,Coimbatore,Dinner,23,UPI,Burger King,75,5
109968,23,Fast Food,265,Trichy,Lunch,43,Credit Card,Hotel Aryaas,20,3
109969,43,Chinese,265,Chennai,Lunch,36,UPI,SS Hyderabad Biryani,0,4
109970,25,Chinese,357,Chennai,Evening,46,Credit Card,Local Kitchen,0,4
109971,21,Fast Food,449,Coimbatore,Dinner,39,UPI,Chinese Wok,100,5
109972,58,Pizza,404,Trichy,Breakfast,25,UPI,A2B,50,5
109973,57,South Indian,1190,Chennai,Lunch,35,Credit Card,A2B,30,4
109974,21,Pizza,427,Salem,Dinner,27,Credit Card,SS Hyderabad Biryani,75,5
109975,33,Pizza,495,Coimbatore,Evening,23,UPI,KFC,30,5
109976,26,Pizza,392,Coimbatore,Breakfast,29,Credit Card,Saravana Bhavan,50,4
109977,34,Biryani,398,Chennai,Lunch,36,Debit Card,A2B,100,4
109978,46,Fast Food,366,Madurai,Dinner,24,Debit Card,Burger King,50,5
109979,56,Biryani,893,Chennai,Late Night,35,Cash on Delivery,SS Hyderabad Biryani,0,4
109980,38,South Indian,708,Bangalore,Breakfast,21,Cash on Delivery,KFC,100,5
109981,30,Pizza,214,Chennai,Dinner,15,Credit Card,Chinese Wok,0,4
109982,37,South Indian,713,Coimbatore,Lunch,52,Credit Card,A2B,100,4
109983,29,Pizza,386,Trichy,Dinner,30,UPI,Anjappar,100,4
109984,53,Fast Food,569,Madurai,Breakfast,32,UPI,Local Kitchen,0,4
109985,49,Fast Food,256,Chennai,Breakfast,30,Credit Card,A2B,0,4
109986,36,North Indian,313,Bangalore,Dinner,39,Wallet,Chinese Wok,75,5
109987,29,South Indian,919,Bangalore,Breakfast,36,UPI,Saravana Bhavan,0,4
109988,29,Pizza,513,Chennai,Lunch,43,UPI,Saravana Bhavan,75,4
109989,19,Fast Food,206,Coimbatore,Late Night,37,UPI,KFC,20,4
109990,45,North Indian,1149,Chennai,Late Night,34,UPI,Chinese Wok,0,5
109991,33,South Indian,390,Coimbatore,Lunch,44,Credit Card,Anjappar,30,4
109992,29,Chinese,512,Madurai,Dinner,30,UPI,A2B,20,5
109993,33,Biryani,499,Chennai,Dinner,33,Wallet,Anjappar,0,5
109994,45,South Indian,650,Chennai,Evening,31,Cash on Delivery,Hotel Aryaas,30,5
109995,24,North Indian,354,Chennai,Late Night,48,UPI,A2B,0,4
109996,48,Pizza,389,Salem,Dinner,37,UPI,Local Kitchen,20,5
109997,52,Biryani,871,Madurai,Dinner,35,Wallet,Chinese Wok,30,5
109998,56,Fast Food,487,Chennai,Lunch,15,Cash on Delivery,Burger King,50,5
109999,31,South Indian,365,Coimbatore,Evening,38,Wallet,Dominos,30,5
110000,27,Biryani,413,Chennai,Evening,41,UPI,Local Kitchen,0,4
